redis,redis-rb,683,Adding support for the ZLEXCOUNT command on sorted set.,,,lscspirit,1433246,https://avatars3.githubusercontent.com/u/1433246?v=3
redis,redis-rb,678,SSL params: allow skipping hostname verification ,,,zerobearing2,18574,https://avatars0.githubusercontent.com/u/18574?v=3
redis,redis-rb,677,add note to CHANGELOG about Ruby 2.4 deprecation warnings,2017-02-07T00:14:38Z,,georgemillo,2656485,https://avatars0.githubusercontent.com/u/2656485?v=3
redis,redis-rb,676,CI against MRI 2.4.0,,,koic,13203,https://avatars0.githubusercontent.com/u/13203?v=3
redis,redis-rb,673,Add Redis::Distributed#mget,,,tompave,2141406,https://avatars2.githubusercontent.com/u/2141406?v=3
redis,redis-rb,665,Adding improved logging (hopefully),2017-01-04T19:26:33Z,,GeorgeNagel,3520880,https://avatars1.githubusercontent.com/u/3520880?v=3
redis,redis-rb,664,"Create alias for client, fixes #654",2017-02-06T17:05:37Z,,mperham,2911,https://avatars1.githubusercontent.com/u/2911?v=3
redis,redis-rb,663,Allow master name to be set,2016-12-30T18:24:47Z,,bschaeffer,74099,https://avatars3.githubusercontent.com/u/74099?v=3
redis,redis-rb,662,Allow master name to be set,2016-12-30T18:23:42Z,,bschaeffer,74099,https://avatars3.githubusercontent.com/u/74099?v=3
redis,redis-rb,661,added REPLACE modifier for restore command,,,npepinpe,43373,https://avatars3.githubusercontent.com/u/43373?v=3
redis,redis-rb,660,Avoid Fixnum deprecation warning on Ruby trunk,2016-12-20T12:40:03Z,2016-12-20T12:40:03Z,utilum,6261109,https://avatars3.githubusercontent.com/u/6261109?v=3
redis,redis-rb,658,"Add support for EAGAINWait{Readable, Writable}",2016-12-02T16:46:12Z,,igorwwwwwwwwwwwwwwwwwwww,11158255,https://avatars2.githubusercontent.com/u/11158255?v=3
redis,redis-rb,657,Wrap exceptions for missing socket with CannotConnectError,,,sallustfire,565618,https://avatars0.githubusercontent.com/u/565618?v=3
redis,redis-rb,653,4.0,,,djanowski,2268,https://avatars2.githubusercontent.com/u/2268?v=3
redis,redis-rb,649,Fix #_write_to_socket in connection,2017-01-23T17:09:05Z,2017-01-23T17:09:05Z,quixoten,63675,https://avatars2.githubusercontent.com/u/63675?v=3
redis,redis-rb,647,Add optional message argument to ping,,,matrinox,4261980,https://avatars1.githubusercontent.com/u/4261980?v=3
redis,redis-rb,646,Support for `count` arg on `spop`,2016-11-01T21:47:07Z,,theorygeek,7850196,https://avatars0.githubusercontent.com/u/7850196?v=3
redis,redis-rb,644,handle IO::WaitWritable,2016-11-07T20:17:45Z,2016-11-07T20:17:45Z,nerdrew,10101,https://avatars2.githubusercontent.com/u/10101?v=3
redis,redis-rb,640,Add new master_name param for sentinel. Fixes #531,,,BookOfGreg,637868,https://avatars0.githubusercontent.com/u/637868?v=3
redis,redis-rb,636,"Retry ""write would block"" for SSL connections",2016-11-07T20:25:35Z,,Connorhd,92050,https://avatars0.githubusercontent.com/u/92050?v=3
redis,redis-rb,632,Adds IO::WaitWritable to nonblocking exceptions to support use with SSL,2016-11-07T20:18:07Z,,ryancalhoun,3706751,https://avatars2.githubusercontent.com/u/3706751?v=3
redis,redis-rb,631,handling SocketError,,,hokuts,1435847,https://avatars2.githubusercontent.com/u/1435847?v=3
redis,redis-rb,630,Allow master_name to be specified,2016-08-05T00:57:40Z,,martin308,475364,https://avatars3.githubusercontent.com/u/475364?v=3
redis,redis-rb,628,Add spop count support,2016-11-01T21:53:40Z,2016-11-01T21:53:40Z,ceritium,16633,https://avatars1.githubusercontent.com/u/16633?v=3
redis,redis-rb,627,allow for configuration keys with nil values to fall back onto defaults,,,cmw,13961,https://avatars3.githubusercontent.com/u/13961?v=3
redis,redis-rb,625,Add support for Redis Multi Transaction. Fix #542,,,bernardogalindo,208863,https://avatars2.githubusercontent.com/u/208863?v=3
redis,redis-rb,623,Keeps default url even with empty url string,,,diogobenica,1922115,https://avatars0.githubusercontent.com/u/1922115?v=3
redis,redis-rb,622,Custom reconnect_attempts to Fixnum,,,otoyo,1063435,https://avatars0.githubusercontent.com/u/1063435?v=3
redis,redis-rb,621,adding spop count support,,,arashbm,699404,https://avatars0.githubusercontent.com/u/699404?v=3
redis,redis-rb,619,removed redundant operations on binary search,,,cjeon,19306825,https://avatars1.githubusercontent.com/u/19306825?v=3
redis,redis-rb,618,Fix RubyInline binary search compilation,,,flori,15918,https://avatars1.githubusercontent.com/u/15918?v=3
redis,redis-rb,617,Add count param to spop interface,,,zebogen,8077803,https://avatars2.githubusercontent.com/u/8077803?v=3
redis,redis-rb,616,Pin em-synchrony version,2016-07-11T13:39:19Z,,badboy,2129,https://avatars1.githubusercontent.com/u/2129?v=3
redis,redis-rb,615,Write nonblock,2016-07-16T15:51:08Z,2016-07-16T15:51:08Z,badboy,2129,https://avatars1.githubusercontent.com/u/2129?v=3
redis,redis-rb,609,Add Hash examples to Readme,2016-09-21T02:01:18Z,,fpaula,56390,https://avatars0.githubusercontent.com/u/56390?v=3
redis,redis-rb,608,Typo.,2016-05-04T20:28:57Z,2016-05-04T20:28:57Z,tgxworld,4335742,https://avatars0.githubusercontent.com/u/4335742?v=3
redis,redis-rb,606,3.3 hanging tests,2016-04-11T15:46:18Z,,badboy,2129,https://avatars1.githubusercontent.com/u/2129?v=3
redis,redis-rb,603,Ensure connections are closed when client is GC'd,,,badboy,2129,https://avatars1.githubusercontent.com/u/2129?v=3
redis,redis-rb,601,Pin rake to v10.* to work with Ruby 1.8.7,2016-03-30T17:00:22Z,2016-03-30T17:00:22Z,badboy,2129,https://avatars1.githubusercontent.com/u/2129?v=3
redis,redis-rb,600,fix redis connection option example,2016-03-17T14:22:49Z,,passion8,673546,https://avatars0.githubusercontent.com/u/673546?v=3
redis,redis-rb,599,Accept sentinel options even with string keys,,,lucaong,225441,https://avatars2.githubusercontent.com/u/225441?v=3
redis,redis-rb,596,Test on jruby head,2016-03-05T17:12:31Z,2016-03-05T17:12:31Z,badboy,2129,https://avatars1.githubusercontent.com/u/2129?v=3
redis,redis-rb,595,Add Redis#in_multi?,2016-03-10T00:18:03Z,,oggy,11112,https://avatars1.githubusercontent.com/u/11112?v=3
redis,redis-rb,594,Test on Ruby 2.3,2016-03-04T12:17:18Z,2016-03-04T12:17:18Z,badboy,2129,https://avatars1.githubusercontent.com/u/2129?v=3
redis,redis-rb,593,Lock test-unit to 3.1.5. Later versions break the build on 1.8,2016-03-04T08:44:31Z,2016-03-04T08:44:30Z,cheald,9830,https://avatars0.githubusercontent.com/u/9830?v=3
redis,redis-rb,591,Add option to use a different Connector.,,,tgxworld,4335742,https://avatars0.githubusercontent.com/u/4335742?v=3
redis,redis-rb,590,Change for frozen string literal,,,twalpole,16556,https://avatars1.githubusercontent.com/u/16556?v=3
redis,redis-rb,588,Add the :nearest_slave role for Sentinel mode,,,cheald,9830,https://avatars0.githubusercontent.com/u/9830?v=3
redis,redis-rb,586,Updated README.md to indicate how to use renamed commands,,,danlo,525181,https://avatars3.githubusercontent.com/u/525181?v=3
redis,redis-rb,585,Always return integer from ZADD,,,pik,10236920,https://avatars3.githubusercontent.com/u/10236920?v=3
redis,redis-rb,580,Fixed variable name in the example usage,2016-03-30T14:03:06Z,2016-03-30T14:03:06Z,digininja,117081,https://avatars1.githubusercontent.com/u/117081?v=3
redis,redis-rb,579,Fix CircleCI build inability to connect to Redis,2016-03-03T12:01:47Z,,RochesterinNYC,1504464,https://avatars0.githubusercontent.com/u/1504464?v=3
redis,redis-rb,577,Fix various test suite warnings relating to variable ambiguity and unused variables,2016-03-29T09:37:25Z,2016-03-29T09:37:25Z,RochesterinNYC,1504464,https://avatars0.githubusercontent.com/u/1504464?v=3
redis,redis-rb,576,Create Redis::Distributed#remove_node,2016-12-06T20:54:12Z,,RochesterinNYC,1504464,https://avatars0.githubusercontent.com/u/1504464?v=3
redis,redis-rb,572,Distributed sscan and sscan_each,,,jhollinger,81826,https://avatars3.githubusercontent.com/u/81826?v=3
redis,redis-rb,571,Symbolize sentinels option to align with other options,,,fjyaniez,28378,https://avatars2.githubusercontent.com/u/28378?v=3
redis,redis-rb,569,Reduce `Proc` object allocations.,2016-04-18T03:50:36Z,2016-04-18T03:50:36Z,marshall-lee,3194530,https://avatars3.githubusercontent.com/u/3194530?v=3
redis,redis-rb,568,Explicitly raise InvalidResponse if commands and responses counts don't match,,,byroot,44640,https://avatars3.githubusercontent.com/u/44640?v=3
redis,redis-rb,567,Remove the deep dup in Client#options,,,byroot,44640,https://avatars3.githubusercontent.com/u/44640?v=3
redis,redis-rb,562,Addrinuse fix,2015-11-06T18:44:36Z,2015-11-06T18:44:36Z,badboy,2129,https://avatars1.githubusercontent.com/u/2129?v=3
redis,redis-rb,561,3.3,2016-04-18T03:50:35Z,2016-04-18T03:50:35Z,djanowski,2268,https://avatars2.githubusercontent.com/u/2268?v=3
redis,redis-rb,560,Use easily representable floats to prevent formatting issues,2015-11-05T11:32:41Z,,badboy,2129,https://avatars1.githubusercontent.com/u/2129?v=3
redis,redis-rb,559,Support sentinels as a string,2016-05-18T20:47:27Z,,quixoten,63675,https://avatars2.githubusercontent.com/u/63675?v=3
redis,redis-rb,556,Add support for running sentinel API commands,2015-11-10T13:10:36Z,2015-11-10T13:10:35Z,dsolsona,876945,https://avatars3.githubusercontent.com/u/876945?v=3
redis,redis-rb,554,"Support mget, mapped_mget, mset and mapped_mset commands for distribuâ€¦",2016-11-13T16:00:57Z,,xiewenwei,778284,https://avatars1.githubusercontent.com/u/778284?v=3
redis,redis-rb,547,"Add support for ZADD options (NX, XX, CH, INCR)",2015-11-05T16:00:27Z,2015-11-05T16:00:27Z,jcmfernandes,1144866,https://avatars2.githubusercontent.com/u/1144866?v=3
redis,redis-rb,544,"Fix Redis#{ttl,pttl} doc when key doesn't exist",2015-11-10T12:42:37Z,2015-11-10T12:42:37Z,rranelli,4231743,https://avatars0.githubusercontent.com/u/4231743?v=3
redis,redis-rb,541,Link to redis:// scheme IANA registration in docs,2015-10-11T23:32:47Z,2015-10-11T23:32:47Z,cvrebert,419884,https://avatars0.githubusercontent.com/u/419884?v=3
redis,redis-rb,540,docs: add installation step.,2015-11-10T13:13:25Z,2015-11-10T13:13:25Z,duykhoa,2004218,https://avatars2.githubusercontent.com/u/2004218?v=3
redis,redis-rb,534,"Fix error ""No sentinels available"" when the master name is different from the host name",,,nguyenductung,7371104,https://avatars3.githubusercontent.com/u/7371104?v=3
redis,redis-rb,529,Check redis connection without Redis::CannotConnectError,2015-11-13T17:15:33Z,,letz,1807341,https://avatars2.githubusercontent.com/u/1807341?v=3
redis,redis-rb,528,Rename timeout option to read_timeout,2016-04-18T03:50:35Z,2016-04-18T03:50:35Z,mperham,2911,https://avatars1.githubusercontent.com/u/2911?v=3
redis,redis-rb,526,"Fix typo in README.md, ""Contributors"" section",2015-04-16T14:24:08Z,2015-04-16T14:24:08Z,ricordisamoa,4588496,https://avatars0.githubusercontent.com/u/4588496?v=3
redis,redis-rb,521,Support for URLs/Sentinels with underscores in name,2015-11-10T13:29:09Z,,msaffitz,239137,https://avatars1.githubusercontent.com/u/239137?v=3
redis,redis-rb,519,Test on new Ruby 2 versions,2015-11-10T13:23:02Z,2015-11-10T13:23:02Z,nicolasleger,570901,https://avatars2.githubusercontent.com/u/570901?v=3
redis,redis-rb,517,Adding warning about redis-sentinel gem on README,2015-11-11T13:25:26Z,,Draiken,287889,https://avatars3.githubusercontent.com/u/287889?v=3
redis,redis-rb,515,Accept string keys in client config (sentinel),,,maximerety,58582,https://avatars1.githubusercontent.com/u/58582?v=3
redis,redis-rb,514,Set client name on connect based on user-specified id,2015-11-11T13:27:57Z,2015-11-11T13:27:57Z,badboy,2129,https://avatars1.githubusercontent.com/u/2129?v=3
redis,redis-rb,513,Add Rubinius to Build Matrix with Allowed Failure,2015-11-10T13:32:32Z,2015-11-10T13:32:32Z,bjfish,110023,https://avatars2.githubusercontent.com/u/110023?v=3
redis,redis-rb,512,Prevent Client#options from crashing when it contains objects that can't be dumped,2015-11-16T18:53:38Z,,byroot,44640,https://avatars3.githubusercontent.com/u/44640?v=3
redis,redis-rb,509,Fix possible race condition with pipelines,2015-11-15T22:55:46Z,,byroot,44640,https://avatars3.githubusercontent.com/u/44640?v=3
redis,redis-rb,508,Force a disconnect after fork,2015-02-12T19:36:00Z,2015-02-12T19:36:00Z,badboy,2129,https://avatars1.githubusercontent.com/u/2129?v=3
redis,redis-rb,506,Add `Redis#disconnect!` as a public-API way of disconnecting.,2015-02-11T17:05:35Z,2015-02-11T17:05:35Z,djanowski,2268,https://avatars2.githubusercontent.com/u/2268?v=3
redis,redis-rb,505,Sentinel tests + Hiredis fix,2015-02-11T18:48:37Z,2015-02-11T18:48:37Z,djanowski,2268,https://avatars2.githubusercontent.com/u/2268?v=3
redis,redis-rb,504,Fix spelling error in README,2015-02-10T01:25:22Z,2015-02-10T01:25:22Z,amZotti,5640348,https://avatars3.githubusercontent.com/u/5640348?v=3
redis,redis-rb,502,Fix inconsistent connections when using Timeout under MRI 2.1+.,2015-01-29T02:17:36Z,2015-01-29T02:17:36Z,djanowski,2268,https://avatars2.githubusercontent.com/u/2268?v=3
redis,redis-rb,500,fix comments,2015-01-27T14:08:00Z,2015-01-27T14:08:00Z,i2bskn,1556622,https://avatars1.githubusercontent.com/u/1556622?v=3
redis,redis-rb,498,Check exception message explicitely,2015-01-16T13:54:17Z,2015-01-16T13:54:17Z,badboy,2129,https://avatars1.githubusercontent.com/u/2129?v=3
redis,redis-rb,497,Check for either ziplist or quicklist,2015-01-16T13:48:08Z,2015-01-16T13:48:08Z,badboy,2129,https://avatars1.githubusercontent.com/u/2129?v=3
redis,redis-rb,496,Preliminary native SSL support,2016-04-18T03:50:35Z,2016-04-18T03:50:35Z,tarcieri,797,https://avatars1.githubusercontent.com/u/797?v=3
redis,redis-rb,494,Sentinel: Be more resilient when trying to connect to sentinels,2015-02-11T18:53:32Z,2015-02-11T18:53:32Z,zmack,1037,https://avatars2.githubusercontent.com/u/1037?v=3
redis,redis-rb,492,Add limit options support to zrevrangebylex,2015-01-27T14:56:36Z,2015-01-27T14:56:36Z,caulfield,906583,https://avatars3.githubusercontent.com/u/906583?v=3
redis,redis-rb,491,Show the invalid URL in the exception message if host is not present,2015-01-27T15:00:52Z,2015-01-27T15:00:52Z,prathamesh-sonpatki,621238,https://avatars1.githubusercontent.com/u/621238?v=3
redis,redis-rb,489,Default role to master,2015-01-27T15:12:02Z,2015-01-27T15:12:02Z,zmack,1037,https://avatars2.githubusercontent.com/u/1037?v=3
redis,redis-rb,485,don't try to connect when calling quit on disconnected client,2015-02-11T18:54:06Z,,tcrayford,55975,https://avatars1.githubusercontent.com/u/55975?v=3
redis,redis-rb,484,Use pure ruby to send a TCP message,2014-12-10T13:28:12Z,2014-12-10T13:28:12Z,badboy,2129,https://avatars1.githubusercontent.com/u/2129?v=3
redis,redis-rb,483,Use the new build env on Travis,2014-12-09T17:17:21Z,2014-12-09T17:17:21Z,joshk,8701,https://avatars1.githubusercontent.com/u/8701?v=3
redis,redis-rb,482,Write timeout,2016-04-18T03:52:43Z,,beedub,102646,https://avatars3.githubusercontent.com/u/102646?v=3
redis,redis-rb,481,Parse query string as options,,,beedub,102646,https://avatars3.githubusercontent.com/u/102646?v=3
redis,redis-rb,478,Add mget/set to Distributed,2014-12-11T02:48:09Z,,Adrian2112,221702,https://avatars3.githubusercontent.com/u/221702?v=3
redis,redis-rb,476,Rescue from all connection-related errors when trying to reconnect (also...,2014-12-11T02:49:42Z,2014-12-11T02:49:42Z,johvet,1147149,https://avatars0.githubusercontent.com/u/1147149?v=3
redis,redis-rb,474,Sentinel support,2014-12-11T02:24:43Z,2014-12-11T02:24:43Z,djanowski,2268,https://avatars2.githubusercontent.com/u/2268?v=3
redis,redis-rb,473,Allow multiple arguments for `pfcount`,2014-10-29T13:18:50Z,2014-10-29T13:18:50Z,badboy,2129,https://avatars1.githubusercontent.com/u/2129?v=3
redis,redis-rb,472,Linux cancel blocking read issue perf2,2015-01-27T15:39:09Z,,ThomasAlxDmy,1489947,https://avatars0.githubusercontent.com/u/1489947?v=3
redis,redis-rb,467,linux-cancel-blocking-read-issue-on-disconnect,2014-10-30T00:46:42Z,,ThomasAlxDmy,1489947,https://avatars0.githubusercontent.com/u/1489947?v=3
redis,redis-rb,464,Add :connect_timeout option,2014-12-11T02:59:14Z,2014-12-11T02:59:14Z,csfrancis,4303686,https://avatars1.githubusercontent.com/u/4303686?v=3
redis,redis-rb,463,Add Errno::EHOSTUNREACH to possible CannotConnectError failures,2014-12-11T03:12:10Z,2014-12-11T03:12:10Z,reist,506787,https://avatars0.githubusercontent.com/u/506787?v=3
redis,redis-rb,462,Reject large keys if asked to,2014-08-17T22:59:03Z,,camilo,7748,https://avatars2.githubusercontent.com/u/7748?v=3
redis,redis-rb,459,Redis#mapped_mget should work with arrays,2014-12-11T03:18:53Z,,pstengel,101141,https://avatars2.githubusercontent.com/u/101141?v=3
redis,redis-rb,458,Remove .order file since it is not needed.,2014-08-02T04:36:48Z,2014-08-02T04:36:48Z,allomov,122246,https://avatars2.githubusercontent.com/u/122246?v=3
redis,redis-rb,457,Add pubsub function,2014-12-11T03:21:07Z,2014-12-11T03:21:07Z,allomov,122246,https://avatars2.githubusercontent.com/u/122246?v=3
redis,redis-rb,456,Add support for limit in zrangebylex,2014-08-14T19:34:51Z,2014-08-14T19:34:51Z,ayrton,440926,https://avatars2.githubusercontent.com/u/440926?v=3
redis,redis-rb,455,use random port for tests,2014-08-01T10:12:35Z,2014-08-01T10:12:35Z,hggh,203964,https://avatars0.githubusercontent.com/u/203964?v=3
redis,redis-rb,454,Return 0 when attemping to delete an empty array,2014-12-11T03:28:39Z,,justincampbell,246978,https://avatars0.githubusercontent.com/u/246978?v=3
redis,redis-rb,453,enable to set options by query_string,,,masarakki,26023,https://avatars3.githubusercontent.com/u/26023?v=3
redis,redis-rb,452,Sentinel support for Redis-rb,2014-10-29T17:16:03Z,,antirez,65632,https://avatars3.githubusercontent.com/u/65632?v=3
redis,redis-rb,451,add a quick note about error handling to the README,2015-01-27T15:41:16Z,2015-01-27T15:41:16Z,edebill,76692,https://avatars1.githubusercontent.com/u/76692?v=3
redis,redis-rb,448,Update docs badge in README,2014-06-17T17:42:36Z,,rrrene,311914,https://avatars0.githubusercontent.com/u/311914?v=3
redis,redis-rb,446,doc: mapped_hmset doesn't accept empty hashes,2014-12-11T03:30:53Z,2014-12-11T03:30:53Z,yaauie,210924,https://avatars2.githubusercontent.com/u/210924?v=3
redis,redis-rb,445,tests: switch to minitest,2014-06-11T01:23:13Z,,ktdreyer,620295,https://avatars0.githubusercontent.com/u/620295?v=3
redis,redis-rb,444,Add myself to authors,2014-06-11T01:24:50Z,,yaauie,210924,https://avatars2.githubusercontent.com/u/210924?v=3
redis,redis-rb,443,test-config: dynamically build test.conf to provide absolute paths,2014-12-11T04:02:31Z,2014-12-11T04:02:30Z,yaauie,210924,https://avatars2.githubusercontent.com/u/210924?v=3
redis,redis-rb,441,Update docs badge in README,2014-12-11T04:05:35Z,2014-12-11T04:05:35Z,rrrene,311914,https://avatars0.githubusercontent.com/u/311914?v=3
redis,redis-rb,433,Backport INFO fix to 2.x,2015-11-15T23:02:33Z,,yaauie,210924,https://avatars2.githubusercontent.com/u/210924?v=3
redis,redis-rb,432,Add HyperLogLog commands (#431),2014-06-03T06:39:59Z,2014-06-03T06:39:59Z,maxd,27208,https://avatars2.githubusercontent.com/u/27208?v=3
redis,redis-rb,430,don't reraise and destroy our exception,2014-05-01T14:38:18Z,,kitchen,178765,https://avatars1.githubusercontent.com/u/178765?v=3
redis,redis-rb,428,Sanitize debug logging,2014-06-03T06:38:30Z,,orenmazor,384279,https://avatars1.githubusercontent.com/u/384279?v=3
redis,redis-rb,419,add SSL support,2014-03-28T13:19:57Z,,oranagra,7045099,https://avatars2.githubusercontent.com/u/7045099?v=3
redis,redis-rb,416,Fix mapped_hmset with empty hash,2014-06-05T07:37:10Z,,jbochi,292712,https://avatars0.githubusercontent.com/u/292712?v=3
redis,redis-rb,414,client: make Redis::Client#ensure_connected handle fork reconnects,2014-04-02T15:08:10Z,2014-04-02T15:08:10Z,yaauie,210924,https://avatars2.githubusercontent.com/u/210924?v=3
redis,redis-rb,412,Implement bitpos command.,2014-05-07T17:44:29Z,2014-05-07T17:44:29Z,badboy,2129,https://avatars1.githubusercontent.com/u/2129?v=3
redis,redis-rb,411,Add docs badge to README,2014-05-07T18:00:06Z,2014-05-07T18:00:06Z,rrrene,311914,https://avatars0.githubusercontent.com/u/311914?v=3
redis,redis-rb,409,Check inherited socket,2014-06-03T23:01:21Z,,ctrochalakis,1865,https://avatars2.githubusercontent.com/u/1865?v=3
redis,redis-rb,406,Run CI on 2.1.0,2014-02-04T20:44:30Z,2014-02-04T20:44:30Z,fukayatsu,1041857,https://avatars2.githubusercontent.com/u/1041857?v=3
redis,redis-rb,405,add block handling to mapped_hmget,2014-06-03T06:59:55Z,,ingoclaro,1280277,https://avatars0.githubusercontent.com/u/1280277?v=3
redis,redis-rb,400,Add bitop_with_slices,2014-01-16T06:00:26Z,,kerkero,2822450,https://avatars2.githubusercontent.com/u/2822450?v=3
redis,redis-rb,398,"Include affected command in ""operation not permitted"" error messages",2015-02-11T17:07:05Z,,wyattisimo,625546,https://avatars0.githubusercontent.com/u/625546?v=3
redis,redis-rb,396,Add ability to duplicate connections.,2014-01-20T21:17:22Z,2014-01-20T21:17:22Z,djanowski,2268,https://avatars2.githubusercontent.com/u/2268?v=3
redis,redis-rb,394,Don't hardcode Ruby connection to IPv4,2014-01-20T23:53:41Z,2014-01-20T23:53:41Z,pietern,9845,https://avatars0.githubusercontent.com/u/9845?v=3
redis,redis-rb,391,add another way to connect to redis server,2014-01-20T19:50:39Z,,achempion,1409852,https://avatars1.githubusercontent.com/u/1409852?v=3
redis,redis-rb,389,Solved the issue 364 via adding auto_reconnect option,2014-04-02T15:08:28Z,,NaN1488,2496204,https://avatars2.githubusercontent.com/u/2496204?v=3
redis,redis-rb,387,modify hgetall to also yield field and value,2013-11-21T17:05:20Z,,pmenglund,32618,https://avatars3.githubusercontent.com/u/32618?v=3
redis,redis-rb,386,Ability to access complete set of client options.,2013-11-16T22:26:20Z,2013-11-16T22:26:20Z,Napolskih,1475358,https://avatars0.githubusercontent.com/u/1475358?v=3
redis,redis-rb,384,add license to gemspec  for #369,2013-11-17T00:29:26Z,2013-11-17T00:29:26Z,jrobeson,56908,https://avatars3.githubusercontent.com/u/56908?v=3
redis,redis-rb,381,Improve return values for zscan and hscan,2013-11-04T18:31:43Z,2013-11-04T18:31:43Z,joshuaflanagan,81455,https://avatars3.githubusercontent.com/u/81455?v=3
redis,redis-rb,380,FIXBUILD: Test server configuration needs test/db directory,2013-11-02T01:16:00Z,,joshuaflanagan,81455,https://avatars3.githubusercontent.com/u/81455?v=3
redis,redis-rb,379,Expose SCAN command as an Enumerator,2013-11-05T14:18:37Z,,joshuaflanagan,81455,https://avatars3.githubusercontent.com/u/81455?v=3
redis,redis-rb,378,"Scan command, fixes tests and restores ruby<1.9 compatibility",2013-11-01T14:41:24Z,2013-11-01T14:41:23Z,badboy,2129,https://avatars1.githubusercontent.com/u/2129?v=3
redis,redis-rb,376,Implement SCAN/HSCAN/SSCAN/ZSCAN,2013-10-31T07:49:34Z,2013-10-31T07:49:34Z,badboy,2129,https://avatars1.githubusercontent.com/u/2129?v=3
redis,redis-rb,357,Unhandled Errno::EINVAL,2013-11-17T00:19:21Z,,dgalarza,105694,https://avatars0.githubusercontent.com/u/105694?v=3
redis,redis-rb,360,Unix Domain Sockets should use readpartial,2013-10-01T12:00:35Z,,aw,153401,https://avatars1.githubusercontent.com/u/153401?v=3
redis,redis-rb,356,Pipelined optional block,2013-11-25T18:36:04Z,,walkeriniraq,1904246,https://avatars3.githubusercontent.com/u/1904246?v=3
redis,redis-rb,354,Fix distributed db ring collision,2015-11-16T13:57:25Z,,axos88,1281218,https://avatars2.githubusercontent.com/u/1281218?v=3
redis,redis-rb,352,fix typo in the readme,2013-07-19T01:01:18Z,2013-07-19T01:01:18Z,mutley,517527,https://avatars2.githubusercontent.com/u/517527?v=3
redis,redis-rb,351,Update README to accurately reflect the Travis settings,2013-07-19T03:29:59Z,2013-07-19T03:29:59Z,crazymykl,234584,https://avatars0.githubusercontent.com/u/234584?v=3
redis,redis-rb,347,make number of retries in ensure_connected configurable,2014-06-05T04:48:22Z,,theflow,1552,https://avatars0.githubusercontent.com/u/1552?v=3
redis,redis-rb,346,Added Sentinel support to redis,2014-12-11T04:20:50Z,,vladshub,1196390,https://avatars3.githubusercontent.com/u/1196390?v=3
redis,redis-rb,343,"Added support for SET with EX, PX, NX, XX options.",2013-06-15T17:53:17Z,2013-06-15T17:53:17Z,benubois,133809,https://avatars2.githubusercontent.com/u/133809?v=3
redis,redis-rb,335,Allows using a custom HashRing in Redis::Distributed,2013-05-01T01:37:21Z,2013-05-01T01:37:21Z,nilsonsfj,35735,https://avatars0.githubusercontent.com/u/35735?v=3
redis,redis-rb,332,"Ensure #watch without a block returns ""OK""",2013-04-23T00:56:54Z,2013-04-23T00:56:54Z,ximus,48771,https://avatars2.githubusercontent.com/u/48771?v=3
redis,redis-rb,330,Make Futures identifiable,2013-04-02T13:53:06Z,2013-04-02T13:53:06Z,airhorns,158950,https://avatars0.githubusercontent.com/u/158950?v=3
redis,redis-rb,329,Added subscriptions with timeout,2016-04-18T03:53:17Z,,somebody32,25742,https://avatars3.githubusercontent.com/u/25742?v=3
redis,redis-rb,328,Sorting with multiple GETs fails to STORE,2013-03-24T18:38:27Z,2013-03-24T18:38:27Z,adammulligan,182921,https://avatars3.githubusercontent.com/u/182921?v=3
redis,redis-rb,321,Avoid Ruby 2.0 warnings when running tests,2013-02-18T14:16:53Z,2013-02-18T14:16:53Z,floere,3022,https://avatars2.githubusercontent.com/u/3022?v=3
redis,redis-rb,317,Add support for MIGRATE command,2013-06-16T17:59:54Z,,bitterb,2077708,https://avatars2.githubusercontent.com/u/2077708?v=3
redis,redis-rb,316,Call `#to_s` on value argument for a number of string commands,2013-02-07T04:49:07Z,2013-02-07T04:49:07Z,pietern,9845,https://avatars0.githubusercontent.com/u/9845?v=3
redis,redis-rb,313,Add support for CLIENT commands,,,bitterb,2077708,https://avatars2.githubusercontent.com/u/2077708?v=3
redis,redis-rb,309,select db in pipeline fixed,2013-06-16T19:51:59Z,,ukolovda,1921594,https://avatars1.githubusercontent.com/u/1921594?v=3
redis,redis-rb,307,Document how to LPUSH multiple values,2013-02-06T13:46:24Z,2013-02-06T13:46:23Z,mltsy,248385,https://avatars0.githubusercontent.com/u/248385?v=3
redis,redis-rb,306,Downgrade INFO string to ASCII,2013-02-07T04:53:13Z,,dvdplm,18515,https://avatars1.githubusercontent.com/u/18515?v=3
redis,redis-rb,301,Adds a method to silence logging.,2012-12-20T15:42:00Z,,ayrton,440926,https://avatars2.githubusercontent.com/u/440926?v=3
redis,redis-rb,299,Add optional count argument on srandmember call,2012-12-22T08:41:13Z,2012-12-22T08:41:13Z,lloydmeta,914805,https://avatars0.githubusercontent.com/u/914805?v=3
redis,redis-rb,295,Update README.md to include url connection example,2013-02-07T05:17:45Z,,kyledrake,28153,https://avatars1.githubusercontent.com/u/28153?v=3
redis,redis-rb,294,Fix for JRuby/UNIXSocket combination (#293),2012-11-18T22:51:12Z,2012-11-18T22:51:12Z,pietern,9845,https://avatars0.githubusercontent.com/u/9845?v=3
redis,redis-rb,292,except nil in redis status info.,2012-11-10T20:40:23Z,2012-11-10T20:40:23Z,hsbt,12301,https://avatars2.githubusercontent.com/u/12301?v=3
redis,redis-rb,290,HashRing iter_nodes is now able to visit all the nodes in the ring.,2012-11-05T05:20:59Z,2012-11-05T05:20:58Z,antirez,65632,https://avatars3.githubusercontent.com/u/65632?v=3
redis,redis-rb,289,Add supports for DUMP and RESTORE,2012-11-04T15:26:55Z,2012-11-04T15:26:55Z,bitterb,2077708,https://avatars2.githubusercontent.com/u/2077708?v=3
redis,redis-rb,288,Fix version comparison,2012-11-04T15:26:25Z,2012-11-04T15:26:25Z,bitterb,2077708,https://avatars2.githubusercontent.com/u/2077708?v=3
redis,redis-rb,286,Fix the output of a benchmark,2012-10-31T14:25:09Z,2012-10-31T14:25:09Z,bitterb,2077708,https://avatars2.githubusercontent.com/u/2077708?v=3
redis,redis-rb,285,Fix and update the method ordering in .order,2012-10-31T14:24:13Z,2012-10-31T14:24:13Z,bitterb,2077708,https://avatars2.githubusercontent.com/u/2077708?v=3
redis,redis-rb,284,Add supports for BITCOUNT and BITOP,2012-11-03T17:13:20Z,2012-11-03T17:13:20Z,bitterb,2077708,https://avatars2.githubusercontent.com/u/2077708?v=3
redis,redis-rb,281,Fix and test unescaping password in URL,2012-10-05T04:28:23Z,2012-10-05T04:28:23Z,pietern,9845,https://avatars0.githubusercontent.com/u/9845?v=3
redis,redis-rb,278,Update lib/redis.rb,2012-09-27T12:48:15Z,,fxn,3387,https://avatars1.githubusercontent.com/u/3387?v=3
redis,redis-rb,276,password could contain numerous special character that would break your URI,2012-10-05T04:28:37Z,,pmq20,13315,https://avatars1.githubusercontent.com/u/13315?v=3
redis,redis-rb,274,Sadd Command should return the number of elements present in a set,2012-09-07T12:56:10Z,,Radagaisus,550061,https://avatars2.githubusercontent.com/u/550061?v=3
redis,redis-rb,269,Handle InheritedError in Redis#quit,2012-08-14T19:36:48Z,,ches,13277,https://avatars0.githubusercontent.com/u/13277?v=3
redis,redis-rb,268,fix handling of infinite floats,2012-08-13T06:36:12Z,2012-08-13T06:36:12Z,slact,5745,https://avatars2.githubusercontent.com/u/5745?v=3
redis,redis-rb,266,Fix hash construction for info commandset,2012-08-11T22:21:46Z,2012-08-11T22:21:46Z,ryanlecompte,637158,https://avatars1.githubusercontent.com/u/637158?v=3
redis,redis-rb,265,Remove argument splats as much as possible,2012-08-11T21:58:59Z,2012-08-11T21:58:59Z,pietern,9845,https://avatars0.githubusercontent.com/u/9845?v=3
redis,redis-rb,263,README fix for synchrony example reference,2012-08-10T23:05:33Z,2012-08-10T23:05:33Z,ches,13277,https://avatars0.githubusercontent.com/u/13277?v=3
redis,redis-rb,262,Configurable TCP keepalives,2012-08-13T23:50:40Z,,normelton,30230,https://avatars3.githubusercontent.com/u/30230?v=3
redis,redis-rb,261,Minor cleanup in the `finish` path of a Multi block,2012-07-25T17:49:58Z,2012-07-25T17:49:58Z,pietern,9845,https://avatars0.githubusercontent.com/u/9845?v=3
redis,redis-rb,260,Use default when option is not specified or nil,2012-07-24T16:18:06Z,2012-07-24T16:18:06Z,pietern,9845,https://avatars0.githubusercontent.com/u/9845?v=3
redis,redis-rb,259,Allow string keys in option hash,2012-07-24T16:09:28Z,2012-07-24T16:09:28Z,pietern,9845,https://avatars0.githubusercontent.com/u/9845?v=3
redis,redis-rb,257,CommandError properly raised if EXEC fails.,2012-07-25T17:03:29Z,2012-07-25T17:03:28Z,matthewbennink,143241,https://avatars2.githubusercontent.com/u/143241?v=3
redis,redis-rb,256,Can use string keys in constructor,2012-07-24T16:06:53Z,,treeder,75826,https://avatars0.githubusercontent.com/u/75826?v=3
redis,redis-rb,252,Add `execute` method to Redis class to execute raw redis commands.,2012-07-10T19:19:32Z,,radiohead,804299,https://avatars2.githubusercontent.com/u/804299?v=3
redis,redis-rb,251,Support for individually configurable node instances in Redis::Distributed,2012-07-11T21:35:02Z,2012-07-11T21:35:02Z,esmarkowski,4501,https://avatars3.githubusercontent.com/u/4501?v=3
redis,redis-rb,248,EM Synchrony FiberError,2012-06-23T21:56:46Z,,sickp,2233,https://avatars0.githubusercontent.com/u/2233?v=3
redis,redis-rb,242,Redis#watch yields self to block,2012-06-06T21:45:09Z,2012-06-06T21:45:09Z,royaltm,615066,https://avatars1.githubusercontent.com/u/615066?v=3
redis,redis-rb,239,Raise EPIPE exception after some inactivity,2012-06-02T18:30:06Z,,sishen,11197,https://avatars0.githubusercontent.com/u/11197?v=3
redis,redis-rb,237,fix example in rdoc for Redis#mapped_hmset,2012-05-27T17:05:44Z,2012-05-27T17:05:44Z,bpoweski,103650,https://avatars0.githubusercontent.com/u/103650?v=3
redis,redis-rb,234,Programmatically reorder method definitions,2012-05-23T00:07:03Z,2012-05-23T00:07:03Z,pietern,9845,https://avatars0.githubusercontent.com/u/9845?v=3
redis,redis-rb,233,Simplify call_pipeline to improve readability and perf,2012-05-17T22:08:10Z,2012-05-17T22:08:10Z,evanphx,7,https://avatars3.githubusercontent.com/u/7?v=3
redis,redis-rb,231,Change tests to use test/unit,2012-05-10T00:08:57Z,2012-05-10T00:08:57Z,pietern,9845,https://avatars0.githubusercontent.com/u/9845?v=3
redis,redis-rb,230,Allow watch to use a block in order to achieve thread-safety with watch/multi/exec.,2012-05-09T23:26:25Z,2012-05-09T23:26:25Z,nate,130,https://avatars1.githubusercontent.com/u/130?v=3
redis,redis-rb,229,Add combined watch with multi/exec method for thread safety,2012-05-09T04:22:00Z,,nate,130,https://avatars1.githubusercontent.com/u/130?v=3
redis,redis-rb,227,Keep configuration in a hash controlled by `Redis::Client`,2012-05-09T23:48:48Z,2012-05-09T23:48:48Z,pietern,9845,https://avatars0.githubusercontent.com/u/9845?v=3
redis,redis-rb,226,Protect against connection reuse across forks,2012-05-07T22:42:19Z,2012-05-07T22:42:18Z,pietern,9845,https://avatars0.githubusercontent.com/u/9845?v=3
redis,redis-rb,221,Support multi value L/R PUSH,2012-04-24T18:07:39Z,,imajes,2073,https://avatars3.githubusercontent.com/u/2073?v=3
redis,redis-rb,218,Abstraction for configuration (solution for #217),2012-05-07T22:35:54Z,,pietern,9845,https://avatars0.githubusercontent.com/u/9845?v=3
redis,redis-rb,216,Test speed,2012-05-07T22:35:15Z,2012-05-07T22:35:15Z,pietern,9845,https://avatars0.githubusercontent.com/u/9845?v=3
redis,redis-rb,213,read timeout for synchrony driver,2015-11-16T14:09:07Z,,eabbott,502585,https://avatars3.githubusercontent.com/u/502585?v=3
redis,redis-rb,210,Scripting,2012-05-23T05:05:05Z,,jodosha,5089,https://avatars2.githubusercontent.com/u/5089?v=3
redis,redis-rb,209,Commands for Redis 2.6,2012-04-11T23:42:05Z,2012-04-11T23:42:05Z,jodosha,5089,https://avatars2.githubusercontent.com/u/5089?v=3
redis,redis-rb,207,Redis 2.6 support,2012-03-30T15:58:14Z,,jodosha,5089,https://avatars2.githubusercontent.com/u/5089?v=3
redis,redis-rb,206,"_hashify result of hgetall (#201, #202)",2012-03-29T21:52:37Z,2012-03-29T21:52:36Z,tribalvibes,167275,https://avatars0.githubusercontent.com/u/167275?v=3
redis,redis-rb,205,Yield connection instance to pipelined blocks (master),2012-03-30T02:38:11Z,,betamatt,23032,https://avatars2.githubusercontent.com/u/23032?v=3
redis,redis-rb,204,Yield connection instance to pipelined blocks.,2012-03-30T02:46:34Z,,betamatt,23032,https://avatars2.githubusercontent.com/u/23032?v=3
redis,redis-rb,203,patch srem to support multiple arguments,2012-03-28T17:25:14Z,,ssoroka,7130,https://avatars1.githubusercontent.com/u/7130?v=3
redis,redis-rb,202,#201 add symbolized_keys option for hgetall/mapped_hmget,2012-03-29T21:59:55Z,,tribalvibes,167275,https://avatars0.githubusercontent.com/u/167275?v=3
redis,redis-rb,199,redis stores not only strings as values!,2012-03-29T11:17:18Z,,myfreeweb,208340,https://avatars3.githubusercontent.com/u/208340?v=3
redis,redis-rb,198,I think this would help when connecting to redis through a unixsocket,2012-04-16T17:10:55Z,,tobstarr,5281,https://avatars2.githubusercontent.com/u/5281?v=3
redis,redis-rb,197,Test saving with mock server,2012-03-14T19:26:55Z,2012-03-14T19:26:55Z,matflores,4701,https://avatars2.githubusercontent.com/u/4701?v=3
redis,redis-rb,196,"Test SAVE, BGSAVE and LASTSAVE commands with mock server",2012-03-14T17:19:09Z,2012-03-14T17:19:09Z,matflores,4701,https://avatars2.githubusercontent.com/u/4701?v=3
redis,redis-rb,195,Connection pool,2012-03-30T02:29:34Z,,djanowski,2268,https://avatars2.githubusercontent.com/u/2268?v=3
redis,redis-rb,194,Document response of quit command,2012-03-13T22:43:27Z,2012-03-13T22:43:27Z,matflores,4701,https://avatars2.githubusercontent.com/u/4701?v=3
redis,redis-rb,193,Update repo links,2012-03-13T22:29:47Z,,matflores,4701,https://avatars2.githubusercontent.com/u/4701?v=3
redis,redis-rb,192,IO#read_nonblock and IO#select,2012-03-14T00:35:58Z,2012-03-14T00:35:58Z,pietern,9845,https://avatars0.githubusercontent.com/u/9845?v=3
redis,redis-rb,191,pass connection objects the original uri so they have more context,2012-04-12T01:07:49Z,2012-04-12T01:07:48Z,gorsuch,148854,https://avatars3.githubusercontent.com/u/148854?v=3
redis,redis-rb,190,Miscellaneous,2012-03-14T00:37:42Z,2012-03-14T00:37:42Z,pietern,9845,https://avatars0.githubusercontent.com/u/9845?v=3
redis,redis-rb,189,foundations for ssl support,2012-03-13T16:18:44Z,,gorsuch,148854,https://avatars3.githubusercontent.com/u/148854?v=3
redis,redis-rb,188,Remove the option for thread_safe,2012-03-13T05:19:18Z,2012-03-13T05:19:18Z,cyx,2257,https://avatars1.githubusercontent.com/u/2257?v=3
redis,redis-rb,187,Added support for multiple rpush/lpush values,2012-03-10T18:22:20Z,,NoICE,195891,https://avatars2.githubusercontent.com/u/195891?v=3
redis,redis-rb,186,Docs,2012-03-09T20:05:45Z,2012-03-09T20:05:45Z,matflores,4701,https://avatars2.githubusercontent.com/u/4701?v=3
redis,redis-rb,185,Fiber concurrency in synchrony Issue #183 resolved with additional tests,2012-03-10T21:15:12Z,,royaltm,615066,https://avatars1.githubusercontent.com/u/615066?v=3
redis,redis-rb,184,Modify return value for sorted set commands when `:with_scores => true`,2012-03-08T20:13:33Z,2012-03-08T20:13:33Z,pietern,9845,https://avatars0.githubusercontent.com/u/9845?v=3
redis,redis-rb,179,Adding support to named instances,2012-05-11T18:49:28Z,,felipecsl,190648,https://avatars0.githubusercontent.com/u/190648?v=3
redis,redis-rb,178,fix lpush so that it accepts multiple value arguments,2012-02-03T13:15:30Z,,rapimo,165142,https://avatars2.githubusercontent.com/u/165142?v=3
redis,redis-rb,176,Custom error classes,2012-02-11T03:16:55Z,2012-02-11T03:16:55Z,pietern,9845,https://avatars0.githubusercontent.com/u/9845?v=3
redis,redis-rb,175,Require array argument for variadic commands,2012-02-02T01:04:34Z,2012-02-02T01:04:34Z,pietern,9845,https://avatars0.githubusercontent.com/u/9845?v=3
redis,redis-rb,174,Deprecate #call with > 1 argument,2012-02-01T18:52:12Z,2012-02-01T18:52:12Z,pietern,9845,https://avatars0.githubusercontent.com/u/9845?v=3
redis,redis-rb,173,Support single level of array nesting in protocol builder,2012-02-01T18:37:41Z,2012-02-01T18:37:41Z,pietern,9845,https://avatars0.githubusercontent.com/u/9845?v=3
redis,redis-rb,172,Fixed NoMethodError in Storing objects example,2012-01-21T13:48:51Z,2012-01-21T13:48:51Z,bearded,201830,https://avatars2.githubusercontent.com/u/201830?v=3
redis,redis-rb,164,implement ZCOUNT for distributed sorted sets,2011-12-28T13:22:26Z,2011-12-28T13:22:26Z,xxx,41678,https://avatars0.githubusercontent.com/u/41678?v=3
redis,redis-rb,161,Add Slowlog Command,2011-12-04T10:59:44Z,2011-12-04T10:59:44Z,mrb,2878,https://avatars1.githubusercontent.com/u/2878?v=3
redis,redis-rb,159,Format replies from pipelines just as replies from regular calls,2011-12-05T21:41:42Z,2011-12-05T21:41:42Z,pietern,9845,https://avatars0.githubusercontent.com/u/9845?v=3
redis,redis-rb,158,make it easier for contributors to start hacking by providing Gemfile for bundler,2012-02-02T12:37:57Z,,skaes,17514,https://avatars1.githubusercontent.com/u/17514?v=3
redis,redis-rb,157,disconnect on shutdown,2011-12-06T01:46:40Z,,skaes,17514,https://avatars1.githubusercontent.com/u/17514?v=3
redis,redis-rb,151,Make MGET and HMGET work with no keys / fields,2011-10-19T14:19:25Z,,catwell,221332,https://avatars2.githubusercontent.com/u/221332?v=3
redis,redis-rb,146,Add support to Redis#clone,2011-11-17T00:16:02Z,,endel,130494,https://avatars0.githubusercontent.com/u/130494?v=3
redis,redis-rb,142,Redis::Distributed::CannotDistribute error inherited from Redis::Error,2011-08-25T16:51:14Z,,ipoval,399436,https://avatars2.githubusercontent.com/u/399436?v=3
redis,redis-rb,141,Redis::Distributed::CannotDistribute definition moved to lib/redis/errors.rb and inherites from Redis::Error,2011-08-25T15:10:09Z,,ipoval,399436,https://avatars2.githubusercontent.com/u/399436?v=3
redis,redis-rb,140,Redis::Distributed::CannotDistribute becomes Redis::CannotDistribute and inherites from Redis::Error,2011-08-24T17:22:56Z,,ipoval,399436,https://avatars2.githubusercontent.com/u/399436?v=3
redis,redis-rb,139,added /lib/redis/errors.rb file; Redis::ProtocolError inherited from Redis::Error;,2011-08-23T14:29:13Z,2011-08-23T14:29:13Z,ipoval,399436,https://avatars2.githubusercontent.com/u/399436?v=3
redis,redis-rb,138,Small code improvements for the tests,2011-08-22T17:40:50Z,,ipoval,399436,https://avatars2.githubusercontent.com/u/399436?v=3
redis,redis-rb,137,"add unsplatted _array form for variadic ZADD/ZREM, SADD/SREM and L/RPUSH for Redis 2.4",2012-02-11T03:18:53Z,,tribalvibes,167275,https://avatars0.githubusercontent.com/u/167275?v=3
redis,redis-rb,136,"update for Redis 2.4 multi-arg ZADD/ZREM, SADD/SREM, L/RPUSH, HDEL",2011-08-22T02:06:51Z,,tribalvibes,167275,https://avatars0.githubusercontent.com/u/167275?v=3
redis,redis-rb,134,added redis_edge helper method for tests; added REDIS_STABLE_VERSION constant for tests;,2011-08-22T10:09:26Z,,ipoval,399436,https://avatars2.githubusercontent.com/u/399436?v=3
redis,redis-rb,133,removed new line from test_helper and added asserts to version method test,2011-08-19T23:55:37Z,2011-08-19T23:55:37Z,ipoval,399436,https://avatars2.githubusercontent.com/u/399436?v=3
redis,redis-rb,132,test_helper#version method,2011-08-19T23:26:27Z,2011-08-19T23:26:27Z,ipoval,399436,https://avatars2.githubusercontent.com/u/399436?v=3
redis,redis-rb,121,Allow subscription to an array of channels,2011-06-02T14:16:22Z,,carlhoerberg,180046,https://avatars0.githubusercontent.com/u/180046?v=3
redis,redis-rb,118,Minor cleanups and test improvements,2011-06-01T16:16:36Z,,Cloven,495279,https://avatars1.githubusercontent.com/u/495279?v=3
redis,redis-rb,116,Support for EVALSHA,2011-06-07T14:04:26Z,,dsander,20943,https://avatars2.githubusercontent.com/u/20943?v=3
redis,redis-rb,113,Proper connected status tracking to avoid deadlocks,2011-05-04T13:42:05Z,2011-05-04T13:42:05Z,mschulkind,523089,https://avatars1.githubusercontent.com/u/523089?v=3
redis,redis-rb,112,Support for renamed Redis commands,2011-04-27T16:27:38Z,,iRonin,27929,https://avatars3.githubusercontent.com/u/27929?v=3
redis,redis-rb,110,Fix shutdown command bug,2011-04-25T11:15:43Z,,tangr1,672178,https://avatars2.githubusercontent.com/u/672178?v=3
redis,redis-rb,109,Bugfix: Incorrect SystemTimer warning message when run on Rubinius.,2011-04-22T11:20:01Z,2011-04-22T11:20:01Z,wayneeseguin,18,https://avatars3.githubusercontent.com/u/18?v=3
redis,redis-rb,104,async driver for redis-rb,2011-03-28T23:52:14Z,2011-03-28T23:52:14Z,igrigorik,10652,https://avatars3.githubusercontent.com/u/10652?v=3
redis,redis-rb,101,added a trick to load redis on command line,2011-03-06T13:03:32Z,,tinogomes,6305,https://avatars0.githubusercontent.com/u/6305?v=3
redis,redis-rb,99,Passing multiple args as an array,2011-02-24T07:09:43Z,,ohaleck,583112,https://avatars2.githubusercontent.com/u/583112?v=3
redis,redis-rb,96,Gemspec,2011-02-13T17:31:52Z,2011-02-13T09:31:52Z,razic,225005,https://avatars3.githubusercontent.com/u/225005?v=3
redis,redis-rb,93,Closes Issue #79,2011-02-09T10:06:20Z,,beanieboi,29251,https://avatars2.githubusercontent.com/u/29251?v=3
redis,redis-rb,91,Support for Unix domain sockets with Redis 2.2,2011-02-09T10:04:47Z,,thedjinn,346890,https://avatars3.githubusercontent.com/u/346890?v=3
redis,redis-rb,88,Redis::Connector#write fails with Errno::EINVAL,2011-01-26T06:28:04Z,,bquorning,22333,https://avatars1.githubusercontent.com/u/22333?v=3
redis,redis-rb,86,Improved thread safety test,2011-04-27T16:19:39Z,,andhapp,6663,https://avatars2.githubusercontent.com/u/6663?v=3
redis,redis-rb,83,Added Gemfile for anyone wanting to use bundler to manage dependencies,2011-01-04T07:16:07Z,,czarneckid,72727,https://avatars0.githubusercontent.com/u/72727?v=3
redis,redis-rb,82,Added zrevrangebyscore method and tests.,2011-01-03T16:53:34Z,,czarneckid,72727,https://avatars0.githubusercontent.com/u/72727?v=3
redis,redis-rb,80,update readme to link to new redis.io website,2010-12-24T22:18:35Z,2010-12-24T14:18:35Z,benstein,14923,https://avatars0.githubusercontent.com/u/14923?v=3
redis,redis-rb,77,Multi mode hash fix,2011-02-09T10:11:11Z,,rubymood,36328,https://avatars0.githubusercontent.com/u/36328?v=3
redis,redis-rb,72,don't propagate unnecessary delete commands,2011-02-09T10:08:53Z,,marcoow,1510,https://avatars2.githubusercontent.com/u/1510?v=3
redis,redis-rb,71,changed Redis::Distributed#inspect to include all connected nodes,2011-04-27T16:24:05Z,,marcoow,1510,https://avatars2.githubusercontent.com/u/1510?v=3
redis,redis-rb,69,"added #mapped_hmset, #hmget and #mapped_hmget to the distributed client",2010-11-18T21:55:09Z,2010-11-18T13:55:09Z,marcoow,1510,https://avatars2.githubusercontent.com/u/1510?v=3
redis,redis-rb,68,Small fix,2010-11-08T05:21:46Z,2010-11-07T21:21:46Z,malditogeek,14751,https://avatars1.githubusercontent.com/u/14751?v=3
redis,redis-rb,66,Added a note about thread_safe operation to the README,2010-10-28T19:43:28Z,2010-10-28T12:43:28Z,benstein,14923,https://avatars0.githubusercontent.com/u/14923?v=3
redis,redis-rb,65,Performance improvement for Redis::Distributed.del,2011-02-09T10:17:06Z,,JulianRamirez,24081,https://avatars0.githubusercontent.com/u/24081?v=3
redis,redis-rb,62,Pubsub example fix,2010-10-20T04:15:58Z,,milesegan,196923,https://avatars2.githubusercontent.com/u/196923?v=3
redis,redis-rb,60,Cutest,2010-10-05T15:18:54Z,,cyx,2257,https://avatars1.githubusercontent.com/u/2257?v=3
