kaminari,kaminari,877,fix bug last_page? wrong when current_page is 1 and total_pages is 0 (version 1.0.1),,,HoangQuan,3013122,https://avatars2.githubusercontent.com/u/3013122?v=3
kaminari,kaminari,876,Add the ability to specify total_count,,,bfad,379467,https://avatars3.githubusercontent.com/u/379467?v=3
kaminari,kaminari,875,Add ability to inspect current value of per_page,,,bfad,379467,https://avatars3.githubusercontent.com/u/379467?v=3
kaminari,kaminari,874,Fix URL generation when explicitly passing params to link helpers,,,5t111111,333180,https://avatars0.githubusercontent.com/u/333180?v=3
kaminari,kaminari,872,specify route option,2017-03-08T15:15:19Z,,bhanuone,3231946,https://avatars2.githubusercontent.com/u/3231946?v=3
kaminari,kaminari,871,specify route option,2017-03-07T12:32:08Z,,bhanuone,3231946,https://avatars2.githubusercontent.com/u/3231946?v=3
kaminari,kaminari,868,Update test matrix for travis,2017-03-03T23:05:25Z,,biow0lf,93578,https://avatars3.githubusercontent.com/u/93578?v=3
kaminari,kaminari,864,add helper with case sensitive for strings base on country defined in config,2017-02-19T21:43:22Z,,Kacpert,7271453,https://avatars1.githubusercontent.com/u/7271453?v=3
kaminari,kaminari,863,add methods: getting page numbers or conditions,2017-02-11T12:56:46Z,2017-02-11T12:56:46Z,MatsumotoHiroko,8297211,https://avatars2.githubusercontent.com/u/8297211?v=3
kaminari,kaminari,862,typo,2017-02-09T06:04:28Z,2017-02-09T06:04:28Z,googya,118465,https://avatars2.githubusercontent.com/u/118465?v=3
kaminari,kaminari,855,"Revert ""add option: entry name with case sensitive in I18n""",2017-01-21T15:05:31Z,2017-01-21T15:05:31Z,yuki24,386234,https://avatars3.githubusercontent.com/u/386234?v=3
kaminari,kaminari,854,add option: entry name with case sensitive in I18n,2017-01-21T15:03:45Z,2017-01-21T15:03:45Z,Kacpert,7271453,https://avatars1.githubusercontent.com/u/7271453?v=3
kaminari,kaminari,853,Update Code Climate badge,2017-01-19T09:59:58Z,2017-01-19T09:59:58Z,ValentinTrinque,4662842,https://avatars3.githubusercontent.com/u/4662842?v=3
kaminari,kaminari,852,Remove the redundant argument of warn,2017-01-18T11:24:45Z,2017-01-18T11:24:45Z,tsuwatch,1159644,https://avatars2.githubusercontent.com/u/1159644?v=3
kaminari,kaminari,851,Create an issue template,2017-01-17T18:24:25Z,,sachin21,3052342,https://avatars0.githubusercontent.com/u/3052342?v=3
kaminari,kaminari,848,Add accessibility roles to pagination nav,2017-01-21T15:06:22Z,2017-01-21T15:06:22Z,frrrances,4327102,https://avatars2.githubusercontent.com/u/4327102?v=3
kaminari,kaminari,847,specify required ruby version,2017-01-11T14:29:38Z,2017-01-11T14:29:38Z,timoschilling,165599,https://avatars2.githubusercontent.com/u/165599?v=3
kaminari,kaminari,846,Fix Travis badge URL,2017-01-11T01:52:59Z,2017-01-11T01:52:59Z,emsk,1631656,https://avatars1.githubusercontent.com/u/1631656?v=3
kaminari,kaminari,840,Coerce num param to int and assign to @_padding,2016-12-14T23:32:44Z,2016-12-14T23:32:44Z,pablocrivella,1854923,https://avatars1.githubusercontent.com/u/1854923?v=3
kaminari,kaminari,837,add current and goto translations,2016-12-14T17:45:45Z,,JamesChevalier,408939,https://avatars3.githubusercontent.com/u/408939?v=3
kaminari,kaminari,832,Improved total_count for groups,2016-12-01T03:32:27Z,,bguban,1564376,https://avatars1.githubusercontent.com/u/1564376?v=3
kaminari,kaminari,827,replace string eval with define_method,2016-11-11T02:49:29Z,,chukitow,4173376,https://avatars3.githubusercontent.com/u/4173376?v=3
kaminari,kaminari,824,Remove activerecord 4.0 gemfile from Rakefile,2016-10-12T20:52:58Z,2016-10-12T20:52:58Z,Linuus,379823,https://avatars1.githubusercontent.com/u/379823?v=3
kaminari,kaminari,822,Absolute URL for pagination links,2016-10-11T01:28:48Z,,toshimaru,803398,https://avatars3.githubusercontent.com/u/803398?v=3
kaminari,kaminari,820,Pagination fix,2016-11-16T04:07:58Z,,davidw,5064,https://avatars3.githubusercontent.com/u/5064?v=3
kaminari,kaminari,818,allow to override total_count in the model class,2016-10-10T00:43:45Z,,patleb,7095781,https://avatars3.githubusercontent.com/u/7095781?v=3
kaminari,kaminari,816,Add translation FR,2016-10-11T01:56:35Z,,ThomAille,3932739,https://avatars2.githubusercontent.com/u/3932739?v=3
kaminari,kaminari,812,Don't lose pagination method source location,2016-10-03T09:02:27Z,2016-10-03T09:02:27Z,ka8725,243846,https://avatars3.githubusercontent.com/u/243846?v=3
kaminari,kaminari,810,doc_change,2016-07-25T13:53:45Z,,bobbydxt,7944879,https://avatars1.githubusercontent.com/u/7944879?v=3
kaminari,kaminari,809,Pluralize entry name in page_entries_info using current locale,2016-07-15T03:45:20Z,,l15n,3714,https://avatars2.githubusercontent.com/u/3714?v=3
kaminari,kaminari,808,Move some logic from view to helper,2016-07-28T07:57:21Z,,gkopylov,896758,https://avatars0.githubusercontent.com/u/896758?v=3
kaminari,kaminari,805,Change hard tab to soft tab,2016-07-04T10:27:56Z,2016-07-04T10:27:56Z,toshimaru,803398,https://avatars3.githubusercontent.com/u/803398?v=3
kaminari,kaminari,800,Fix #570: make per(nil) respect max_per_page,2016-11-17T04:09:04Z,,jonathanhefner,771968,https://avatars1.githubusercontent.com/u/771968?v=3
kaminari,kaminari,799,Note page(0) and page(1) return the same results,2016-06-10T22:32:56Z,2016-06-10T22:32:56Z,arsduo,48325,https://avatars2.githubusercontent.com/u/48325?v=3
kaminari,kaminari,797,Use AR I18n for model in page_entries_info,2016-10-11T02:06:52Z,,sigvei,34950,https://avatars2.githubusercontent.com/u/34950?v=3
kaminari,kaminari,794,Convert tabs to spaces,2016-06-02T11:36:54Z,,sachin21,3052342,https://avatars0.githubusercontent.com/u/3052342?v=3
kaminari,kaminari,788,Grammar fix,2016-05-10T15:18:14Z,2016-05-10T15:18:14Z,rtsinani,653565,https://avatars1.githubusercontent.com/u/653565?v=3
kaminari,kaminari,785,add always_display option to #render,2016-07-28T08:33:39Z,,Niandalu,6406875,https://avatars1.githubusercontent.com/u/6406875?v=3
kaminari,kaminari,784,Better check for Railtie.,2016-04-02T03:20:28Z,,gizmore,7193131,https://avatars3.githubusercontent.com/u/7193131?v=3
kaminari,kaminari,783,Update README.rdoc,2016-04-02T03:39:13Z,2016-04-02T03:39:13Z,Konstantin-Beda,10115852,https://avatars1.githubusercontent.com/u/10115852?v=3
kaminari,kaminari,782,"[ci skip] Update ""Supported versions"" on README",2016-03-05T18:42:10Z,2016-03-05T18:42:10Z,yui-knk,5356517,https://avatars3.githubusercontent.com/u/5356517?v=3
kaminari,kaminari,780,Remove rubyforge_project option,2016-02-21T05:25:01Z,2016-02-21T05:25:01Z,taki3,3800237,https://avatars2.githubusercontent.com/u/3800237?v=3
kaminari,kaminari,779,Update README.rdoc,2016-02-17T22:48:55Z,2016-02-17T22:48:55Z,cinic,67061,https://avatars3.githubusercontent.com/u/67061?v=3
kaminari,kaminari,777,Add a relationship helper to PageProxy,2016-04-02T03:39:36Z,2016-04-02T03:39:36Z,tagliala,556268,https://avatars1.githubusercontent.com/u/556268?v=3
kaminari,kaminari,776,Fix <=> for PageProxy,2016-11-14T04:36:46Z,,DMcKinnon-mdsol,6331409,https://avatars1.githubusercontent.com/u/6331409?v=3
kaminari,kaminari,775,Locale taken into account in pluralize.,2016-08-04T11:46:27Z,,mperrando,525572,https://avatars1.githubusercontent.com/u/525572?v=3
kaminari,kaminari,772,Changed generated config file name to meet consistency,2016-01-20T11:04:24Z,,fatkodima,5657035,https://avatars1.githubusercontent.com/u/5657035?v=3
kaminari,kaminari,770,fix params nested query bug,2016-01-08T13:23:54Z,,vkill,610852,https://avatars0.githubusercontent.com/u/610852?v=3
kaminari,kaminari,766,Fix mangled params in pagination links,2016-01-08T12:43:54Z,2016-01-08T12:43:53Z,audionerd,23459,https://avatars1.githubusercontent.com/u/23459?v=3
kaminari,kaminari,763,Exclude appropriate version of ruby 2.1 (follow up of 4ea19dd),2015-12-28T16:24:09Z,2015-12-28T16:24:09Z,yui-knk,5356517,https://avatars3.githubusercontent.com/u/5356517?v=3
kaminari,kaminari,762,Test against the newset version of ruby 2.1 (2.1.8),2015-12-28T15:46:00Z,2015-12-28T15:46:00Z,yui-knk,5356517,https://avatars3.githubusercontent.com/u/5356517?v=3
kaminari,kaminari,761,now you can pass the default value to config_accessor.,2015-12-25T06:58:37Z,,kuboon,48445,https://avatars1.githubusercontent.com/u/48445?v=3
kaminari,kaminari,757,Update sinatra_helpers.rb,2016-01-02T16:08:06Z,,basex,357288,https://avatars0.githubusercontent.com/u/357288?v=3
kaminari,kaminari,754,Use max_paginates_per to overwrite model max_paginates_per config,2016-11-17T03:19:45Z,,rubyonme,1825322,https://avatars0.githubusercontent.com/u/1825322?v=3
kaminari,kaminari,752,Fixing I18n problems with foreign languages and support for downcase option,2015-11-26T11:57:15Z,,saldan,55269,https://avatars3.githubusercontent.com/u/55269?v=3
kaminari,kaminari,751,add #repaginate_out_of_range method,2016-01-02T13:17:38Z,,danieltdt,161157,https://avatars1.githubusercontent.com/u/161157?v=3
kaminari,kaminari,749,Upgraded to database_cleaner 1.5.1.,2015-11-05T06:49:24Z,2015-11-05T06:49:24Z,dblock,542335,https://avatars2.githubusercontent.com/u/542335?v=3
kaminari,kaminari,746,Allow model max_paginates_per to be overridden,2015-11-04T01:45:38Z,,rubyonme,1825322,https://avatars0.githubusercontent.com/u/1825322?v=3
kaminari,kaminari,745,multiply versions of max_paginates_per,2015-11-03T13:31:22Z,,rubyonme,1825322,https://avatars0.githubusercontent.com/u/1825322?v=3
kaminari,kaminari,744,We should exclude `2.2.3` * `active_record_32`,2015-10-29T11:39:35Z,2015-10-29T11:39:35Z,yui-knk,5356517,https://avatars3.githubusercontent.com/u/5356517?v=3
kaminari,kaminari,743,replace PATH_INFO with REQUEST_PATH in padrino helper,2015-10-29T10:12:36Z,,karloku,2968257,https://avatars2.githubusercontent.com/u/2968257?v=3
kaminari,kaminari,742,Support ruby3,2015-10-19T02:59:16Z,2015-10-19T02:59:16Z,sachin21,3052342,https://avatars0.githubusercontent.com/u/3052342?v=3
kaminari,kaminari,741,Update README.rdoc,2015-11-02T00:42:38Z,2015-11-02T00:42:38Z,gurgelrenan,691159,https://avatars0.githubusercontent.com/u/691159?v=3
kaminari,kaminari,740,Add support for specifying a custom Paginator,2016-11-19T07:36:44Z,,watsonbox,17737,https://avatars3.githubusercontent.com/u/17737?v=3
kaminari,kaminari,739,fixed hash syntax to ruby 1.9 symbol notation,2015-10-06T23:02:52Z,,askl56,3062663,https://avatars1.githubusercontent.com/u/3062663?v=3
kaminari,kaminari,737,Added support for Mongoid5.,2015-10-20T12:25:39Z,2015-10-20T12:25:39Z,dblock,542335,https://avatars2.githubusercontent.com/u/542335?v=3
kaminari,kaminari,736,Allow max per to be overridden when scoping.,2016-11-17T03:21:39Z,,bryanrite,829668,https://avatars3.githubusercontent.com/u/829668?v=3
kaminari,kaminari,732,Fix for engine compatibility,2015-09-11T07:53:06Z,,erbunao,4653624,https://avatars0.githubusercontent.com/u/4653624?v=3
kaminari,kaminari,731,Add params_on_first_page to the config template,2015-09-09T22:31:09Z,2015-09-09T22:31:09Z,mrhead,522375,https://avatars2.githubusercontent.com/u/522375?v=3
kaminari,kaminari,729,More readability,2015-08-28T04:35:16Z,2015-08-28T04:35:16Z,sachin21,3052342,https://avatars0.githubusercontent.com/u/3052342?v=3
kaminari,kaminari,725,Fix a bug when paginating pre-paginated arrays with total_count,2016-01-02T13:31:48Z,,bsboris,591230,https://avatars2.githubusercontent.com/u/591230?v=3
kaminari,kaminari,724,Remove page parameter for first page in SEO rel prev tags,2015-08-12T05:19:43Z,,iberianpig,1710555,https://avatars2.githubusercontent.com/u/1710555?v=3
kaminari,kaminari,720,Remove needless `to_i` calls,2015-11-02T00:43:42Z,2015-11-02T00:43:42Z,yui-knk,5356517,https://avatars3.githubusercontent.com/u/5356517?v=3
kaminari,kaminari,719,[ci skip] Add `params_on_first_page` to configure list,2015-08-03T15:00:57Z,2015-08-03T15:00:57Z,yui-knk,5356517,https://avatars3.githubusercontent.com/u/5356517?v=3
kaminari,kaminari,718,Fixes page_entries_info to display the correct number for the last page.,2016-05-08T22:29:45Z,,danzanzini,8497187,https://avatars0.githubusercontent.com/u/8497187?v=3
kaminari,kaminari,715,fix typo: s/parital/partial,2015-07-16T10:38:37Z,2015-07-16T10:38:37Z,ignatiusreza,667726,https://avatars1.githubusercontent.com/u/667726?v=3
kaminari,kaminari,714,Added test-unit in active_record_32 gemfile,2016-01-02T14:08:17Z,,dalarenal,3049414,https://avatars0.githubusercontent.com/u/3049414?v=3
kaminari,kaminari,712,hide Next & Last buttons if page is out of range,2016-07-28T08:59:36Z,2016-07-28T08:59:36Z,igorkasyanchuk,11101,https://avatars0.githubusercontent.com/u/11101?v=3
kaminari,kaminari,711,add total_count to Paginator default view,2016-01-02T14:26:43Z,,liuganggang,2172680,https://avatars0.githubusercontent.com/u/2172680?v=3
kaminari,kaminari,709,Ignore .DS_Store files,2015-07-02T09:11:29Z,,Linuus,379823,https://avatars1.githubusercontent.com/u/379823?v=3
kaminari,kaminari,707,Add possibility to set `total_count` for a scope,2015-06-27T19:33:32Z,,mrhead,522375,https://avatars2.githubusercontent.com/u/522375?v=3
kaminari,kaminari,706,Added page_limit method on an individual request,2015-06-28T22:57:38Z,,dalarenal,3049414,https://avatars0.githubusercontent.com/u/3049414?v=3
kaminari,kaminari,701,Support unpaged method in activerecord relation,2015-06-14T12:18:09Z,,Martin91,2900644,https://avatars3.githubusercontent.com/u/2900644?v=3
kaminari,kaminari,698,[ci skip] Fix README,2015-05-27T11:30:56Z,2015-05-27T11:30:56Z,yui-knk,5356517,https://avatars3.githubusercontent.com/u/5356517?v=3
kaminari,kaminari,697,Fix for failing rbx test dependencies,2015-05-24T23:13:28Z,2015-05-24T23:13:28Z,antstorm,118353,https://avatars2.githubusercontent.com/u/118353?v=3
kaminari,kaminari,694,Internationalization of entry name,2016-10-12T00:45:45Z,2016-10-12T00:45:45Z,Linuus,379823,https://avatars1.githubusercontent.com/u/379823?v=3
kaminari,kaminari,692,two check of the current page at once.,2015-05-16T07:08:26Z,,ghost,10137,https://avatars0.githubusercontent.com/u/10137?v=3
kaminari,kaminari,688,Add #total_count=,2015-05-11T17:35:53Z,,winebarrel,117768,https://avatars2.githubusercontent.com/u/117768?v=3
kaminari,kaminari,686,Fix typo,2015-05-05T04:01:28Z,2015-05-05T04:01:27Z,rimenes,84035,https://avatars1.githubusercontent.com/u/84035?v=3
kaminari,kaminari,684,Switched build to use ruby 2.2.2 instead of 2.2.1,2015-04-27T23:09:53Z,2015-04-27T23:09:53Z,neilang,34724,https://avatars3.githubusercontent.com/u/34724?v=3
kaminari,kaminari,683,ActionView paging URLs helper,2016-11-15T01:50:31Z,,neilang,34724,https://avatars3.githubusercontent.com/u/34724?v=3
kaminari,kaminari,682,fix #672,2015-04-29T02:30:28Z,,mrstif,5360604,https://avatars1.githubusercontent.com/u/5360604?v=3
kaminari,kaminari,681,Pagination without having to SELECT COUNT(*).,2016-12-05T02:27:08Z,,bryanrite,829668,https://avatars3.githubusercontent.com/u/829668?v=3
kaminari,kaminari,680,Use human pluralizer in page_entries_info,2015-05-12T01:52:43Z,,joost,91466,https://avatars2.githubusercontent.com/u/91466?v=3
kaminari,kaminari,678,Make it possible to customize locale for word inflection.,2016-10-11T03:07:53Z,,tonytonyjan,809410,https://avatars1.githubusercontent.com/u/809410?v=3
kaminari,kaminari,677,Remove unused file,2015-04-08T02:29:17Z,2015-04-08T02:29:17Z,sachin21,3052342,https://avatars0.githubusercontent.com/u/3052342?v=3
kaminari,kaminari,674,"Request addition of record count, first_record, end_record options",2015-03-31T21:43:04Z,,gasova,1025243,https://avatars1.githubusercontent.com/u/1025243?v=3
kaminari,kaminari,671,Handle parameters with dots in them. Fixes #670,2015-03-27T03:05:10Z,2015-03-27T03:05:10Z,jcoyne,92044,https://avatars1.githubusercontent.com/u/92044?v=3
kaminari,kaminari,669,Rails 5 requires ruby 2.2.1,2015-03-19T13:12:59Z,2015-03-19T13:12:59Z,antstorm,118353,https://avatars2.githubusercontent.com/u/118353?v=3
kaminari,kaminari,668,Specify path prefix for views generator,2016-10-12T08:16:38Z,2016-10-12T08:16:38Z,antstorm,118353,https://avatars2.githubusercontent.com/u/118353?v=3
kaminari,kaminari,666,[skip ci] Fix spells in documentation,2015-03-15T21:06:51Z,2015-03-15T21:06:51Z,davydovanton,1147484,https://avatars1.githubusercontent.com/u/1147484?v=3
kaminari,kaminari,661,Uses I18n.locale (if present) to determine pluralization rules for page_entries_info,2015-03-06T13:19:26Z,,keichan34,1064513,https://avatars2.githubusercontent.com/u/1064513?v=3
kaminari,kaminari,660,[ci skip] Add information about total_count to readme documentation,2015-03-02T12:49:04Z,2015-03-02T12:49:04Z,davydovanton,1147484,https://avatars1.githubusercontent.com/u/1147484?v=3
kaminari,kaminari,657,Entry name i18n translation,2015-02-20T12:51:28Z,,openscript,1105080,https://avatars3.githubusercontent.com/u/1105080?v=3
kaminari,kaminari,656,Added entries_name option to page_entries_info,2015-02-19T10:02:46Z,,openscript,1105080,https://avatars3.githubusercontent.com/u/1105080?v=3
kaminari,kaminari,649,Update supported versions in README.rdoc,2015-02-02T09:05:06Z,2015-02-02T09:05:06Z,tricknotes,290782,https://avatars1.githubusercontent.com/u/290782?v=3
kaminari,kaminari,641,RSpec 3 Upgrade,2015-01-26T21:18:09Z,,mikeastock,1907044,https://avatars1.githubusercontent.com/u/1907044?v=3
kaminari,kaminari,636,Support for rails engines route prefix,2017-01-12T22:22:11Z,,jcoyne,92044,https://avatars1.githubusercontent.com/u/92044?v=3
kaminari,kaminari,634,Fixed a bug that paginates_per does not work with subclasses on mongoid,2014-12-15T05:03:16Z,2014-12-15T05:03:16Z,kouyaf77,1861028,https://avatars2.githubusercontent.com/u/1861028?v=3
kaminari,kaminari,631,refactor PageScopeMethods,2014-12-30T16:28:19Z,,MarkRatjens,62276,https://avatars3.githubusercontent.com/u/62276?v=3
kaminari,kaminari,628,adds html option,2015-05-23T16:36:26Z,,mjrk,2457107,https://avatars1.githubusercontent.com/u/2457107?v=3
kaminari,kaminari,627,"adds link_options for custom link attributes, extends partials, adds tests",2014-12-04T17:59:59Z,,mjrk,2457107,https://avatars1.githubusercontent.com/u/2457107?v=3
kaminari,kaminari,626,Add rel_next_prev_link_tags to README,2014-12-02T21:59:22Z,2014-12-02T21:59:22Z,cesarandreu,656870,https://avatars0.githubusercontent.com/u/656870?v=3
kaminari,kaminari,625,Use the new build env on Travis,2014-11-21T00:05:43Z,2014-11-21T00:05:43Z,joshk,8701,https://avatars1.githubusercontent.com/u/8701?v=3
kaminari,kaminari,622,Use class method '.themes' in ViewGenerator#copy_or_fetch,2014-11-20T23:22:51Z,2014-11-20T23:22:51Z,maxprokopiev,18645,https://avatars3.githubusercontent.com/u/18645?v=3
kaminari,kaminari,621,NoBrainer support,2014-12-16T05:00:35Z,,nviennot,297060,https://avatars2.githubusercontent.com/u/297060?v=3
kaminari,kaminari,620,update from original,2014-11-04T02:45:31Z,,matbox,112365,https://avatars0.githubusercontent.com/u/112365?v=3
kaminari,kaminari,619,Paginator#respond_to_missing?,2014-11-20T22:18:02Z,,printercu,1144890,https://avatars3.githubusercontent.com/u/1144890?v=3
kaminari,kaminari,615,Cache current_page in PageProxy,2014-10-26T22:31:30Z,,printercu,1144890,https://avatars3.githubusercontent.com/u/1144890?v=3
kaminari,kaminari,611,Update kaminari.yml,2014-10-07T03:31:31Z,,thinkclay,209344,https://avatars1.githubusercontent.com/u/209344?v=3
kaminari,kaminari,610,Use internationalization in ActiveRecord and pluralize for others,2015-05-18T19:11:54Z,,Linuus,379823,https://avatars1.githubusercontent.com/u/379823?v=3
kaminari,kaminari,605,Fix :num_pages options to keep backwards-compatible,2014-11-06T05:14:12Z,,klebershimabuku,147294,https://avatars2.githubusercontent.com/u/147294?v=3
kaminari,kaminari,604,Fix #281,2014-10-26T22:57:23Z,,jomo,3585743,https://avatars1.githubusercontent.com/u/3585743?v=3
kaminari,kaminari,603,Fix wrong code in README,2014-09-21T21:02:39Z,2014-09-21T21:02:39Z,jomo,3585743,https://avatars1.githubusercontent.com/u/3585743?v=3
kaminari,kaminari,599,Fixes for out of range next/prev links and tags,2014-09-14T03:49:05Z,,joe1chen,48643,https://avatars0.githubusercontent.com/u/48643?v=3
kaminari,kaminari,597,Specify default theme,2015-02-11T05:42:34Z,,panmari,719020,https://avatars2.githubusercontent.com/u/719020?v=3
kaminari,kaminari,595,Update page templates to accept html options,2014-08-28T22:38:32Z,,jlee0831,83446,https://avatars3.githubusercontent.com/u/83446?v=3
kaminari,kaminari,590,MongoidCriteriaMethods#total_count uses :size instead of :count,2014-08-19T02:54:51Z,2014-08-19T02:54:51Z,Zhomart,830536,https://avatars0.githubusercontent.com/u/830536?v=3
kaminari,kaminari,589,Enable lazy evaluation of `paginate`'s options,2014-08-19T02:55:30Z,2014-08-19T02:55:30Z,mizoR,1257116,https://avatars2.githubusercontent.com/u/1257116?v=3
kaminari,kaminari,585,Clear paginatable array if initialised with limit <= 0,2014-08-25T00:51:11Z,,gsamokovarov,604618,https://avatars3.githubusercontent.com/u/604618?v=3
kaminari,kaminari,583,Make last_page? behave consistently with last?,2014-08-24T03:24:29Z,2014-08-24T03:24:29Z,lime,562204,https://avatars2.githubusercontent.com/u/562204?v=3
kaminari,kaminari,577,Add url_helper option,2014-07-20T18:16:35Z,,nazarok,6279826,https://avatars0.githubusercontent.com/u/6279826?v=3
kaminari,kaminari,574,Added missing nl locales,2014-07-10T08:10:53Z,,mmsommer,1206434,https://avatars3.githubusercontent.com/u/1206434?v=3
kaminari,kaminari,573,Issue #572: grouped count (with aliased columns) issues,2016-11-16T04:07:45Z,,chemica,431545,https://avatars0.githubusercontent.com/u/431545?v=3
kaminari,kaminari,564,Append html format instead since by default rails will prepend the passed in format and will override in effect,2016-11-15T03:38:44Z,,jasonkim,474442,https://avatars0.githubusercontent.com/u/474442?v=3
kaminari,kaminari,563,Update docs badge in README,2014-06-04T19:09:53Z,2014-06-04T19:09:53Z,rrrene,311914,https://avatars0.githubusercontent.com/u/311914?v=3
kaminari,kaminari,553,Fix a bug where :view_paths wouldn't be inherited to nested helpers. ,2014-05-14T23:11:57Z,2014-05-14T23:11:57Z,apotonick,10406,https://avatars1.githubusercontent.com/u/10406?v=3
kaminari,kaminari,552,Add views_prefix Option For Alternative Views Directory,2014-05-09T03:08:49Z,2014-05-09T03:08:49Z,apotonick,10406,https://avatars1.githubusercontent.com/u/10406?v=3
kaminari,kaminari,548,ActionView check for NilClass & unextended models,2014-04-22T00:57:40Z,,dblommesteijn,395001,https://avatars0.githubusercontent.com/u/395001?v=3
kaminari,kaminari,546,"Update Readme, Rails 4.1 is no longer eage",2014-04-17T01:27:18Z,2014-04-17T01:27:18Z,timoschilling,165599,https://avatars2.githubusercontent.com/u/165599?v=3
kaminari,kaminari,543,Add optional :use_page_one_param option for paginate() helper method,2015-05-12T02:11:19Z,,bradley219,1649541,https://avatars1.githubusercontent.com/u/1649541?v=3
kaminari,kaminari,538,First as root,2014-04-02T21:40:49Z,,fddayan,188936,https://avatars2.githubusercontent.com/u/188936?v=3
kaminari,kaminari,537,Delimit numbers in display_entries when necessary,2014-03-29T02:56:53Z,,GordonDiggs,245083,https://avatars0.githubusercontent.com/u/245083?v=3
kaminari,kaminari,536,Optional rel,2014-03-27T23:00:37Z,,fddayan,188936,https://avatars2.githubusercontent.com/u/188936?v=3
kaminari,kaminari,531,Add page_entries_info I18n keys to README,2014-03-18T22:47:45Z,2014-03-18T22:47:45Z,bmsatierf,40842,https://avatars0.githubusercontent.com/u/40842?v=3
kaminari,kaminari,529,Add docs badge to README,2014-03-14T12:18:23Z,2014-03-14T12:18:23Z,rrrene,311914,https://avatars0.githubusercontent.com/u/311914?v=3
kaminari,kaminari,527,Do not alias_method_chain Class#inherited,2014-03-15T22:28:36Z,,yuroyoro,18634,https://avatars3.githubusercontent.com/u/18634?v=3
kaminari,kaminari,526,Pass ActiveSupport::JSON.decode a string and not an IO when interfacing with GitHub API,2014-04-09T17:10:03Z,2014-04-09T17:10:03Z,jimryan,796235,https://avatars2.githubusercontent.com/u/796235?v=3
kaminari,kaminari,523,Added pt-BR translation,2014-03-04T06:40:42Z,,adilsoncarvalho,349796,https://avatars2.githubusercontent.com/u/349796?v=3
kaminari,kaminari,522,Refer ActiveRecord::Base from top level namespace,2014-03-03T07:16:36Z,2014-03-03T07:16:36Z,yuroyoro,18634,https://avatars3.githubusercontent.com/u/18634?v=3
kaminari,kaminari,519,Updated ruby 1.9 hash syntax,2014-02-26T02:19:02Z,,optimisticanshul,4547169,https://avatars3.githubusercontent.com/u/4547169?v=3
kaminari,kaminari,517,Use SVG for status badges in README,2014-02-26T02:23:16Z,2014-02-26T02:23:16Z,seanlinsley,688886,https://avatars0.githubusercontent.com/u/688886?v=3
kaminari,kaminari,515,Update README.rdoc,2014-02-23T09:01:04Z,2014-02-23T09:01:04Z,peashutop,12373,https://avatars2.githubusercontent.com/u/12373?v=3
kaminari,kaminari,511,Test padrino-helpers 0.12.0,2014-02-13T09:32:45Z,2014-02-13T09:32:45Z,zzak,277819,https://avatars2.githubusercontent.com/u/277819?v=3
kaminari,kaminari,509,"do not have page=1 in rel url, or urls generated by previous_page helper",2014-03-28T03:08:10Z,,ssinghi,5423,https://avatars2.githubusercontent.com/u/5423?v=3
kaminari,kaminari,505,Add tests for mongoid 4 beta 1,2014-02-02T21:45:38Z,2014-02-02T21:45:38Z,arthurnn,833383,https://avatars2.githubusercontent.com/u/833383?v=3
kaminari,kaminari,504,Add link_to_previous_page helper for sinatra,2014-02-02T13:05:40Z,2014-02-02T13:05:40Z,ikeay,1245781,https://avatars2.githubusercontent.com/u/1245781?v=3
kaminari,kaminari,501,Clean up action view helper,2014-01-31T04:10:45Z,,buddhamagnet,35007,https://avatars0.githubusercontent.com/u/35007?v=3
kaminari,kaminari,500,Add support for mongoid max_scan option,2014-02-01T03:32:07Z,2014-02-01T03:32:07Z,aptx4869,1173599,https://avatars2.githubusercontent.com/u/1173599?v=3
kaminari,kaminari,499,Add support for mongoid max_scan option v2,2014-01-26T01:20:00Z,,aptx4869,1173599,https://avatars2.githubusercontent.com/u/1173599?v=3
kaminari,kaminari,498,removing the count(*) when no column assigned or :all #240,2014-01-22T02:12:47Z,,joseluistorres,216166,https://avatars0.githubusercontent.com/u/216166?v=3
kaminari,kaminari,495,Add support for mongoid max_scan option,2014-01-26T01:17:58Z,,aptx4869,1173599,https://avatars2.githubusercontent.com/u/1173599?v=3
kaminari,kaminari,492,Get specs green,2013-12-28T23:52:48Z,2013-12-28T23:52:48Z,petergoldstein,421488,https://avatars1.githubusercontent.com/u/421488?v=3
kaminari,kaminari,491,Support for nested params,2013-12-23T17:04:53Z,,antpaw,108543,https://avatars2.githubusercontent.com/u/108543?v=3
kaminari,kaminari,489,Get specs running under Rubinius,2013-12-15T19:10:52Z,2013-12-15T19:10:52Z,petergoldstein,421488,https://avatars1.githubusercontent.com/u/421488?v=3
kaminari,kaminari,488,removing the count(*) when no column assigned or :all #240,2014-01-21T03:12:26Z,,joseluistorres,216166,https://avatars0.githubusercontent.com/u/216166?v=3
kaminari,kaminari,484,use the mongoid criteria #length method to cache the count of the collection per criteria,2013-12-07T16:39:14Z,2013-12-07T16:39:14Z,camallen,295329,https://avatars1.githubusercontent.com/u/295329?v=3
kaminari,kaminari,483,"Dropped Ruby 1.8, kaminari has unsupported syntax for Ruby 1.8",2013-12-02T09:42:29Z,,hsbt,12301,https://avatars2.githubusercontent.com/u/12301?v=3
kaminari,kaminari,479,Remove .coveralls.yml,2013-11-23T01:29:46Z,2013-11-23T01:29:46Z,eitoball,34205,https://avatars3.githubusercontent.com/u/34205?v=3
kaminari,kaminari,478,Rename CHANGELOG to CHANGELOG.rdoc,2013-11-23T01:28:18Z,2013-11-23T01:28:18Z,mrfoto,986645,https://avatars1.githubusercontent.com/u/986645?v=3
kaminari,kaminari,477,PageEntriesInfo: Numbers with delimiter,2014-03-16T19:57:07Z,,kaspernj,234531,https://avatars3.githubusercontent.com/u/234531?v=3
kaminari,kaminari,475,Translated pluralisation support.,2013-11-20T09:08:07Z,,kaspernj,234531,https://avatars3.githubusercontent.com/u/234531?v=3
kaminari,kaminari,473,working with classes inherited from ActiveRecord::Base,2013-11-22T02:09:58Z,,snop-snov,4567456,https://avatars1.githubusercontent.com/u/4567456?v=3
kaminari,kaminari,472,Don't calculate total_pages if one is provided in options,2013-11-16T17:11:30Z,,sgtFloyd,634678,https://avatars3.githubusercontent.com/u/634678?v=3
kaminari,kaminari,469,Fix Coveralls API internal error,2013-11-12T04:02:31Z,2013-11-12T04:02:31Z,wbyoung,57162,https://avatars2.githubusercontent.com/u/57162?v=3
kaminari,kaminari,468,Adding documentation for testing.,2013-11-11T19:38:30Z,2013-11-11T19:38:30Z,wbyoung,57162,https://avatars2.githubusercontent.com/u/57162?v=3
kaminari,kaminari,467,Added Coveralls support.,2013-11-11T20:19:14Z,2013-11-11T20:19:14Z,wbyoung,57162,https://avatars2.githubusercontent.com/u/57162?v=3
kaminari,kaminari,466,Better page URL generation.,2014-03-22T19:38:01Z,,wbyoung,57162,https://avatars2.githubusercontent.com/u/57162?v=3
kaminari,kaminari,465,Nested resources tests.,2014-03-22T19:22:59Z,,wbyoung,57162,https://avatars2.githubusercontent.com/u/57162?v=3
kaminari,kaminari,464,Fix issues with Padrino and Rubinius,2013-11-13T03:34:55Z,,wbyoung,57162,https://avatars2.githubusercontent.com/u/57162?v=3
kaminari,kaminari,463,test this for issue #452,2014-02-13T09:33:25Z,,zzak,277819,https://avatars2.githubusercontent.com/u/277819?v=3
kaminari,kaminari,462,removing the count(*) when no column assigned or :all #240,2014-01-21T03:16:33Z,,joseluistorres,216166,https://avatars0.githubusercontent.com/u/216166?v=3
kaminari,kaminari,461,My patch for mountable engine problem (v2),2014-03-26T02:18:51Z,,the-teacher,496713,https://avatars1.githubusercontent.com/u/496713?v=3
kaminari,kaminari,460,mountable_engines_v2,2013-11-09T20:58:35Z,,the-teacher,496713,https://avatars1.githubusercontent.com/u/496713?v=3
kaminari,kaminari,458,mountable_engines_support,2013-11-09T21:03:51Z,,the-teacher,496713,https://avatars1.githubusercontent.com/u/496713?v=3
kaminari,kaminari,454,Still getting - NameError: undefined method 'render_partial_with_logging' for class 'ActionView::LogSubscriber',2013-11-03T21:01:04Z,,guyboertje,84912,https://avatars1.githubusercontent.com/u/84912?v=3
kaminari,kaminari,451,All tests passing again,2013-11-09T18:01:09Z,2013-11-09T18:01:09Z,wbyoung,57162,https://avatars2.githubusercontent.com/u/57162?v=3
kaminari,kaminari,449,Arity on #count with rails 4.1.0,2013-11-09T17:51:30Z,2013-11-09T17:51:30Z,bricker,978899,https://avatars0.githubusercontent.com/u/978899?v=3
kaminari,kaminari,446,Add Code Climate badge to README,2013-11-03T21:21:45Z,2013-11-03T21:21:45Z,noahd1,11672,https://avatars2.githubusercontent.com/u/11672?v=3
kaminari,kaminari,445,added locale to options hash in action_view_extension helper,2014-03-16T20:26:12Z,,agus22lp,4293359,https://avatars0.githubusercontent.com/u/4293359?v=3
kaminari,kaminari,441,Fixed issues with abstract base classes and Rails 4.0,2013-10-01T12:59:07Z,,wbyoung,57162,https://avatars2.githubusercontent.com/u/57162?v=3
kaminari,kaminari,436,Add i18n to page_entries_info helper method and use count param in human method to pluralize correctly,2014-03-16T20:43:13Z,,svegaca,196002,https://avatars2.githubusercontent.com/u/196002?v=3
kaminari,kaminari,434,Fix URL of build status icon on README.rdoc,2013-08-21T20:32:06Z,2013-08-21T20:32:06Z,eitoball,34205,https://avatars3.githubusercontent.com/u/34205?v=3
kaminari,kaminari,433,Scope changed to class method in AR,2013-11-11T01:40:17Z,2013-11-11T01:40:17Z,kolodovskyy,1611258,https://avatars1.githubusercontent.com/u/1611258?v=3
kaminari,kaminari,432,add infinite_pages option ,2013-12-04T03:05:59Z,,vhochstein,109388,https://avatars0.githubusercontent.com/u/109388?v=3
kaminari,kaminari,431,Count rows returned by the query instead of keys in #count hash,2016-04-16T15:19:51Z,,codeodor,23479,https://avatars2.githubusercontent.com/u/23479?v=3
kaminari,kaminari,430,Re: A possible fix for issue 340,2013-08-10T04:10:13Z,2013-08-10T04:10:13Z,eitoball,34205,https://avatars3.githubusercontent.com/u/34205?v=3
kaminari,kaminari,427,Remove page parameter for first page in SEO rel prev tags,2013-08-07T01:49:29Z,,weynsee,43908,https://avatars0.githubusercontent.com/u/43908?v=3
kaminari,kaminari,424,Makes sure we use the params from the templates and merge them with the given params,2014-03-13T12:20:14Z,,MiguelMadero,47388,https://avatars1.githubusercontent.com/u/47388?v=3
kaminari,kaminari,423,Added en-GB and de locales,2013-07-22T21:48:29Z,,mcoms,517837,https://avatars3.githubusercontent.com/u/517837?v=3
kaminari,kaminari,422,Adds #params_only/#params_except options to filter out params used for pagination links,2013-08-05T09:45:05Z,,gzigzigzeo,27830,https://avatars3.githubusercontent.com/u/27830?v=3
kaminari,kaminari,420,Fixing requirement rdoc/task,2013-07-17T15:50:23Z,,digitalcake,961877,https://avatars1.githubusercontent.com/u/961877?v=3
kaminari,kaminari,419,added missing activerecord development dependenecy,2013-07-17T16:20:39Z,,digitalcake,961877,https://avatars1.githubusercontent.com/u/961877?v=3
kaminari,kaminari,418,use html_safe instead of raw,2013-07-16T11:31:09Z,2013-07-16T11:31:09Z,zzak,277819,https://avatars2.githubusercontent.com/u/277819?v=3
kaminari,kaminari,417,allow any HTML attributes on any links,2015-05-23T16:36:04Z,,leckylao,148800,https://avatars0.githubusercontent.com/u/148800?v=3
kaminari,kaminari,411,allow data attributes on any links,2013-08-07T00:55:18Z,,billychan,2055348,https://avatars0.githubusercontent.com/u/2055348?v=3
kaminari,kaminari,410,Replaced old Hash syntax with new one,2013-06-10T18:16:23Z,,th1988,1636511,https://avatars3.githubusercontent.com/u/1636511?v=3
kaminari,kaminari,406,Don't use database_cleaner v1,2013-06-18T14:59:07Z,,ptn,98363,https://avatars3.githubusercontent.com/u/98363?v=3
kaminari,kaminari,405,Don't use Active Record scopes,2013-06-18T13:59:13Z,,ptn,98363,https://avatars3.githubusercontent.com/u/98363?v=3
kaminari,kaminari,401,Allow exclusion of navigation links via the `paginate` method,2013-08-07T01:48:04Z,,shekibobo,293858,https://avatars0.githubusercontent.com/u/293858?v=3
kaminari,kaminari,393,Use custom routes proxy,2013-08-07T00:59:30Z,,balexand,181187,https://avatars1.githubusercontent.com/u/181187?v=3
kaminari,kaminari,392,ActionViewExtension refactored,2013-08-07T00:50:57Z,,iGEL,36442,https://avatars2.githubusercontent.com/u/36442?v=3
kaminari,kaminari,388,Fix tests for sinatra,2013-05-02T22:37:45Z,2013-05-02T22:37:45Z,udzura,91011,https://avatars1.githubusercontent.com/u/91011?v=3
kaminari,kaminari,386,make default theme configurable,2015-02-11T05:41:53Z,,tonytonyjan,809410,https://avatars1.githubusercontent.com/u/809410?v=3
kaminari,kaminari,385,Test against rbx,2013-05-02T04:50:57Z,2013-05-02T04:50:57Z,jc00ke,18191,https://avatars3.githubusercontent.com/u/18191?v=3
kaminari,kaminari,383,Update readme for 'per',2013-04-26T08:18:24Z,2013-04-26T08:18:24Z,krzysztofbialek,228601,https://avatars0.githubusercontent.com/u/228601?v=3
kaminari,kaminari,382,Use appraisal instead of handmaid(?) gemfiles,2013-07-15T01:21:39Z,,sanemat,75448,https://avatars0.githubusercontent.com/u/75448?v=3
kaminari,kaminari,381,Fix Missing partial Error when 'paginate' called from different format template,2013-05-02T22:53:44Z,2013-05-02T22:53:44Z,joker1007,116996,https://avatars1.githubusercontent.com/u/116996?v=3
kaminari,kaminari,379,Use blocks to set default config values,2013-04-23T13:56:19Z,,southpolesteve,471400,https://avatars2.githubusercontent.com/u/471400?v=3
kaminari,kaminari,378,Tweak travis,2013-04-15T01:31:49Z,2013-04-15T01:31:49Z,hsbt,12301,https://avatars2.githubusercontent.com/u/12301?v=3
kaminari,kaminari,377,Test against ruby2.0 on travis-ci,2013-04-14T22:05:07Z,2013-04-14T22:05:07Z,sanemat,75448,https://avatars0.githubusercontent.com/u/75448?v=3
kaminari,kaminari,376,Add failing tests for wrong pagination with padding,2013-04-23T13:37:13Z,2013-04-23T13:37:13Z,negipo,9780,https://avatars2.githubusercontent.com/u/9780?v=3
kaminari,kaminari,374,[#164] Make to_s in paginator threadsafe,2013-05-02T22:25:03Z,2013-05-02T22:25:03Z,bf4,142914,https://avatars1.githubusercontent.com/u/142914?v=3
kaminari,kaminari,372,Require dm-core instead of data_mapper to detect DataMapper,2013-08-07T00:53:26Z,,jlukas,56647,https://avatars1.githubusercontent.com/u/56647?v=3
kaminari,kaminari,369,Fix total_count to work for Rails 4 (Ruby 2),2013-06-18T12:10:33Z,2013-06-18T12:10:33Z,aew,726169,https://avatars0.githubusercontent.com/u/726169?v=3
kaminari,kaminari,366,last? should return true if page is out of range,2013-06-18T13:11:10Z,,moiristo,19221,https://avatars3.githubusercontent.com/u/19221?v=3
kaminari,kaminari,363,No easy way to make a link with html in it,2013-04-01T08:33:52Z,,monshq,585595,https://avatars3.githubusercontent.com/u/585595?v=3
kaminari,kaminari,362,Thanks for the great plugin ,2013-03-11T06:01:03Z,,prabode,92421,https://avatars3.githubusercontent.com/u/92421?v=3
kaminari,kaminari,361,remove ApplicationController from rails fake app,2013-04-01T09:05:57Z,,timoschilling,165599,https://avatars2.githubusercontent.com/u/165599?v=3
kaminari,kaminari,360,remove the Railtie and use only the Engine,2013-08-07T00:56:59Z,,timoschilling,165599,https://avatars2.githubusercontent.com/u/165599?v=3
kaminari,kaminari,359,Fix wrong pagination when used with padding,2013-04-23T13:33:25Z,2013-04-23T13:33:25Z,vladimir-vg,227746,https://avatars2.githubusercontent.com/u/227746?v=3
kaminari,kaminari,357,page_entities_info entry_name translate fix,2013-08-07T01:43:19Z,,lazing,783849,https://avatars2.githubusercontent.com/u/783849?v=3
kaminari,kaminari,354,Issue #310 fixed. Refactored code to use a single method to know if a ta...,2014-03-31T00:24:19Z,,anthonyalberto,872409,https://avatars2.githubusercontent.com/u/872409?v=3
kaminari,kaminari,352,Localize entry_name in page_entries_info helper,2013-08-07T01:40:52Z,,pavolzbell,1657389,https://avatars0.githubusercontent.com/u/1657389?v=3
kaminari,kaminari,348,A possible fix for issue 340,2013-08-08T02:33:42Z,,eitoball,34205,https://avatars3.githubusercontent.com/u/34205?v=3
kaminari,kaminari,334,Make kaminari more robust against invalid input values,2013-08-07T01:39:21Z,,borisruf,95551,https://avatars2.githubusercontent.com/u/95551?v=3
kaminari,kaminari,332,Add support for Sinatra views overrides (add app views paths),2013-03-07T09:10:08Z,2013-03-07T09:10:08Z,j15e,143380,https://avatars1.githubusercontent.com/u/143380?v=3
kaminari,kaminari,331,Performance enhancements for large datasets,2013-01-05T13:11:29Z,,hammady,855847,https://avatars2.githubusercontent.com/u/855847?v=3
kaminari,kaminari,330,Fix typo: shold -> should,2013-01-01T06:55:36Z,2013-01-01T06:55:36Z,sorah,29440,https://avatars1.githubusercontent.com/u/29440?v=3
kaminari,kaminari,325,Use rdoc markup in code,2012-12-20T03:13:43Z,2012-12-20T03:13:43Z,frodsan,840464,https://avatars2.githubusercontent.com/u/840464?v=3
kaminari,kaminari,322,Supported route prefix (or namespace) which was added in Rails 3.1.,2017-01-12T22:21:54Z,,harai,515636,https://avatars3.githubusercontent.com/u/515636?v=3
kaminari,kaminari,320,Fix coercion error when offset_value is nil,2012-12-20T03:48:36Z,2012-12-20T03:48:36Z,bricker,978899,https://avatars0.githubusercontent.com/u/978899?v=3
kaminari,kaminari,315,Add the ability to call #num_pages method,2012-12-26T07:23:53Z,,yuki24,386234,https://avatars3.githubusercontent.com/u/386234?v=3
kaminari,kaminari,314,Make Kaminari.config.default_per_page changeable,2012-12-20T03:45:31Z,2012-12-20T03:45:31Z,yuki24,386234,https://avatars3.githubusercontent.com/u/386234?v=3
kaminari,kaminari,313,Make Kaminari.config.default_per_page changeable,2012-11-27T11:37:07Z,,yuki24,386234,https://avatars3.githubusercontent.com/u/386234?v=3
kaminari,kaminari,309,Entry fallback translation,2016-10-12T00:45:45Z,,thibaultponcelet,691908,https://avatars0.githubusercontent.com/u/691908?v=3
kaminari,kaminari,308,Improve README,2012-11-22T11:46:12Z,2012-11-22T11:46:12Z,ernsheong,1343284,https://avatars0.githubusercontent.com/u/1343284?v=3
kaminari,kaminari,307,"Do not merge ""WHERE"" conditions into last one during pagination",2013-08-08T02:51:44Z,,detomastah,112113,https://avatars1.githubusercontent.com/u/112113?v=3
kaminari,kaminari,306,"Cutomizable out of range, fixes #297",2013-06-18T13:11:10Z,,gs,79596,https://avatars0.githubusercontent.com/u/79596?v=3
kaminari,kaminari,305,"per(0) should still returns scope / array with no elements, fixes #296",2013-07-02T12:47:25Z,,gs,79596,https://avatars0.githubusercontent.com/u/79596?v=3
kaminari,kaminari,304,"Allow nil for #per, to return records without limit (like ActiveRelation#limit)",2012-11-26T13:31:28Z,2012-11-26T13:31:28Z,bricker,978899,https://avatars0.githubusercontent.com/u/978899?v=3
kaminari,kaminari,303,Add spanish translation to locales,2012-11-08T21:12:09Z,,hernanvicente,229974,https://avatars3.githubusercontent.com/u/229974?v=3
kaminari,kaminari,302,Explicit integer conversion of page number,2012-10-23T03:28:12Z,,rictariman,106228,https://avatars2.githubusercontent.com/u/106228?v=3
kaminari,kaminari,301,Add max_pages option (similar as in #88),2012-11-26T13:24:54Z,2012-11-26T13:24:54Z,zpieslak,1268778,https://avatars1.githubusercontent.com/u/1268778?v=3
kaminari,kaminari,300,add script_name to generated url,2012-10-23T07:47:44Z,,fsword,18908,https://avatars1.githubusercontent.com/u/18908?v=3
kaminari,kaminari,298,Align kaminari views format,2012-10-19T17:38:18Z,2012-10-19T17:38:18Z,sasata299,56573,https://avatars2.githubusercontent.com/u/56573?v=3
kaminari,kaminari,294,Tweak travis.yml,2012-10-03T04:02:36Z,2012-10-03T04:02:36Z,hsbt,12301,https://avatars2.githubusercontent.com/u/12301?v=3
kaminari,kaminari,290,somewhat cleaner config,2012-11-26T13:30:31Z,,shime,703563,https://avatars0.githubusercontent.com/u/703563?v=3
kaminari,kaminari,289,better warning message,2012-09-24T06:51:46Z,2012-09-24T06:51:46Z,shime,703563,https://avatars0.githubusercontent.com/u/703563?v=3
kaminari,kaminari,288,Fix issue #284,2012-12-26T07:30:27Z,,eitoball,34205,https://avatars3.githubusercontent.com/u/34205?v=3
kaminari,kaminari,287,Warn deprecation of num_pages page scope,2013-07-02T14:03:24Z,,eitoball,34205,https://avatars3.githubusercontent.com/u/34205?v=3
kaminari,kaminari,282,Make Kaminari.config.default_per_page changeable again ,2012-09-08T01:07:10Z,2012-09-08T01:07:10Z,yuki24,386234,https://avatars3.githubusercontent.com/u/386234?v=3
kaminari,kaminari,279,Fix for issue#271,2012-09-04T23:06:18Z,2012-09-04T23:06:18Z,eitoball,34205,https://avatars3.githubusercontent.com/u/34205?v=3
kaminari,kaminari,277,Possible fix for issue#276,2012-09-02T17:02:57Z,2012-09-02T17:02:57Z,eitoball,34205,https://avatars3.githubusercontent.com/u/34205?v=3
kaminari,kaminari,274,Add max_per_page config value,2012-09-02T15:12:20Z,2012-09-02T15:12:20Z,keiko713,911433,https://avatars2.githubusercontent.com/u/911433?v=3
kaminari,kaminari,272,Add documentation about custom almost array-less pagination.,2012-09-01T13:11:25Z,2012-09-01T13:11:24Z,pupeno,8425,https://avatars3.githubusercontent.com/u/8425?v=3
kaminari,kaminari,267,Support for complex :param_name such as 'scope[page]',2013-08-07T01:30:34Z,,leikind,99266,https://avatars1.githubusercontent.com/u/99266?v=3
kaminari,kaminari,266,Fix issue#265,2012-09-01T12:16:22Z,2012-09-01T12:16:22Z,eitoball,34205,https://avatars3.githubusercontent.com/u/34205?v=3
kaminari,kaminari,264,"Using an &hellip; instead of ""...""",2012-09-04T12:06:43Z,2012-09-04T12:06:43Z,pjaspers,52989,https://avatars0.githubusercontent.com/u/52989?v=3
kaminari,kaminari,262,Subclasses are including ActiveRecordModelExtension too fast,2014-03-19T02:32:32Z,,rindek,881209,https://avatars2.githubusercontent.com/u/881209?v=3
kaminari,kaminari,259,require 'dm-aggregates' in DataMapper hook,2012-09-02T15:01:04Z,2012-09-02T15:01:04Z,shingara,1088,https://avatars0.githubusercontent.com/u/1088?v=3
kaminari,kaminari,253,From PATH_INFO to REQUEST_PATH in Sinatra helper,2012-07-01T17:33:43Z,,kot-begemot,780077,https://avatars1.githubusercontent.com/u/780077?v=3
kaminari,kaminari,251,Support pagination in mounted sub apps in padrino,2017-01-12T22:43:10Z,,santopuppy,208640,https://avatars0.githubusercontent.com/u/208640?v=3
kaminari,kaminari,245,remove an unused local variable,2012-06-20T01:39:00Z,2012-06-20T01:39:00Z,juno,5352,https://avatars0.githubusercontent.com/u/5352?v=3
kaminari,kaminari,243,Added Desc on Rake Tasks,2012-06-09T19:16:39Z,2012-06-09T19:16:39Z,plribeiro3000,672952,https://avatars3.githubusercontent.com/u/672952?v=3
kaminari,kaminari,238,render kaminari spec compatible to mongoid 3,2012-05-22T22:16:52Z,2012-05-22T22:16:52Z,shingara,1088,https://avatars0.githubusercontent.com/u/1088?v=3
kaminari,kaminari,237,Add previous and next page number scopes,2013-06-17T10:04:20Z,,joeytheman,315879,https://avatars2.githubusercontent.com/u/315879?v=3
kaminari,kaminari,236,remove several trailing whitespaces,2012-05-15T11:47:50Z,2012-05-15T11:47:50Z,forresty,171245,https://avatars2.githubusercontent.com/u/171245?v=3
kaminari,kaminari,234,compatible to mongoid 3,2012-05-15T17:03:06Z,,shingara,1088,https://avatars0.githubusercontent.com/u/1088?v=3
kaminari,kaminari,232,the count bug is back in rails 3.2,2014-03-29T21:24:44Z,,twinge,23668,https://avatars2.githubusercontent.com/u/23668?v=3
kaminari,kaminari,229,Use page 1 in the params,2012-04-18T04:03:35Z,,rhulse,30732,https://avatars0.githubusercontent.com/u/30732?v=3
kaminari,kaminari,222,I think having ?page=1 is more consistent and it can have different behaviour for /collection and /collection?page=1,2013-08-07T01:05:28Z,,ghost,10137,https://avatars0.githubusercontent.com/u/10137?v=3
kaminari,kaminari,218,Grape framework,2012-05-15T12:39:05Z,2012-05-15T12:39:05Z,lukaszsliwa,185065,https://avatars3.githubusercontent.com/u/185065?v=3
kaminari,kaminari,216,Support for grouped values coming from count,2012-05-15T16:58:16Z,,ejdyksen,150614,https://avatars2.githubusercontent.com/u/150614?v=3
kaminari,kaminari,209,Using I18n on page_entries_info helper,2012-02-22T13:14:53Z,,ricardohsd,46654,https://avatars3.githubusercontent.com/u/46654?v=3
kaminari,kaminari,207,Improvement for helper,2012-05-15T13:36:36Z,2012-05-15T13:36:36Z,plribeiro3000,672952,https://avatars3.githubusercontent.com/u/672952?v=3
kaminari,kaminari,206,next page,2012-02-12T05:30:17Z,,pinoytech,64101,https://avatars1.githubusercontent.com/u/64101?v=3
kaminari,kaminari,200,"Add helper to generate rel=""next"" and rel=""prev"" link tags for SEO (fixes Issue #163).",2012-05-15T13:41:06Z,2012-05-15T13:41:06Z,joe1chen,48643,https://avatars0.githubusercontent.com/u/48643?v=3
kaminari,kaminari,195,"Added Russian, Deutsch locales",2012-02-21T18:55:53Z,,kirs,522155,https://avatars0.githubusercontent.com/u/522155?v=3
kaminari,kaminari,194,Fixing displayed number of items on each page w/ Mongoid 2.4.x and MongoMapper.,2012-01-13T01:41:09Z,2012-01-13T01:41:09Z,dblock,542335,https://avatars2.githubusercontent.com/u/542335?v=3
kaminari,kaminari,193,"Allow count, total count to pass parameters to super",2012-09-20T01:05:46Z,2012-09-20T01:05:46Z,bsimpson,3703,https://avatars3.githubusercontent.com/u/3703?v=3
kaminari,kaminari,192,arabic & french translations,2012-05-15T13:46:09Z,,PapePathe,340927,https://avatars3.githubusercontent.com/u/340927?v=3
kaminari,kaminari,191,Added link_to_previous_page helper,2012-02-19T12:04:51Z,2012-02-19T12:04:51Z,timgremore,49427,https://avatars2.githubusercontent.com/u/49427?v=3
kaminari,kaminari,190,html_safe for page_entries_info helper,2011-12-24T08:56:32Z,2011-12-24T08:56:31Z,lucapette,124274,https://avatars3.githubusercontent.com/u/124274?v=3
kaminari,kaminari,189,Integrate count and total_count options,2011-12-30T20:02:07Z,2011-12-30T20:02:07Z,bsimpson,3703,https://avatars3.githubusercontent.com/u/3703?v=3
kaminari,kaminari,186,refactoring and small fixes,2011-12-20T12:12:13Z,,HeeL,287769,https://avatars2.githubusercontent.com/u/287769?v=3
kaminari,kaminari,181,support travis-ci,2011-11-29T12:53:53Z,2011-11-29T12:53:53Z,hsbt,12301,https://avatars2.githubusercontent.com/u/12301?v=3
kaminari,kaminari,179,kaminari and its helpers works well around Sinatra(and also Padrino) with least dependency,2011-12-10T15:34:18Z,2011-12-10T15:34:17Z,udzura,91011,https://avatars1.githubusercontent.com/u/91011?v=3
kaminari,kaminari,177,Let one override the rel= attribute,2011-12-10T18:02:11Z,2011-12-10T18:02:11Z,webmat,2300,https://avatars2.githubusercontent.com/u/2300?v=3
kaminari,kaminari,172,feature : faster red/green,2012-07-10T16:39:40Z,,thenrio,127846,https://avatars0.githubusercontent.com/u/127846?v=3
kaminari,kaminari,168,added specs for the generators using the ammeter gem,2013-07-01T22:43:49Z,,alexrothenberg,12577,https://avatars0.githubusercontent.com/u/12577?v=3
kaminari,kaminari,161,Compatibility with Padrino (sans template helpers) and any other framework,2011-12-10T18:16:42Z,,mlightner,14773,https://avatars2.githubusercontent.com/u/14773?v=3
kaminari,kaminari,160,total_count should use length instead of count when using more complex queries,2011-12-11T17:34:34Z,2011-12-11T17:34:34Z,denysonique,631834,https://avatars1.githubusercontent.com/u/631834?v=3
kaminari,kaminari,159,"Do not depend on Rails because it depends on ActiveRecord, whenever you use it or another ORM/ODM in application",2011-09-06T02:10:39Z,2011-09-06T02:10:39Z,alsemyonov,4524,https://avatars0.githubusercontent.com/u/4524?v=3
kaminari,kaminari,155,enable to paginate throurh embedded documents in mongoid,2011-08-29T04:08:52Z,2011-08-29T04:08:52Z,yuki24,386234,https://avatars3.githubusercontent.com/u/386234?v=3
kaminari,kaminari,154,Issue #137: kaminari disastrous with very large num_pages,2011-12-11T14:16:05Z,2011-12-11T14:16:05Z,cbeer,111218,https://avatars2.githubusercontent.com/u/111218?v=3
kaminari,kaminari,149,[feature] Added support for DataMapper models,2011-08-29T11:29:11Z,2011-08-29T11:29:11Z,NoICE,195891,https://avatars2.githubusercontent.com/u/195891?v=3
kaminari,kaminari,141,Argument to set total count of documents in paginatable array,2011-08-25T03:05:55Z,2011-08-25T03:05:55Z,samdalton,327903,https://avatars3.githubusercontent.com/u/327903?v=3
kaminari,kaminari,140,page_entries_info view helper ported from will_paginate,2011-12-18T17:41:19Z,2011-12-18T17:41:19Z,jeffreyiacono,63325,https://avatars2.githubusercontent.com/u/63325?v=3
kaminari,kaminari,138,Memoize count for AR when calling total_count - Increases performance for large datasets,2011-12-11T03:29:34Z,2011-12-11T03:29:34Z,sarmiena,250349,https://avatars0.githubusercontent.com/u/250349?v=3
kaminari,kaminari,134,Added documentation for generating friendly URLs,2011-07-02T00:29:07Z,2011-07-02T00:29:07Z,sethvargo,408570,https://avatars0.githubusercontent.com/u/408570?v=3
kaminari,kaminari,129,paginator helper support for Sunspot Search object,2012-07-11T08:24:15Z,,dhiemstra,37780,https://avatars2.githubusercontent.com/u/37780?v=3
kaminari,kaminari,121,Datamapper integration,2011-08-29T11:29:10Z,2011-08-29T11:29:10Z,Ragmaanir,113789,https://avatars0.githubusercontent.com/u/113789?v=3
kaminari,kaminari,119,ActiveRecord::Base subclasses that are defined before Kaminari is loaded now get the proper mixins,2011-08-21T19:26:36Z,2011-08-21T19:26:36Z,pivotal-casebook,189518,https://avatars2.githubusercontent.com/u/189518?v=3
kaminari,kaminari,115,Custom route instead of url_for,2013-08-07T01:02:20Z,,ivanyv,6844,https://avatars0.githubusercontent.com/u/6844?v=3
kaminari,kaminari,111,Complex queries may break Kaminari total_count,2011-07-07T12:34:27Z,,dmitriy-kiriyenko,124430,https://avatars3.githubusercontent.com/u/124430?v=3
kaminari,kaminari,110,"Paginator#page(:first) returns PageProxy, hide redundant First/Last links.",2012-01-23T07:24:10Z,,pda,15759,https://avatars2.githubusercontent.com/u/15759?v=3
kaminari,kaminari,108,Inheritance,2011-08-21T00:14:42Z,2011-08-21T00:14:42Z,seejohnrun,64965,https://avatars3.githubusercontent.com/u/64965?v=3
kaminari,kaminari,107,Fix misc typo in README.rdoc,2011-05-06T23:52:13Z,2011-05-06T23:52:13Z,Florent2,51865,https://avatars2.githubusercontent.com/u/51865?v=3
kaminari,kaminari,102,param_name via block,2011-05-02T23:20:39Z,2011-05-02T23:20:39Z,ajrkerr,78062,https://avatars0.githubusercontent.com/u/78062?v=3
kaminari,kaminari,101,Added MongoMapper Support,2011-04-27T02:39:56Z,2011-04-27T02:39:56Z,hamin,28212,https://avatars2.githubusercontent.com/u/28212?v=3
kaminari,kaminari,100,Don't remove includes scopes from count if they are needed,2011-04-26T21:16:22Z,2011-04-26T21:16:22Z,flop,12178,https://avatars2.githubusercontent.com/u/12178?v=3
kaminari,kaminari,99,Added a fix on this new version when using escape_javascript( paginate @collection ),2011-04-26T21:00:14Z,2011-04-26T21:00:14Z,Draiken,287889,https://avatars3.githubusercontent.com/u/287889?v=3
kaminari,kaminari,94,Using Kaminari.config to specify param_name,2011-04-22T14:38:37Z,2011-04-22T14:38:37Z,avsej,7280,https://avatars3.githubusercontent.com/u/7280?v=3
kaminari,kaminari,93,Added slim support,2011-04-22T14:38:37Z,2011-04-22T14:38:37Z,detrain,57750,https://avatars2.githubusercontent.com/u/57750?v=3
kaminari,kaminari,90,Bugfix: Pass the real @params to url_for. ,2011-04-22T03:48:40Z,2011-04-22T03:48:40Z,utkarshkukreti,217126,https://avatars0.githubusercontent.com/u/217126?v=3
kaminari,kaminari,88,Added max_pages option to paginate helper,2012-12-05T09:24:39Z,,ankane,220358,https://avatars0.githubusercontent.com/u/220358?v=3
kaminari,kaminari,86,#total_count should be cached,2011-05-04T18:57:47Z,,oleander,220827,https://avatars3.githubusercontent.com/u/220827?v=3
kaminari,kaminari,85,quickfix to avoid a crash when the query already has a count/group_by ,2011-12-20T11:14:50Z,,prosm,317557,https://avatars1.githubusercontent.com/u/317557?v=3
kaminari,kaminari,82,A little patch for rails edge/3.1.0,2011-04-19T08:47:54Z,,janx,5958,https://avatars3.githubusercontent.com/u/5958?v=3
kaminari,kaminari,81,Patching for rails edge,2011-04-20T11:44:07Z,,flop,12178,https://avatars2.githubusercontent.com/u/12178?v=3
kaminari,kaminari,80,Made kaminari work better with polymorphic eager loading in rails 3,2011-04-19T09:10:55Z,,njakobsen,87623,https://avatars1.githubusercontent.com/u/87623?v=3
kaminari,kaminari,77,"Fix for incorrect record count when query uses ""distinct"" ",2011-05-04T01:29:59Z,,tbeauvais,121275,https://avatars3.githubusercontent.com/u/121275?v=3
kaminari,kaminari,76,TestHelpers,2013-07-12T04:30:19Z,,nessche,271031,https://avatars0.githubusercontent.com/u/271031?v=3
kaminari,kaminari,75,Order count bug,2011-04-20T17:00:13Z,,Empact,5470,https://avatars1.githubusercontent.com/u/5470?v=3
kaminari,kaminari,72,add truncate css class,2011-04-29T03:40:47Z,,maduhaime,58376,https://avatars2.githubusercontent.com/u/58376?v=3
kaminari,kaminari,69,Made mongoid version requirement more flexible.,2011-04-19T09:50:57Z,,joshuabowers,275265,https://avatars0.githubusercontent.com/u/275265?v=3
kaminari,kaminari,64,Fix Issue 59: Allow for Multiple Themes,2011-04-20T03:55:27Z,,tmilewski,26691,https://avatars2.githubusercontent.com/u/26691?v=3
kaminari,kaminari,61,Remove :order from scopes used to count paginated set,2011-04-20T16:53:23Z,,keeran,848,https://avatars3.githubusercontent.com/u/848?v=3
kaminari,kaminari,60,Adding #skip,2011-08-20T23:46:49Z,,aaronjensen,8588,https://avatars0.githubusercontent.com/u/8588?v=3
kaminari,kaminari,51,Some changes,2011-12-20T11:09:51Z,,holinnn,87913,https://avatars2.githubusercontent.com/u/87913?v=3
kaminari,kaminari,39,Issue 30 HTML suggestions,2011-02-27T16:12:53Z,2011-02-27T16:12:53Z,GarthSnyder,443181,https://avatars0.githubusercontent.com/u/443181?v=3
kaminari,kaminari,34,ActiveRecord::Base inherited callback should call super,2011-02-24T12:46:39Z,2011-02-24T12:46:39Z,rolftimmermans,78237,https://avatars2.githubusercontent.com/u/78237?v=3
kaminari,kaminari,33,Fix Vanishing Mongoid Criteria,2011-02-24T13:12:59Z,2011-02-24T13:12:59Z,tyok,89855,https://avatars2.githubusercontent.com/u/89855?v=3
kaminari,kaminari,15,Refactor scope definition with Concerns,2011-02-20T15:21:27Z,2011-02-20T15:21:27Z,l15n,3714,https://avatars2.githubusercontent.com/u/3714?v=3
kaminari,kaminari,14,Don't require active_record.,2011-02-20T04:37:47Z,2011-02-20T04:37:47Z,hasimo,26832,https://avatars1.githubusercontent.com/u/26832?v=3
kaminari,kaminari,13,Use Proc.new instead of lambda for scoped_options,2011-02-19T21:55:45Z,,l15n,3714,https://avatars2.githubusercontent.com/u/3714?v=3
kaminari,kaminari,12,Fixes for developing on Ruby 1.9.2,2011-02-19T23:55:06Z,2011-02-19T15:55:06Z,l15n,3714,https://avatars2.githubusercontent.com/u/3714?v=3
kaminari,kaminari,9,Mongoid,2011-02-18T03:35:08Z,2011-02-17T19:35:08Z,juno,5352,https://avatars0.githubusercontent.com/u/5352?v=3
kaminari,kaminari,8,Added support for Gem Testers (http://gem-testers.org/),2011-02-17T01:30:58Z,2011-02-16T17:30:58Z,joealba,22587,https://avatars0.githubusercontent.com/u/22587?v=3
kaminari,kaminari,7,per ,2011-02-17T01:30:58Z,2011-02-16T17:30:58Z,koic,13203,https://avatars0.githubusercontent.com/u/13203?v=3
