RubyMoney,money,691,Remove heuristics module,2017-03-14T21:45:23Z,2017-03-14T21:45:23Z,stereobooster,179534,https://avatars1.githubusercontent.com/u/179534?v=3
RubyMoney,money,689,Update links to HTTPS,2017-03-09T09:00:17Z,2017-03-09T09:00:17Z,guilhermesimoes,531168,https://avatars3.githubusercontent.com/u/531168?v=3
RubyMoney,money,686,[Issue #678] VND currency should have symbol_first: false,2017-03-01T10:51:04Z,2017-03-01T10:51:04Z,tmlee,110264,https://avatars1.githubusercontent.com/u/110264?v=3
RubyMoney,money,685,Relax i18n version constraint to allow patch version updates,2017-02-25T17:47:18Z,2017-02-25T17:47:18Z,lautis,19264,https://avatars1.githubusercontent.com/u/19264?v=3
RubyMoney,money,684,Peruvian Sol,2017-02-13T17:45:20Z,2017-02-13T17:45:20Z,komba,495408,https://avatars3.githubusercontent.com/u/495408?v=3
RubyMoney,money,683,Fix symbol for UZS,2017-02-09T14:24:04Z,2017-02-09T14:24:04Z,antstorm,118353,https://avatars2.githubusercontent.com/u/118353?v=3
RubyMoney,money,681,Bump i18n version to 0.8.0,2017-02-04T10:15:48Z,2017-02-04T10:15:48Z,antstorm,118353,https://avatars2.githubusercontent.com/u/118353?v=3
RubyMoney,money,680,fix self_amount constructor accepting nil currency_code,2017-02-01T16:58:30Z,2017-02-01T16:58:30Z,karthikmuralidharan,2356525,https://avatars2.githubusercontent.com/u/2356525?v=3
RubyMoney,money,679,eliminate subunits for forints,2017-01-25T18:55:24Z,2017-01-25T18:55:24Z,Azdaroth,1833644,https://avatars2.githubusercontent.com/u/1833644?v=3
RubyMoney,money,676,Rollback #666 + different caching solution,2017-01-08T11:11:18Z,2017-01-08T11:11:18Z,antstorm,118353,https://avatars2.githubusercontent.com/u/118353?v=3
RubyMoney,money,674,Fixnum is deprecated in ruby 2.4.,2017-01-03T10:52:52Z,2017-01-03T10:52:52Z,Nerian,259568,https://avatars2.githubusercontent.com/u/259568?v=3
RubyMoney,money,673,Ruby 2.4.0 support,2017-01-03T18:01:42Z,2017-01-03T18:01:42Z,antstorm,118353,https://avatars2.githubusercontent.com/u/118353?v=3
RubyMoney,money,672,Fix ruby 2.4.0 deprecation warnings,2016-12-28T17:47:59Z,2016-12-28T17:47:59Z,antstorm,118353,https://avatars2.githubusercontent.com/u/118353?v=3
RubyMoney,money,671,Add ruby 2.4.0 to build targets,2016-12-28T17:46:52Z,2016-12-28T17:46:52Z,antstorm,118353,https://avatars2.githubusercontent.com/u/118353?v=3
RubyMoney,money,670,money.gemspec: remove post_install_message,2016-12-13T08:47:20Z,2016-12-13T08:47:19Z,pda,15759,https://avatars2.githubusercontent.com/u/15759?v=3
RubyMoney,money,668,Change czk thousand separator to most used,2016-11-25T22:17:46Z,2016-11-25T22:17:46Z,prokopsimek,5487217,https://avatars1.githubusercontent.com/u/5487217?v=3
RubyMoney,money,666,Cache I18n calls for better performance,2016-12-19T10:40:32Z,2016-12-19T10:40:32Z,antstorm,118353,https://avatars2.githubusercontent.com/u/118353?v=3
RubyMoney,money,664,Update example for recent versions of ActiveRecord,2016-11-07T11:07:21Z,2016-11-07T11:07:21Z,guilleiguaran,160941,https://avatars1.githubusercontent.com/u/160941?v=3
RubyMoney,money,663,Do not ignore disambiguate option when symbol: true in `format` method,2016-10-28T21:49:07Z,2016-10-28T21:49:07Z,project-eutopia,5336619,https://avatars1.githubusercontent.com/u/5336619?v=3
RubyMoney,money,661,Allow failures from rubinius,2016-10-23T15:20:56Z,2016-10-23T15:20:56Z,spk,98590,https://avatars0.githubusercontent.com/u/98590?v=3
RubyMoney,money,660,Lock term-ansicolor version for ruby 1.9.x,2016-10-09T19:47:01Z,2016-10-09T19:47:01Z,antstorm,118353,https://avatars2.githubusercontent.com/u/118353?v=3
RubyMoney,money,659,Change symbol_first to false for RON,2016-10-09T20:01:18Z,2016-10-09T20:01:18Z,xssc,15078243,https://avatars1.githubusercontent.com/u/15078243?v=3
RubyMoney,money,658,[WIP] Exchanged at time support,,,kaspernj,234531,https://avatars3.githubusercontent.com/u/234531?v=3
RubyMoney,money,657,Added Money#installments method,2016-09-14T14:39:43Z,,rodolfospalenza,623173,https://avatars2.githubusercontent.com/u/623173?v=3
RubyMoney,money,656,Fix exchange issues when dealing with larger numbers,2016-09-01T22:57:34Z,2016-09-01T22:57:34Z,antstorm,118353,https://avatars2.githubusercontent.com/u/118353?v=3
RubyMoney,money,653,Correct allocation for negative amounts,2016-08-29T20:29:23Z,2016-08-29T20:29:23Z,antstorm,118353,https://avatars2.githubusercontent.com/u/118353?v=3
RubyMoney,money,651,Check cents remain unchanged when calling currency_as_string=,2016-08-20T15:41:28Z,2016-08-20T15:41:28Z,antstorm,118353,https://avatars2.githubusercontent.com/u/118353?v=3
RubyMoney,money,650,Remove localize formatting rules,,,yukihariguchi,5611107,https://avatars0.githubusercontent.com/u/5611107?v=3
RubyMoney,money,649,Lock tins gems for ruby 1.9.3,2016-08-15T16:10:32Z,2016-08-15T16:10:32Z,antstorm,118353,https://avatars2.githubusercontent.com/u/118353?v=3
RubyMoney,money,648,Update currency decimals to ISO-4217,2016-08-15T16:17:52Z,2016-08-15T16:17:52Z,MiguelBel,1566116,https://avatars0.githubusercontent.com/u/1566116?v=3
RubyMoney,money,647,Replace switch statement with Hash structure,2016-07-15T12:22:47Z,2016-07-15T12:22:47Z,Funfun,15877,https://avatars1.githubusercontent.com/u/15877?v=3
RubyMoney,money,646,Update Travis CI ruby versions,2016-07-12T00:10:28Z,2016-07-12T00:10:28Z,antstorm,118353,https://avatars2.githubusercontent.com/u/118353?v=3
RubyMoney,money,645,Lock json at 1.8.3 for ruby 1.9,2016-07-11T16:42:16Z,2016-07-11T16:42:16Z,antstorm,118353,https://avatars2.githubusercontent.com/u/118353?v=3
RubyMoney,money,644,html_entity for COP should be $,2016-07-11T16:49:20Z,2016-07-11T16:49:20Z,jdatti,3734270,https://avatars2.githubusercontent.com/u/3734270?v=3
RubyMoney,money,643,add currency from the FFaker::Currency list,2016-07-01T14:13:03Z,2016-07-01T14:13:03Z,we138,8439842,https://avatars0.githubusercontent.com/u/8439842?v=3
RubyMoney,money,641,Adding reference to money-uphold-bank,2016-06-16T14:54:44Z,2016-06-16T14:54:44Z,naps62,283819,https://avatars1.githubusercontent.com/u/283819?v=3
RubyMoney,money,640,"Mention ""MIT"" in license text",2016-06-13T21:11:49Z,2016-06-13T21:11:49Z,epidemian,722544,https://avatars3.githubusercontent.com/u/722544?v=3
RubyMoney,money,636,memoize Currency.find currency,2016-06-01T17:49:39Z,,rubemz,151245,https://avatars0.githubusercontent.com/u/151245?v=3
RubyMoney,money,635,fixed HUF smallest denomination,2016-05-30T16:16:51Z,2016-05-30T16:16:51Z,yenshirak,4824537,https://avatars3.githubusercontent.com/u/4824537?v=3
RubyMoney,money,632,UZS syntax fixed,2016-05-18T09:14:50Z,2016-05-18T09:14:50Z,ajahongir,625014,https://avatars0.githubusercontent.com/u/625014?v=3
RubyMoney,money,630,Replaces deprecated gem with new version,2016-05-02T10:12:50Z,2016-05-02T10:12:50Z,naps62,283819,https://avatars1.githubusercontent.com/u/283819?v=3
RubyMoney,money,629,Add new currency BYN(933) New Belarusian ruble,2016-04-29T14:46:50Z,,seongreen,159871,https://avatars1.githubusercontent.com/u/159871?v=3
RubyMoney,money,627,Added disambiguation symbol to USD Dollar,2016-04-29T14:35:36Z,2016-04-29T14:35:36Z,netmask,38984,https://avatars3.githubusercontent.com/u/38984?v=3
RubyMoney,money,625,Fixed divmod. Fixes #620,2016-04-22T15:06:29Z,2016-04-22T15:06:29Z,printercu,1144890,https://avatars3.githubusercontent.com/u/1144890?v=3
RubyMoney,money,624,"When conversions disallowed, raise errors on every x-currecy arithmetic operation",2016-05-18T09:18:42Z,2016-05-18T09:18:42Z,printercu,1144890,https://avatars3.githubusercontent.com/u/1144890?v=3
RubyMoney,money,622,V7 part0,,,printercu,1144890,https://avatars3.githubusercontent.com/u/1144890?v=3
RubyMoney,money,621,V7 part0,2016-03-30T16:38:22Z,2016-03-30T16:38:21Z,printercu,1144890,https://avatars3.githubusercontent.com/u/1144890?v=3
RubyMoney,money,619,V7,,,printercu,1144890,https://avatars3.githubusercontent.com/u/1144890?v=3
RubyMoney,money,618,Put symbol in proper place for fr-CA locale,,,hoverlover,169285,https://avatars3.githubusercontent.com/u/169285?v=3
RubyMoney,money,617,Aed symbol,2016-03-24T13:13:14Z,,mark-jacobs,7295573,https://avatars2.githubusercontent.com/u/7295573?v=3
RubyMoney,money,616,Money#== raises error for non-zero numeric values,2016-03-24T19:40:32Z,2016-03-24T19:40:32Z,printercu,1144890,https://avatars3.githubusercontent.com/u/1144890?v=3
RubyMoney,money,615,corrected a typo in README,2016-03-21T17:24:09Z,2016-03-21T17:24:09Z,r11runner,8597439,https://avatars3.githubusercontent.com/u/8597439?v=3
RubyMoney,money,612,fix formatting for edge case with i18n/yaml settings,2016-02-26T00:40:54Z,2016-02-26T00:40:54Z,cade,3403,https://avatars2.githubusercontent.com/u/3403?v=3
RubyMoney,money,611,Typo Fixes and Consistency Changes,2016-02-21T23:03:36Z,2016-02-21T23:03:36Z,tonyta,5795302,https://avatars1.githubusercontent.com/u/5795302?v=3
RubyMoney,money,610,fix Money::Formatting#format docs,2016-02-18T00:01:41Z,2016-02-18T00:01:41Z,cade,3403,https://avatars2.githubusercontent.com/u/3403?v=3
RubyMoney,money,609,fix symbol for Danish Krone (DKK),2016-02-17T22:38:05Z,2016-02-17T22:38:05Z,cade,3403,https://avatars2.githubusercontent.com/u/3403?v=3
RubyMoney,money,608,Comparing number to numeric now works,2016-02-01T14:02:21Z,,paulodiniz,1057422,https://avatars2.githubusercontent.com/u/1057422?v=3
RubyMoney,money,607,Fix coercion issues,2016-02-01T14:02:20Z,2016-02-01T14:02:20Z,printercu,1144890,https://avatars3.githubusercontent.com/u/1144890?v=3
RubyMoney,money,605,Fix commutative property issue,2016-02-07T09:21:41Z,,evheny0,3540194,https://avatars1.githubusercontent.com/u/3540194?v=3
RubyMoney,money,603,Fix Currency#exponent description,2016-01-20T13:15:44Z,2016-01-20T13:15:44Z,antstorm,118353,https://avatars2.githubusercontent.com/u/118353?v=3
RubyMoney,money,602,Updating symbols to VEF currency,2016-01-17T22:32:10Z,2016-01-17T22:32:10Z,xzdasx,1068862,https://avatars1.githubusercontent.com/u/1068862?v=3
RubyMoney,money,601,Travis jruby,2016-01-19T21:17:11Z,2016-01-19T21:17:11Z,spk,98590,https://avatars0.githubusercontent.com/u/98590?v=3
RubyMoney,money,596,Update README URLs based on HTTP redirects,2016-01-04T16:55:58Z,2016-01-04T16:55:58Z,ReadmeCritic,15367484,https://avatars0.githubusercontent.com/u/15367484?v=3
RubyMoney,money,595,Fix simulated output of major_currencies and all_currencies in README.md,2016-01-03T17:54:57Z,2016-01-03T17:54:57Z,HaleTom,13854417,https://avatars2.githubusercontent.com/u/13854417?v=3
RubyMoney,money,594,Sort the AUTHORS file,2016-01-03T17:54:35Z,2016-01-03T17:54:35Z,HaleTom,13854417,https://avatars2.githubusercontent.com/u/13854417?v=3
RubyMoney,money,592,fix smallest_denomination for BYR,2015-12-28T13:19:49Z,2015-12-28T13:19:49Z,yltsrc,126663,https://avatars0.githubusercontent.com/u/126663?v=3
RubyMoney,money,591,Correct iranian currency details,2015-12-25T22:11:32Z,2015-12-25T22:11:32Z,AliSepehri,7887290,https://avatars3.githubusercontent.com/u/7887290?v=3
RubyMoney,money,590,fix subunit for byr currency,2015-12-24T23:32:51Z,2015-12-24T23:32:51Z,yltsrc,126663,https://avatars0.githubusercontent.com/u/126663?v=3
RubyMoney,money,589,add new belarus currency,2015-12-24T23:32:17Z,2015-12-24T23:32:17Z,yltsrc,126663,https://avatars0.githubusercontent.com/u/126663?v=3
RubyMoney,money,588,"money_spec: spelling: ""loose"" -> ""lose"".",2015-12-21T14:26:42Z,2015-12-21T14:26:42Z,paulkogel,513255,https://avatars2.githubusercontent.com/u/513255?v=3
RubyMoney,money,587,money.rb: spelling again,2015-12-21T14:26:09Z,2015-12-21T14:26:09Z,paulkogel,513255,https://avatars2.githubusercontent.com/u/513255?v=3
RubyMoney,money,586,Drop support for Ruby 1.9.3,2015-12-17T00:48:40Z,,taki3,3800237,https://avatars2.githubusercontent.com/u/3800237?v=3
RubyMoney,money,585,Update changelog & authors for #577 #579 #584,2015-12-15T18:40:22Z,2015-12-15T18:40:22Z,j15e,143380,https://avatars1.githubusercontent.com/u/143380?v=3
RubyMoney,money,584,Update <=> to return nil if the comparison is inappropriate,2015-12-15T18:02:15Z,2015-12-15T18:02:15Z,j15e,143380,https://avatars1.githubusercontent.com/u/143380?v=3
RubyMoney,money,583,Allow focus filter in specs,2015-12-15T17:59:01Z,2015-12-15T17:59:01Z,j15e,143380,https://avatars1.githubusercontent.com/u/143380?v=3
RubyMoney,money,582,lib/money/money.rb: fix spelling.,2015-12-07T11:00:17Z,2015-12-07T11:00:17Z,paulkogel,513255,https://avatars2.githubusercontent.com/u/513255?v=3
RubyMoney,money,580,"Revert ""Ensure formatting methods are defined as public with class_eval""",2015-11-30T17:39:41Z,2015-11-30T17:39:41Z,semmons99,27679,https://avatars1.githubusercontent.com/u/27679?v=3
RubyMoney,money,579,Feature/simpler formatting methods,2015-12-15T18:26:04Z,2015-12-15T18:26:04Z,j15e,143380,https://avatars1.githubusercontent.com/u/143380?v=3
RubyMoney,money,578,Ensure formatting methods are defined as public with class_eval,2015-11-30T17:08:51Z,2015-11-30T17:08:51Z,j15e,143380,https://avatars1.githubusercontent.com/u/143380?v=3
RubyMoney,money,577,Check for zero value without using eql? with a Fixnum,2015-11-30T17:07:47Z,2015-11-30T17:07:47Z,j15e,143380,https://avatars1.githubusercontent.com/u/143380?v=3
RubyMoney,money,576,Feature/ruby 2.3.0,2015-12-15T17:44:44Z,,j15e,143380,https://avatars1.githubusercontent.com/u/143380?v=3
RubyMoney,money,574,:drop_trailing_zeros option,2015-11-09T20:44:02Z,2015-11-09T20:44:02Z,sime,216917,https://avatars3.githubusercontent.com/u/216917?v=3
RubyMoney,money,571,Update subunit listing for Belarusian Ruble.,2015-11-04T18:51:41Z,2015-11-04T18:51:41Z,dkushner,1289314,https://avatars2.githubusercontent.com/u/1289314?v=3
RubyMoney,money,570,Update the currency symbol for Bulgarian lev,2015-11-01T12:12:20Z,2015-11-01T12:12:20Z,AlexVPopov,3239252,https://avatars0.githubusercontent.com/u/3239252?v=3
RubyMoney,money,569,Fixed AED currency to format with symbol after.,2015-10-27T20:12:11Z,2015-10-27T20:12:11Z,jonathanweekes,15030045,https://avatars1.githubusercontent.com/u/15030045?v=3
RubyMoney,money,567,Add method Money#split_by .,2015-10-15T23:54:14Z,,gustavolobo,932251,https://avatars0.githubusercontent.com/u/932251?v=3
RubyMoney,money,566,Raise TypeError when comparing with non-Money objects,2015-10-13T02:20:59Z,2015-10-13T02:20:59Z,focusshifter,569104,https://avatars1.githubusercontent.com/u/569104?v=3
RubyMoney,money,562,"Set ""symbol_first: false"" for currency HRK",2015-09-29T14:54:32Z,2015-09-29T14:54:32Z,docelic,112993,https://avatars3.githubusercontent.com/u/112993?v=3
RubyMoney,money,560,Add `Money::` namespace to `Currency` class in README usage examples,2015-09-14T01:38:13Z,2015-09-14T01:38:13Z,vrybas,30538,https://avatars0.githubusercontent.com/u/30538?v=3
RubyMoney,money,559,Add currency search with unaccent,2015-09-02T16:53:33Z,2015-09-02T16:53:33Z,phlegx,111506,https://avatars0.githubusercontent.com/u/111506?v=3
RubyMoney,money,557,Add spec for transliterate currency search pull request.,2015-09-01T21:26:06Z,2015-09-01T21:26:06Z,phlegx,111506,https://avatars0.githubusercontent.com/u/111506?v=3
RubyMoney,money,556,Add currencies GGP and IMP.,2015-09-01T21:26:18Z,2015-09-01T21:26:18Z,phlegx,111506,https://avatars0.githubusercontent.com/u/111506?v=3
RubyMoney,money,555,Add gem money-currencylayer-bank to implementations list.,2015-09-01T17:32:03Z,2015-09-01T17:32:03Z,phlegx,111506,https://avatars0.githubusercontent.com/u/111506?v=3
RubyMoney,money,554,Add transliteration to currency name search.,2015-09-01T17:32:18Z,2015-09-01T17:32:18Z,phlegx,111506,https://avatars0.githubusercontent.com/u/111506?v=3
RubyMoney,money,551,Fix issue with rounded_infinite_precision not using localised decimal mark,2015-08-29T03:06:03Z,2015-08-29T03:06:03Z,createdbypete,703621,https://avatars3.githubusercontent.com/u/703621?v=3
RubyMoney,money,550,Update Travis to use latest MRI Ruby stable,2015-08-27T23:35:04Z,2015-08-27T23:35:04Z,createdbypete,703621,https://avatars3.githubusercontent.com/u/703621?v=3
RubyMoney,money,549,Return nil when currency cannot be converted for comparison,2015-08-27T11:34:08Z,2015-08-27T11:34:08Z,createdbypete,703621,https://avatars3.githubusercontent.com/u/703621?v=3
RubyMoney,money,548,Fix specs not making any assertions,2015-08-27T21:56:55Z,2015-08-27T21:56:55Z,createdbypete,703621,https://avatars3.githubusercontent.com/u/703621?v=3
RubyMoney,money,547,Do not attempt to convert value being compared,2015-08-27T02:32:57Z,2015-08-27T02:32:57Z,createdbypete,703621,https://avatars3.githubusercontent.com/u/703621?v=3
RubyMoney,money,544,Allow subclassing money,2015-07-27T19:58:02Z,2015-07-27T19:58:02Z,nilbus,64751,https://avatars0.githubusercontent.com/u/64751?v=3
RubyMoney,money,542,Use SVG badges in readme,2015-07-26T01:25:09Z,2015-07-26T01:25:09Z,richardvenneman,75705,https://avatars2.githubusercontent.com/u/75705?v=3
RubyMoney,money,541,Update CHANGELOG.md,2015-07-16T21:11:11Z,2015-07-16T21:11:11Z,saizai,40273,https://avatars0.githubusercontent.com/u/40273?v=3
RubyMoney,money,538,Refactor Currency#new method,2015-07-16T15:59:35Z,2015-07-16T15:59:35Z,antstorm,118353,https://avatars2.githubusercontent.com/u/118353?v=3
RubyMoney,money,537,Remove `thread_safe` dependency,2015-07-12T17:06:35Z,2015-07-12T17:06:35Z,antstorm,118353,https://avatars2.githubusercontent.com/u/118353?v=3
RubyMoney,money,535,Ensure coerce only applies to multiplication,2015-09-29T14:54:48Z,2015-09-29T14:54:48Z,antstorm,118353,https://avatars2.githubusercontent.com/u/118353?v=3
RubyMoney,money,534,Ensure coerce only applies to multiplication,2015-07-06T15:09:13Z,,antstorm,118353,https://avatars2.githubusercontent.com/u/118353?v=3
RubyMoney,money,529,`Currency.new` now a singleton by its id,2015-06-18T15:27:44Z,2015-06-18T15:27:44Z,Funfun,15877,https://avatars1.githubusercontent.com/u/15877?v=3
RubyMoney,money,528,Fix Money#== and Ruby 2.2 deprecation warning,2015-06-17T19:13:02Z,2015-06-17T19:13:02Z,jimpo,881253,https://avatars0.githubusercontent.com/u/881253?v=3
RubyMoney,money,527,Add intro to formatting in usage and name the section,2015-06-12T18:48:25Z,2015-06-12T18:48:25Z,rosskevin,136564,https://avatars2.githubusercontent.com/u/136564?v=3
RubyMoney,money,526,Fix Jordanian Dinar subunit (100 -> 1000).,2015-06-08T15:23:36Z,2015-06-08T15:23:36Z,nashbridges,380913,https://avatars1.githubusercontent.com/u/380913?v=3
RubyMoney,money,525,add money-json-rates gem link to README.md,2015-06-06T08:03:36Z,2015-06-06T08:03:36Z,askuratovsky,2787325,https://avatars3.githubusercontent.com/u/2787325?v=3
RubyMoney,money,524,Fix VariableExchange#exchange_with for big numbers. Fixes #523,2015-06-04T20:59:02Z,2015-06-04T20:59:02Z,printercu,1144890,https://avatars3.githubusercontent.com/u/1144890?v=3
RubyMoney,money,520,"Revert ""CLP subunit_to_unit change from 1 to 100""",2015-05-31T18:54:55Z,2015-05-31T18:54:55Z,semmons99,27679,https://avatars1.githubusercontent.com/u/27679?v=3
RubyMoney,money,519,CLP subunit_to_unit change from 1 to 100,2015-05-29T20:32:19Z,2015-05-29T20:32:19Z,zkarpinski,64573,https://avatars2.githubusercontent.com/u/64573?v=3
RubyMoney,money,517,Any state change should be protected by mutex.,2015-05-24T02:27:57Z,2015-05-24T02:27:57Z,ismasan,1081,https://avatars1.githubusercontent.com/u/1081?v=3
RubyMoney,money,516,Decouple exchange rates storage from VariableExchange bank,2015-05-22T01:35:28Z,2015-05-22T01:35:28Z,ismasan,1081,https://avatars1.githubusercontent.com/u/1081?v=3
RubyMoney,money,515,0 in one currency should equal 0 in any other currency,2015-05-17T22:13:41Z,2015-05-17T22:13:41Z,crftr,547985,https://avatars3.githubusercontent.com/u/547985?v=3
RubyMoney,money,514,only one unit in South Korean Won,2015-05-21T16:20:02Z,2015-05-21T16:20:02Z,jasonahooper,5128540,https://avatars2.githubusercontent.com/u/5128540?v=3
RubyMoney,money,513,updated CHANGELOG and AUTHORS,2015-05-14T23:50:30Z,2015-05-14T23:50:30Z,mikerodrigues,1652799,https://avatars2.githubusercontent.com/u/1652799?v=3
RubyMoney,money,512,Minor fixes to prevent superfluous warnings,2015-05-13T17:10:54Z,2015-05-13T17:10:54Z,mikerodrigues,1652799,https://avatars2.githubusercontent.com/u/1652799?v=3
RubyMoney,money,511,Add spec for Money::Currency::Loader,2015-05-07T05:17:17Z,2015-05-07T05:17:17Z,JuanitoFatas,1000669,https://avatars2.githubusercontent.com/u/1000669?v=3
RubyMoney,money,510,Less objects allocations in .from_amount,2015-05-07T13:55:38Z,2015-05-07T13:55:38Z,printercu,1144890,https://avatars3.githubusercontent.com/u/1144890?v=3
RubyMoney,money,508,Fix the subunit_to_unit values of the CLP,2015-04-21T16:08:11Z,2015-04-21T16:08:11Z,basex,357288,https://avatars0.githubusercontent.com/u/357288?v=3
RubyMoney,money,506,Change CLF exponent from 0 to 4,2015-04-06T19:37:07Z,2015-04-06T19:37:07Z,cade,3403,https://avatars2.githubusercontent.com/u/3403?v=3
RubyMoney,money,505,update iso_code exception notice,2015-03-29T14:32:09Z,2015-03-29T14:32:09Z,rusikf,3082811,https://avatars2.githubusercontent.com/u/3082811?v=3
RubyMoney,money,503,"eql? method replaced by alias_method :eql?, :==",2015-03-12T18:42:34Z,2015-03-12T18:42:34Z,arthurkarganyan,7760176,https://avatars0.githubusercontent.com/u/7760176?v=3
RubyMoney,money,502,Double negation,2015-08-11T12:04:13Z,,arthurkarganyan,7760176,https://avatars0.githubusercontent.com/u/7760176?v=3
RubyMoney,money,499,Adding support for translating currency symbols,2015-04-10T05:32:00Z,2015-04-10T05:32:00Z,douglasmiller,1467444,https://avatars0.githubusercontent.com/u/1467444?v=3
RubyMoney,money,498,Changed CHF symbol from 'Fr' to 'CHF',2015-02-20T00:26:08Z,2015-02-20T00:26:08Z,cade,3403,https://avatars2.githubusercontent.com/u/3403?v=3
RubyMoney,money,496,Minor spec tweaks,2015-02-08T01:26:19Z,2015-02-08T01:26:19Z,epidemian,722544,https://avatars3.githubusercontent.com/u/722544?v=3
RubyMoney,money,495,Add Money.from_amount,2015-02-07T16:31:23Z,2015-02-07T16:31:23Z,epidemian,722544,https://avatars3.githubusercontent.com/u/722544?v=3
RubyMoney,money,494,Use Money.new instead of Numeric#to_money in VariableExchange docs,2015-02-06T03:44:25Z,2015-02-06T03:44:25Z,epidemian,722544,https://avatars3.githubusercontent.com/u/722544?v=3
RubyMoney,money,492,wrapping spec files in the 'Money' class/modules,2015-02-03T15:56:32Z,2015-02-03T15:56:32Z,georgemillo,2656485,https://avatars0.githubusercontent.com/u/2656485?v=3
RubyMoney,money,491,Add Currency::MissingAttributeError,2015-02-03T15:15:56Z,2015-02-03T15:15:56Z,georgemillo,2656485,https://avatars0.githubusercontent.com/u/2656485?v=3
RubyMoney,money,490,Up version to 6 5 1,2015-02-03T13:12:08Z,2015-02-03T13:12:08Z,seongreen,159871,https://avatars1.githubusercontent.com/u/159871?v=3
RubyMoney,money,489,Fix byr alternate sym,2015-02-03T12:15:27Z,2015-02-03T12:15:27Z,seongreen,159871,https://avatars1.githubusercontent.com/u/159871?v=3
RubyMoney,money,488,"Currency extends Enumerable, and is more robust when sorting",2015-02-01T15:59:38Z,2015-02-01T15:59:38Z,georgemillo,2656485,https://avatars0.githubusercontent.com/u/2656485?v=3
RubyMoney,money,487,Improve BYR format. Delete subunit,2015-01-30T16:48:42Z,2015-01-30T16:48:42Z,seongreen,159871,https://avatars1.githubusercontent.com/u/159871?v=3
RubyMoney,money,486,Change Swazi lilangeni symbol to E.,2015-01-27T02:40:38Z,2015-01-27T02:40:38Z,jkingdon,16878,https://avatars3.githubusercontent.com/u/16878?v=3
RubyMoney,money,485,"CAD smallest_denomination should be 1, not 5",2015-01-24T08:05:29Z,,abatko,231088,https://avatars2.githubusercontent.com/u/231088?v=3
RubyMoney,money,483,No longer coins under 1 króna. See http://en.wikipedia.org/wiki/Icelandi...,2015-01-21T23:00:33Z,2015-01-21T23:00:33Z,jasonahooper,5128540,https://avatars2.githubusercontent.com/u/5128540?v=3
RubyMoney,money,482,#format raises an error if passed an invalid option for symbol_position_from,2015-01-15T14:57:55Z,2015-01-15T14:57:55Z,georgemillo,2656485,https://avatars0.githubusercontent.com/u/2656485?v=3
RubyMoney,money,481,adding more documentation for Money#format [ci skip],2015-01-15T14:57:39Z,2015-01-15T14:57:39Z,georgemillo,2656485,https://avatars0.githubusercontent.com/u/2656485?v=3
RubyMoney,money,480,refactoring Currency.initialize,2015-01-14T11:56:56Z,2015-01-14T11:56:56Z,georgemillo,2656485,https://avatars0.githubusercontent.com/u/2656485?v=3
RubyMoney,money,478,Register,2015-01-13T17:01:09Z,2015-01-13T17:01:09Z,georgemillo,2656485,https://avatars0.githubusercontent.com/u/2656485?v=3
RubyMoney,money,477,"Extracting 'constructor' functions to a module, adding aliases and GBP",2015-01-13T17:01:28Z,2015-01-13T17:01:28Z,georgemillo,2656485,https://avatars0.githubusercontent.com/u/2656485?v=3
RubyMoney,money,476,wrapping negative numbers in parentheses,2015-01-13T13:51:42Z,2015-01-13T13:51:42Z,georgemillo,2656485,https://avatars0.githubusercontent.com/u/2656485?v=3
RubyMoney,money,475,Update currency iso value for IDR currency,2015-02-03T13:27:40Z,,levady,1475622,https://avatars2.githubusercontent.com/u/1475622?v=3
RubyMoney,money,474,To string changes with currency,2015-01-08T01:54:44Z,,emailmejason,4544155,https://avatars3.githubusercontent.com/u/4544155?v=3
RubyMoney,money,472,Fix TRY currency.,2015-01-04T17:07:08Z,2015-01-04T17:07:08Z,safakgur,1020499,https://avatars0.githubusercontent.com/u/1020499?v=3
RubyMoney,money,470,Fix deprecation warning under Ruby 2.2.0,2014-12-27T20:46:11Z,2014-12-27T20:46:11Z,aripollak,451345,https://avatars0.githubusercontent.com/u/451345?v=3
RubyMoney,money,468,Update gemspec,2014-12-20T05:30:03Z,,geetfun,16937,https://avatars0.githubusercontent.com/u/16937?v=3
RubyMoney,money,467,Support Rails 4.2 final,2014-12-20T05:29:52Z,2014-12-20T05:29:52Z,raphaelcosta,171371,https://avatars0.githubusercontent.com/u/171371?v=3
RubyMoney,money,466,set previous bank to new money objects after operations,2015-02-03T13:27:52Z,,unloved,694838,https://avatars2.githubusercontent.com/u/694838?v=3
RubyMoney,money,464,Fix typo in i18n example file,2014-12-17T16:46:03Z,2014-12-17T16:46:03Z,vandrijevik,7736,https://avatars3.githubusercontent.com/u/7736?v=3
RubyMoney,money,462,Custom config,2014-11-19T20:19:15Z,,huuep,82282,https://avatars0.githubusercontent.com/u/82282?v=3
RubyMoney,money,460,Ensure [UnknownMoney::Currency] is a subclass of argument error.,2014-11-10T13:39:33Z,2014-11-10T13:39:32Z,clowder,101044,https://avatars2.githubusercontent.com/u/101044?v=3
RubyMoney,money,459,Misc currency updates,2014-11-20T19:25:27Z,,ggilder,331289,https://avatars1.githubusercontent.com/u/331289?v=3
RubyMoney,money,458,Correct spelling of infinite_precision,2014-11-03T13:40:28Z,2014-11-03T13:40:28Z,lulalala,366910,https://avatars0.githubusercontent.com/u/366910?v=3
RubyMoney,money,457,Updated Russian Ruble as it has now official symbol.,2014-11-03T16:39:43Z,2014-11-03T16:39:43Z,newstler,403994,https://avatars2.githubusercontent.com/u/403994?v=3
RubyMoney,money,454,Fix different currency amount comparison inaccuracy.,2014-11-01T07:44:39Z,,lulalala,366910,https://avatars0.githubusercontent.com/u/366910?v=3
RubyMoney,money,453,Add `Money.default_formatting_rules` config hash,2014-10-26T00:41:30Z,2014-10-26T00:41:30Z,mateusg,82270,https://avatars1.githubusercontent.com/u/82270?v=3
RubyMoney,money,452,Fix symbol_first for CZK (Czech Koruna),2014-10-24T20:39:40Z,2014-10-24T20:39:40Z,sigra,736221,https://avatars1.githubusercontent.com/u/736221?v=3
RubyMoney,money,451,support rails 4.2,2014-10-24T14:46:18Z,2014-10-24T14:46:18Z,zacksiri,134488,https://avatars2.githubusercontent.com/u/134488?v=3
RubyMoney,money,450,Fixed the subunit_to_unit values of the JPY currency,2014-10-26T00:42:33Z,,shpupti,6917495,https://avatars0.githubusercontent.com/u/6917495?v=3
RubyMoney,money,449,Add changelog entries for previous PRs,2014-10-21T03:45:03Z,2014-10-21T03:45:03Z,ggilder,331289,https://avatars1.githubusercontent.com/u/331289?v=3
RubyMoney,money,448,Ignore coverage dir,2014-10-21T03:45:16Z,2014-10-21T03:45:16Z,ggilder,331289,https://avatars1.githubusercontent.com/u/331289?v=3
RubyMoney,money,446,Fix symbol for Turkish Lira,2014-10-18T16:27:53Z,2014-10-18T16:27:53Z,ggilder,331289,https://avatars1.githubusercontent.com/u/331289?v=3
RubyMoney,money,445,Switch default and alternate symbols for RUB,2014-10-18T16:28:08Z,2014-10-18T16:28:08Z,ggilder,331289,https://avatars1.githubusercontent.com/u/331289?v=3
RubyMoney,money,443,Display symbol for NGN before monetary value,2014-10-13T15:10:12Z,2014-10-13T15:10:12Z,BRMatt,20394,https://avatars2.githubusercontent.com/u/20394?v=3
RubyMoney,money,442,Correct smallest denomination for Vietnamese dong,2014-10-11T17:21:53Z,2014-10-11T17:21:53Z,tweymuth,8697277,https://avatars1.githubusercontent.com/u/8697277?v=3
RubyMoney,money,441,Change VND subunit_to_unit to 1,2014-10-10T23:41:56Z,2014-10-10T23:41:56Z,ggilder,331289,https://avatars1.githubusercontent.com/u/331289?v=3
RubyMoney,money,440,CNY html_entity consistent with other setup,2014-10-10T11:32:57Z,2014-10-10T11:32:57Z,arthurtalkgoal,7088330,https://avatars1.githubusercontent.com/u/7088330?v=3
RubyMoney,money,438,Introduce `disambiguate: true` option for formatting,2014-09-22T18:04:51Z,2014-09-22T18:04:51Z,edwinv,563294,https://avatars0.githubusercontent.com/u/563294?v=3
RubyMoney,money,435,Fix the subunit_to_unit values of the CLP and KRW currencies,2014-09-16T15:23:00Z,2014-09-16T15:23:00Z,shpupti,6917495,https://avatars0.githubusercontent.com/u/6917495?v=3
RubyMoney,money,434,fixing spelling mistake,2014-09-10T11:16:41Z,2014-09-10T11:16:41Z,georgemillo,2656485,https://avatars0.githubusercontent.com/u/2656485?v=3
RubyMoney,money,433,Add method to round to nearest possible amount of cash (aka Swedish rounding),2014-09-11T10:12:57Z,2014-09-11T10:12:57Z,tweymuth,8697277,https://avatars1.githubusercontent.com/u/8697277?v=3
RubyMoney,money,430,Add currency pair,2014-09-05T04:18:18Z,,eadz,11939,https://avatars0.githubusercontent.com/u/11939?v=3
RubyMoney,money,429,Use round,2014-10-26T00:42:45Z,,eadz,11939,https://avatars0.githubusercontent.com/u/11939?v=3
RubyMoney,money,425,Update rspec 3,2014-08-21T02:57:10Z,2014-08-21T02:57:10Z,jerhinesmith,153623,https://avatars3.githubusercontent.com/u/153623?v=3
RubyMoney,money,423,Least invasive means of solving the problem,2014-08-20T21:34:06Z,2014-08-20T21:34:06Z,tjhart,95165,https://avatars3.githubusercontent.com/u/95165?v=3
RubyMoney,money,419,Fix formatting nok,2014-08-06T21:02:16Z,2014-08-06T21:02:16Z,troelskn,37910,https://avatars3.githubusercontent.com/u/37910?v=3
RubyMoney,money,418,Update currency_iso.json – add new ruble sign,2014-08-18T17:40:43Z,,fliptheweb,308726,https://avatars3.githubusercontent.com/u/308726?v=3
RubyMoney,money,417,add Azerbaijani Manat currency symbol,2014-08-01T18:36:55Z,2014-08-01T18:36:55Z,gballester,320593,https://avatars2.githubusercontent.com/u/320593?v=3
RubyMoney,money,414,Update money.gemspec to accept i18n master,2014-07-27T13:07:26Z,2014-07-27T13:07:26Z,seuros,2394703,https://avatars1.githubusercontent.com/u/2394703?v=3
RubyMoney,money,413,Make sure collaborators don't somehow modify empty,2014-08-06T20:21:23Z,2014-08-06T20:21:23Z,tastycode,809953,https://avatars3.githubusercontent.com/u/809953?v=3
RubyMoney,money,412,Money#new uses Money.default_currency if currency arg is nil,2014-07-19T08:45:57Z,2014-07-19T08:45:57Z,hoverlover,169285,https://avatars3.githubusercontent.com/u/169285?v=3
RubyMoney,money,411,Money#new uses Money.default_currency when currency is nil,2014-07-19T04:14:17Z,,hoverlover,169285,https://avatars3.githubusercontent.com/u/169285?v=3
RubyMoney,money,408,Fix for issue #407,2014-08-06T20:22:00Z,,cjzhan2000,4165615,https://avatars1.githubusercontent.com/u/4165615?v=3
RubyMoney,money,405,ensure coerce only applies to multiplication,2014-10-26T00:42:55Z,,semmons99,27679,https://avatars1.githubusercontent.com/u/27679?v=3
RubyMoney,money,403,Put `after` block right after `before`,2014-06-17T18:54:57Z,2014-06-17T18:54:57Z,RKushnir,205906,https://avatars2.githubusercontent.com/u/205906?v=3
RubyMoney,money,402,Update ruby to latest patch,2014-06-14T21:26:20Z,2014-06-14T21:26:20Z,padi,807110,https://avatars0.githubusercontent.com/u/807110?v=3
RubyMoney,money,401,Typo fix for I18n: seperator -> separator,2014-06-06T19:15:50Z,2014-06-06T19:15:50Z,Matsarello,727803,https://avatars1.githubusercontent.com/u/727803?v=3
RubyMoney,money,398,Adding and subtracting Fixnum 0 ,2014-05-28T04:19:31Z,2014-05-28T04:19:31Z,paulodiniz,1057422,https://avatars2.githubusercontent.com/u/1057422?v=3
RubyMoney,money,397,Performance improvements,2014-05-23T01:48:40Z,2014-05-23T01:48:40Z,mjc,1977,https://avatars3.githubusercontent.com/u/1977?v=3
RubyMoney,money,396,Enable Rubinius 2 on Travis.,2014-05-23T00:43:12Z,2014-05-23T00:43:12Z,brixen,85,https://avatars2.githubusercontent.com/u/85?v=3
RubyMoney,money,395,"Update iso code, symbol, subunit for the new Turkmenistani manat",2014-05-21T14:55:47Z,2014-05-21T14:55:47Z,nashbridges,380913,https://avatars1.githubusercontent.com/u/380913?v=3
RubyMoney,money,394,Add changelog entry about #to_i.,2014-05-15T20:17:18Z,2014-05-15T20:17:18Z,lunks,91118,https://avatars0.githubusercontent.com/u/91118?v=3
RubyMoney,money,392,Fixes error in thousands separator formatting,2014-05-12T23:13:53Z,2014-05-12T23:13:53Z,alex-ross,1231475,https://avatars1.githubusercontent.com/u/1231475?v=3
RubyMoney,money,391,Adds documentations for I18n features,2014-05-11T22:22:56Z,2014-05-11T22:22:56Z,alex-ross,1231475,https://avatars1.githubusercontent.com/u/1231475?v=3
RubyMoney,money,388,Add Money#to_i,2014-05-15T20:11:26Z,2014-05-15T20:11:26Z,lunks,91118,https://avatars0.githubusercontent.com/u/91118?v=3
RubyMoney,money,380,Add docs badge to README,2014-03-31T12:51:31Z,2014-03-31T12:51:31Z,rrrene,311914,https://avatars0.githubusercontent.com/u/311914?v=3
RubyMoney,money,379,Fix arithmetic in single currency mode:,2014-03-31T12:50:36Z,2014-03-31T12:50:36Z,clowder,101044,https://avatars2.githubusercontent.com/u/101044?v=3
RubyMoney,money,378,Arithmetic not working in single currency mode.,2014-03-31T08:46:28Z,,clowder,101044,https://avatars2.githubusercontent.com/u/101044?v=3
RubyMoney,money,376,Fixing bug #375,2014-03-25T00:24:52Z,2014-03-25T00:24:52Z,tenoriocesar,717343,https://avatars0.githubusercontent.com/u/717343?v=3
RubyMoney,money,374,Corrected html_entity for Chilean Peso,2014-03-19T03:40:38Z,2014-03-19T03:40:38Z,igajard1,1548416,https://avatars3.githubusercontent.com/u/1548416?v=3
RubyMoney,money,371,Fix bug in block form of Money.rounding_mode,2014-03-12T13:16:04Z,2014-03-12T13:16:04Z,JonathonMA,522435,https://avatars2.githubusercontent.com/u/522435?v=3
RubyMoney,money,370,Fixes issue 369 regarding SSP/SHP.,2014-03-04T13:56:20Z,2014-03-04T13:56:20Z,ct-clearhaus,6168505,https://avatars1.githubusercontent.com/u/6168505?v=3
RubyMoney,money,368,Remove duplicate code,2014-02-28T13:15:52Z,2014-02-28T13:15:52Z,jcxplorer,42855,https://avatars0.githubusercontent.com/u/42855?v=3
RubyMoney,money,365,Fixed Money#format(symbol: false) signed amount output,2014-02-05T05:57:17Z,2014-02-05T05:57:16Z,zemanux,1197585,https://avatars2.githubusercontent.com/u/1197585?v=3
RubyMoney,money,363,Wrap Money.assume_from_symbol to Monetize.,2014-02-03T18:25:57Z,2014-02-03T18:25:57Z,ct-clearhaus,6168505,https://avatars1.githubusercontent.com/u/6168505?v=3
RubyMoney,money,362,Let #exchange_to pass block to #exchange_with.,2014-02-04T05:14:03Z,2014-02-04T05:14:03Z,ct-clearhaus,6168505,https://avatars1.githubusercontent.com/u/6168505?v=3
RubyMoney,money,360,Don't explicitly require deprecated core extensions,2014-01-31T18:28:35Z,,ginter,788828,https://avatars1.githubusercontent.com/u/788828?v=3
RubyMoney,money,359,Money.default_currency=() accepts a lambda.,2014-01-20T00:47:25Z,2014-01-20T00:47:25Z,Nerian,259568,https://avatars2.githubusercontent.com/u/259568?v=3
RubyMoney,money,358,remove all deprecated methods and tests,2014-02-03T18:30:51Z,2014-02-03T18:30:51Z,semmons99,27679,https://avatars1.githubusercontent.com/u/27679?v=3
RubyMoney,money,357,Don't always print deprecation on String#to_money,2014-01-13T18:25:47Z,2014-01-13T18:25:47Z,calebthompson,711717,https://avatars3.githubusercontent.com/u/711717?v=3
RubyMoney,money,356,Made the deprecation message clearer,2014-01-10T03:42:34Z,2014-01-10T03:42:34Z,saurabhnanda,28369,https://avatars3.githubusercontent.com/u/28369?v=3
RubyMoney,money,355,Fixed deprecation message,2014-01-08T05:58:34Z,,saurabhnanda,28369,https://avatars3.githubusercontent.com/u/28369?v=3
RubyMoney,money,353,refactor Money#format,2014-02-17T22:21:22Z,,semmons99,27679,https://avatars1.githubusercontent.com/u/27679?v=3
RubyMoney,money,352,refactor attr_reader(s) into single call,2014-01-06T03:30:14Z,2014-01-06T03:30:14Z,semmons99,27679,https://avatars1.githubusercontent.com/u/27679?v=3
RubyMoney,money,351,make mutex optional,2014-01-06T02:31:00Z,2014-01-06T02:31:00Z,semmons99,27679,https://avatars1.githubusercontent.com/u/27679?v=3
RubyMoney,money,349,change the value of html_entity of CNY currency,2013-12-30T06:04:28Z,2013-12-30T06:04:28Z,Martin91,2900644,https://avatars3.githubusercontent.com/u/2900644?v=3
RubyMoney,money,348,Money.empty enhancements,2013-12-30T19:37:30Z,2013-12-30T19:37:30Z,krishicks,79357,https://avatars1.githubusercontent.com/u/79357?v=3
RubyMoney,money,343,Adding ability to temporarily change the rounding mode,2013-12-20T23:23:50Z,2013-12-20T23:23:50Z,hadees,15341,https://avatars1.githubusercontent.com/u/15341?v=3
RubyMoney,money,341,Add implicit conversions of Money::Currency,2013-11-21T15:13:19Z,2013-11-21T15:13:19Z,jlecour,5142,https://avatars0.githubusercontent.com/u/5142?v=3
RubyMoney,money,340,Display calling line triggering deprecation warning,2013-11-20T14:54:56Z,2013-11-20T14:54:56Z,tommeier,19973,https://avatars2.githubusercontent.com/u/19973?v=3
RubyMoney,money,337,allow some deprecation warnings to be silenced (take 2),2013-11-26T15:06:23Z,,brianphillips,28457,https://avatars2.githubusercontent.com/u/28457?v=3
RubyMoney,money,335,allow some deprecation warnings to be silenced,2013-11-12T04:06:25Z,,brianphillips,28457,https://avatars2.githubusercontent.com/u/28457?v=3
RubyMoney,money,334,Fixed typo in deprecation warning.,2013-11-07T05:50:00Z,2013-11-07T05:50:00Z,zubin,9605,https://avatars3.githubusercontent.com/u/9605?v=3
RubyMoney,money,330,Allow to inherits from Money,2013-10-27T05:39:39Z,2013-10-27T05:39:39Z,chatgris,109594,https://avatars2.githubusercontent.com/u/109594?v=3
RubyMoney,money,327,Dryup Money::Bank::VariableExchange by having RATE_FORMATS as a Hash,2013-10-10T13:50:58Z,,asok,120457,https://avatars0.githubusercontent.com/u/120457?v=3
RubyMoney,money,326,Disallow currency conversion,2013-10-02T00:02:37Z,2013-10-02T00:02:37Z,ohthatjames,81839,https://avatars3.githubusercontent.com/u/81839?v=3
RubyMoney,money,325,Show deprecation warning in comparisions,2013-10-01T20:36:52Z,2013-10-01T20:36:52Z,joshhepworth,609235,https://avatars3.githubusercontent.com/u/609235?v=3
RubyMoney,money,323,Fix BTC subunit,2013-09-28T18:00:17Z,2013-09-28T18:00:17Z,ticean,46928,https://avatars3.githubusercontent.com/u/46928?v=3
RubyMoney,money,321,Initialize with money,2013-09-21T13:16:26Z,2013-09-21T13:16:26Z,orien,497874,https://avatars3.githubusercontent.com/u/497874?v=3
RubyMoney,money,319,Fix format with infinite_precision when no cents,2013-09-20T14:56:33Z,2013-09-20T14:56:33Z,fklingler,282439,https://avatars0.githubusercontent.com/u/282439?v=3
RubyMoney,money,317,TWD symbol should come before the amount,2013-09-14T00:21:03Z,2013-09-14T00:21:03Z,yesmeck,465125,https://avatars3.githubusercontent.com/u/465125?v=3
RubyMoney,money,316,Add :rounded_infinite_precision option to .format,2013-09-12T17:18:50Z,2013-09-12T17:18:50Z,fklingler,282439,https://avatars0.githubusercontent.com/u/282439?v=3
RubyMoney,money,315,Fix .to_money not keeping full precision when using Money.infinite_precision = true,2013-09-12T12:28:02Z,2013-09-12T12:28:02Z,fklingler,282439,https://avatars0.githubusercontent.com/u/282439?v=3
RubyMoney,money,314,Update some Yardoc documentation,2013-09-06T12:16:40Z,2013-09-06T12:16:40Z,orien,497874,https://avatars3.githubusercontent.com/u/497874?v=3
RubyMoney,money,312,new option :sign_positive,2013-09-03T14:05:05Z,2013-09-03T14:05:05Z,zabarabab,210874,https://avatars1.githubusercontent.com/u/210874?v=3
RubyMoney,money,311,Money#dollars and Money#amount methods return BigDecimal values,2013-09-04T14:54:53Z,2013-09-04T14:54:53Z,orien,497874,https://avatars3.githubusercontent.com/u/497874?v=3
RubyMoney,money,310,DRY out the creation of big decimals,2013-09-01T14:56:33Z,2013-09-01T14:56:33Z,orien,497874,https://avatars3.githubusercontent.com/u/497874?v=3
RubyMoney,money,308,Refactor arithmetic module,2013-08-23T20:36:50Z,2013-08-23T20:36:49Z,viettienn,577690,https://avatars2.githubusercontent.com/u/577690?v=3
RubyMoney,money,307,Allow reversed order of arguments when doing mathematical operations,2013-08-23T20:35:26Z,2013-08-23T20:35:25Z,andriusch,25230,https://avatars0.githubusercontent.com/u/25230?v=3
RubyMoney,money,306,Extract fractional_from_other method,2013-08-21T21:40:10Z,,ohthatjames,81839,https://avatars3.githubusercontent.com/u/81839?v=3
RubyMoney,money,305,Actually should only allow to multiply a money by a number,2013-08-19T15:41:07Z,2013-08-19T15:41:07Z,viettienn,577690,https://avatars2.githubusercontent.com/u/577690?v=3
RubyMoney,money,304,Clean up some code duplication in money arithmetic,2013-08-19T12:42:28Z,,viettienn,577690,https://avatars2.githubusercontent.com/u/577690?v=3
RubyMoney,money,303,Allow us to change the money object itself by using exchange_to!,2013-08-19T12:59:10Z,,viettienn,577690,https://avatars2.githubusercontent.com/u/577690?v=3
RubyMoney,money,302,Add russian_central_bank to README,2013-08-12T12:07:14Z,2013-08-12T12:07:14Z,rmustafin,72413,https://avatars3.githubusercontent.com/u/72413?v=3
RubyMoney,money,301,Updates thousands separator for SEK to correct value. ,2013-08-06T22:06:38Z,2013-08-06T22:06:38Z,alex-ross,1231475,https://avatars1.githubusercontent.com/u/1231475?v=3
RubyMoney,money,299,Add Money#round method,2013-08-03T23:40:19Z,2013-08-03T23:40:19Z,orien,497874,https://avatars3.githubusercontent.com/u/497874?v=3
RubyMoney,money,298,Money division should obey the specified rounding mode,2013-08-02T13:00:56Z,2013-08-02T13:00:56Z,asellitt,1116257,https://avatars0.githubusercontent.com/u/1116257?v=3
RubyMoney,money,297,Money division should obey the specified rounding mode,2013-08-02T06:39:59Z,,asellitt,1116257,https://avatars0.githubusercontent.com/u/1116257?v=3
RubyMoney,money,296,Fix bug for :symbol => false with jpy/ja,2013-07-31T21:13:53Z,2013-07-31T21:13:52Z,bjones,127501,https://avatars2.githubusercontent.com/u/127501?v=3
RubyMoney,money,292,Add Ruby 1.8 support,2013-07-18T16:18:57Z,2013-07-18T16:18:57Z,bjones,127501,https://avatars2.githubusercontent.com/u/127501?v=3
RubyMoney,money,291,avoid TypeError when currency symbol is nil,2013-07-18T12:22:27Z,2013-07-18T12:22:27Z,NARKOZ,253398,https://avatars1.githubusercontent.com/u/253398?v=3
RubyMoney,money,286,Test for #285,2013-06-24T08:25:03Z,2013-06-24T08:25:03Z,bbozo,633753,https://avatars0.githubusercontent.com/u/633753?v=3
RubyMoney,money,284,Fix typo,2013-06-23T00:15:46Z,2013-06-23T00:15:46Z,taki3,3800237,https://avatars2.githubusercontent.com/u/3800237?v=3
RubyMoney,money,279,Wrap currency symbol,2013-05-26T02:12:34Z,2013-05-26T02:12:34Z,cbrunsdon,279013,https://avatars2.githubusercontent.com/u/279013?v=3
RubyMoney,money,278,Improved comparison of currencies,2013-05-16T16:11:53Z,2013-05-16T16:11:53Z,marcoow,1510,https://avatars2.githubusercontent.com/u/1510?v=3
RubyMoney,money,276,Fix for Euro parsing bug,2013-05-24T13:25:11Z,,bhoggard,19369,https://avatars0.githubusercontent.com/u/19369?v=3
RubyMoney,money,275,Wrap the currency symbol in html,2013-05-24T13:24:45Z,,cbrunsdon,279013,https://avatars2.githubusercontent.com/u/279013?v=3
RubyMoney,money,273,added missing currencies which have exchange rates,2013-04-19T16:37:02Z,2013-04-19T16:37:02Z,ddrscott,1975119,https://avatars3.githubusercontent.com/u/1975119?v=3
RubyMoney,money,272,HTML entities incorrectly escaped with RUB currency + :no_cents option,2013-04-17T04:17:41Z,2013-04-17T04:17:41Z,radar,2687,https://avatars0.githubusercontent.com/u/2687?v=3
RubyMoney,money,269,set license to MIT in gemspec,2013-04-03T19:33:46Z,2013-04-03T19:33:46Z,pivotal-cloudplanner,3179469,https://avatars2.githubusercontent.com/u/3179469?v=3
RubyMoney,money,268,Updated RON currency symbol,2013-03-28T12:55:39Z,2013-03-28T12:55:39Z,matzipan,317239,https://avatars3.githubusercontent.com/u/317239?v=3
RubyMoney,money,266,Fix some YARD for API Documents,2013-03-25T15:20:08Z,2013-03-25T15:20:08Z,kachick,1180335,https://avatars1.githubusercontent.com/u/1180335?v=3
RubyMoney,money,265,Clean up Ruby's warnings in lib/,2013-03-25T13:44:05Z,2013-03-25T13:44:05Z,kachick,1180335,https://avatars1.githubusercontent.com/u/1180335?v=3
RubyMoney,money,264,Money::Currency.all,2013-03-24T20:32:30Z,2013-03-24T20:32:30Z,dnl,295007,https://avatars2.githubusercontent.com/u/295007?v=3
RubyMoney,money,263,Money.add_rate spec should not impact default_bank,2013-03-21T19:01:47Z,2013-03-21T19:01:46Z,geehsien,74375,https://avatars3.githubusercontent.com/u/74375?v=3
RubyMoney,money,262,Allow combined comparison operator to handle zero values without rates,2013-03-21T18:14:14Z,2013-03-21T18:14:14Z,geehsien,74375,https://avatars3.githubusercontent.com/u/74375?v=3
RubyMoney,money,260,Fix typo,2013-03-20T00:39:46Z,2013-03-20T00:39:46Z,jc00ke,18191,https://avatars3.githubusercontent.com/u/18191?v=3
RubyMoney,money,259,Fix TRY currency separators,2013-03-19T14:45:09Z,2013-03-19T14:45:09Z,alup,150174,https://avatars1.githubusercontent.com/u/150174?v=3
RubyMoney,money,258,Updated Polish Zloty Html Entity,2013-03-17T15:02:09Z,2013-03-17T15:02:09Z,bderusha,444835,https://avatars1.githubusercontent.com/u/444835?v=3
RubyMoney,money,255,Adding missing comma to example,2013-03-12T03:31:49Z,2013-03-12T03:31:48Z,frankmt,10518,https://avatars1.githubusercontent.com/u/10518?v=3
RubyMoney,money,253,Extract cents naming fix,2013-02-27T11:20:37Z,2013-02-27T11:20:37Z,iogakos,664659,https://avatars3.githubusercontent.com/u/664659?v=3
RubyMoney,money,249,Add format option for whitespace after/before symbol (#248),2013-02-09T19:56:45Z,2013-02-09T19:56:45Z,groe,515293,https://avatars2.githubusercontent.com/u/515293?v=3
RubyMoney,money,246,Fix for #245 (no thousand separator in format output),2013-01-27T14:51:06Z,2013-01-27T14:51:06Z,alup,150174,https://avatars1.githubusercontent.com/u/150174?v=3
RubyMoney,money,242,"Added option for displaying negative numbers as ""-£1"" rather than ""£-1""",2013-01-18T14:53:17Z,2013-01-18T14:53:17Z,dougdroper,288481,https://avatars2.githubusercontent.com/u/288481?v=3
RubyMoney,money,241,"Added option for displaying negative numbers as ""-£1""  rather than ""£-1""",2013-01-18T14:51:20Z,,seddy,1778711,https://avatars2.githubusercontent.com/u/1778711?v=3
RubyMoney,money,240,Find numeric,2013-01-08T07:43:21Z,2013-01-08T07:43:20Z,cathper,226549,https://avatars0.githubusercontent.com/u/226549?v=3
RubyMoney,money,239,Added Formatting with :precision option,2013-01-21T13:05:10Z,,kirillian,318909,https://avatars3.githubusercontent.com/u/318909?v=3
RubyMoney,money,237,Add exponent to currency,2013-01-02T13:08:38Z,2013-01-02T13:08:38Z,cathper,226549,https://avatars0.githubusercontent.com/u/226549?v=3
RubyMoney,money,235,Update Maldivian currency symbols,2012-12-14T15:01:08Z,2012-12-14T15:01:08Z,mzahir,539802,https://avatars1.githubusercontent.com/u/539802?v=3
RubyMoney,money,232,[FIX+Spec] Fractional not being BigDecimal upon deserialization,2012-12-05T03:18:28Z,2012-12-05T03:18:28Z,klevo,32981,https://avatars3.githubusercontent.com/u/32981?v=3
RubyMoney,money,231,fix for #230,2013-01-03T23:22:53Z,,muxcmux,473227,https://avatars2.githubusercontent.com/u/473227?v=3
RubyMoney,money,225,Fix currency assumption when parsing $ with a non-USD default currency,2012-10-25T13:11:31Z,2012-10-25T13:11:31Z,adiel,76196,https://avatars3.githubusercontent.com/u/76196?v=3
RubyMoney,money,224,Bulgarian currency symbol comes after the amount,2012-10-25T03:43:43Z,2012-10-25T03:43:43Z,muxcmux,473227,https://avatars2.githubusercontent.com/u/473227?v=3
RubyMoney,money,223,Update the INR symbol,2012-10-12T11:31:46Z,2012-10-12T11:31:46Z,itspanzi,128822,https://avatars1.githubusercontent.com/u/128822?v=3
RubyMoney,money,222,New INR symbol and html entity update,2012-10-12T05:41:30Z,,itspanzi,128822,https://avatars1.githubusercontent.com/u/128822?v=3
RubyMoney,money,221,Currency extensions,2012-10-16T11:22:05Z,2012-10-16T11:22:05Z,mika0x56,1054229,https://avatars2.githubusercontent.com/u/1054229?v=3
RubyMoney,money,219,Remove subunit from South Korean won (KRW),2012-10-12T11:33:27Z,2012-10-12T11:33:27Z,clee704,220039,https://avatars0.githubusercontent.com/u/220039?v=3
RubyMoney,money,218,Cleaned up the tests ,2012-10-03T03:43:28Z,2012-10-03T03:43:28Z,mika0x56,1054229,https://avatars2.githubusercontent.com/u/1054229?v=3
RubyMoney,money,215,Fix slow test. It was formatting a Money object 22 000 times. Reduced to...,2012-09-26T16:05:38Z,2012-09-26T16:05:38Z,mika0x56,1054229,https://avatars2.githubusercontent.com/u/1054229?v=3
RubyMoney,money,213,Add amount method,2012-09-26T13:47:14Z,2012-09-26T13:47:14Z,mika0x56,1054229,https://avatars2.githubusercontent.com/u/1054229?v=3
RubyMoney,money,210,Serializers,2012-10-01T13:55:10Z,,semaperepelitsa,347921,https://avatars2.githubusercontent.com/u/347921?v=3
RubyMoney,money,209,Es format sign before symbol,2012-08-31T13:19:07Z,,seddy,1778711,https://avatars2.githubusercontent.com/u/1778711?v=3
RubyMoney,money,207,Add to_liquid alias for money#to_s and currency#to_s,2012-08-27T20:58:47Z,,cblock,230831,https://avatars1.githubusercontent.com/u/230831?v=3
RubyMoney,money,204,Ruby1.9,2012-07-26T17:55:45Z,2012-07-26T17:55:45Z,semmons99,27679,https://avatars1.githubusercontent.com/u/27679?v=3
RubyMoney,money,202,Indian currency format,2012-07-19T11:21:31Z,2012-07-19T11:21:31Z,sankaranarayanan,18474,https://avatars0.githubusercontent.com/u/18474?v=3
RubyMoney,money,201,Indian currency format,2012-07-18T12:00:42Z,,sankaranarayanan,18474,https://avatars0.githubusercontent.com/u/18474?v=3
RubyMoney,money,194,"Allow for additive/subtractive identity without requiring same currency,...",2012-07-11T11:19:56Z,,ioquatix,30030,https://avatars2.githubusercontent.com/u/30030?v=3
RubyMoney,money,193,Incorrect settings for Swedish (SEK) currency,2012-07-01T04:20:08Z,2012-07-01T04:20:08Z,mdi,524808,https://avatars2.githubusercontent.com/u/524808?v=3
RubyMoney,money,192,Back to json,2012-07-11T11:21:25Z,,hakanensari,31693,https://avatars0.githubusercontent.com/u/31693?v=3
RubyMoney,money,191,go back to base json,2012-06-29T11:12:46Z,,semmons99,27679,https://avatars1.githubusercontent.com/u/27679?v=3
RubyMoney,money,190,Remove cruft not specific to project,2012-06-28T18:19:15Z,2012-06-28T18:19:15Z,hakanensari,31693,https://avatars0.githubusercontent.com/u/31693?v=3
RubyMoney,money,189,Currency yaml,2012-06-29T14:33:17Z,,hakanensari,31693,https://avatars0.githubusercontent.com/u/31693?v=3
RubyMoney,money,186,GH-184 Zimbabwe dollars fix.,2012-06-27T23:35:08Z,2012-06-27T23:35:08Z,Exoth,238863,https://avatars3.githubusercontent.com/u/238863?v=3
RubyMoney,money,182,Remove platform/editor/app specific entries from .gitignore,2012-06-28T11:43:06Z,2012-06-28T11:43:06Z,weppos,5387,https://avatars2.githubusercontent.com/u/5387?v=3
RubyMoney,money,179,Remove composed_of example in README,2012-06-24T23:09:25Z,2012-06-24T23:09:25Z,hakanensari,31693,https://avatars0.githubusercontent.com/u/31693?v=3
RubyMoney,money,178,enable jruby testing on travis-ci,2012-06-27T23:39:12Z,,semmons99,27679,https://avatars1.githubusercontent.com/u/27679?v=3
RubyMoney,money,174,trying to make cents have infinite precision,2012-06-04T17:47:38Z,2012-06-04T17:47:38Z,semmons99,27679,https://avatars1.githubusercontent.com/u/27679?v=3
RubyMoney,money,172,update dependencies,2012-05-16T23:54:06Z,2012-05-16T23:54:06Z,semmons99,27679,https://avatars1.githubusercontent.com/u/27679?v=3
RubyMoney,money,171,update CHANGELOG and test travis-ci pull request feature,2012-05-16T23:37:20Z,2012-05-16T23:37:20Z,semmons99,27679,https://avatars1.githubusercontent.com/u/27679?v=3
RubyMoney,money,170,Fix for symbolizing currency hash keys when yajl-ruby is used for JSON.,2012-05-16T21:43:43Z,2012-05-16T21:43:43Z,davekaro,21263,https://avatars1.githubusercontent.com/u/21263?v=3
RubyMoney,money,169,Internal precision support,2012-05-24T14:56:40Z,,kirillian,318909,https://avatars3.githubusercontent.com/u/318909?v=3
RubyMoney,money,168,Adding Precision Support,2012-05-09T00:44:47Z,,kirillian,318909,https://avatars3.githubusercontent.com/u/318909?v=3
RubyMoney,money,167,String#to_money! function which raises exception,2012-05-04T16:19:19Z,,alup,150174,https://avatars1.githubusercontent.com/u/150174?v=3
RubyMoney,money,166,"Fix ""warning: ambiguous first argument; put parentheses or even spaces""",2012-04-27T08:21:30Z,2012-04-27T08:21:30Z,exviva,80070,https://avatars1.githubusercontent.com/u/80070?v=3
RubyMoney,money,162,Minor bugfix - incorrect use of character range resulted in botched results for Money::Parsing#extract_cents,2012-03-30T20:22:27Z,2012-03-30T20:22:27Z,MatmaRex,160413,https://avatars2.githubusercontent.com/u/160413?v=3
RubyMoney,money,160,Monetizable,2012-03-26T15:03:13Z,,alup,150174,https://avatars1.githubusercontent.com/u/150174?v=3
RubyMoney,money,159,Fix parsing of strings with 3 decimal digits,2012-03-21T17:43:43Z,2012-03-21T17:43:43Z,alup,150174,https://avatars1.githubusercontent.com/u/150174?v=3
RubyMoney,money,157,Add positive? and negative? methods,2012-03-18T14:47:19Z,2012-03-18T14:47:19Z,ohthatjames,81839,https://avatars3.githubusercontent.com/u/81839?v=3
RubyMoney,money,156,Fix format output with custom currencies (4 decimal places),2012-03-19T10:32:50Z,2012-03-19T10:32:50Z,alup,150174,https://avatars1.githubusercontent.com/u/150174?v=3
RubyMoney,money,155,Allow parsing of money values prefixed by symbols in key currencies,2012-03-09T14:50:49Z,2012-03-09T14:50:49Z,neilmiddleton,60786,https://avatars0.githubusercontent.com/u/60786?v=3
RubyMoney,money,154,Rates exported to a file from VariableExchange leave the File object open.,2012-03-09T18:21:17Z,2012-03-09T18:21:17Z,banjerluke,15148,https://avatars1.githubusercontent.com/u/15148?v=3
RubyMoney,money,153,fall back to symbol if there is no html_entity present,2012-03-07T12:26:57Z,2012-03-07T12:26:57Z,the-architect,16360,https://avatars1.githubusercontent.com/u/16360?v=3
RubyMoney,money,152,Changed settings for Polish Złoty,2012-03-04T20:39:31Z,2012-03-04T20:39:31Z,matma,179634,https://avatars0.githubusercontent.com/u/179634?v=3
RubyMoney,money,151,"Officially, the Euro symbol ought to come before the amount.",2012-03-01T13:28:00Z,2012-03-01T13:28:00Z,scomma,126537,https://avatars2.githubusercontent.com/u/126537?v=3
RubyMoney,money,150,add rbx-19mode back to travis-ci,2012-02-24T16:49:18Z,2012-02-24T16:49:18Z,semmons99,27679,https://avatars1.githubusercontent.com/u/27679?v=3
RubyMoney,money,148,Fix issues 146 and 147 by making on-the-fly decimal place calc + cache,2012-02-23T21:03:57Z,,enebo,19819,https://avatars2.githubusercontent.com/u/19819?v=3
RubyMoney,money,147,Add mapping for 4 decimal places,2012-02-23T21:44:31Z,,alup,150174,https://avatars1.githubusercontent.com/u/150174?v=3
RubyMoney,money,144,Remove Money::Currency::TABLE. Add Money::Currency.register for adding,2012-02-23T13:49:14Z,2012-02-23T13:49:14Z,semmons99,27679,https://avatars1.githubusercontent.com/u/27679?v=3
RubyMoney,money,142,Math.log10(subunit_to_unit).to_s not guaranteed to provide integral value,2012-02-15T21:25:57Z,2012-02-15T21:25:57Z,enebo,19819,https://avatars2.githubusercontent.com/u/19819?v=3
RubyMoney,money,137,Validate a given currency before creating symbols to avoid memory leak.,2012-01-04T20:40:31Z,2012-01-04T20:40:31Z,kenn,10350,https://avatars0.githubusercontent.com/u/10350?v=3
RubyMoney,money,135,String Parsing...We need to talk.,2012-01-01T23:22:14Z,,semmons99,27679,https://avatars1.githubusercontent.com/u/27679?v=3
RubyMoney,money,133,parsing amounts with a trailing minus sign,2011-12-20T02:14:49Z,2011-12-20T02:14:49Z,nubs,57673,https://avatars1.githubusercontent.com/u/57673?v=3
RubyMoney,money,129,Case to ternary operator.,2011-12-10T06:58:16Z,2011-12-10T06:58:16Z,dom1nga,793040,https://avatars3.githubusercontent.com/u/793040?v=3
RubyMoney,money,128,Add currency.code,2011-12-10T03:03:40Z,2011-12-10T03:03:40Z,semaperepelitsa,347921,https://avatars2.githubusercontent.com/u/347921?v=3
RubyMoney,money,127,In Danish symbol is after amount,2011-12-08T12:56:41Z,2011-12-08T12:56:41Z,jacobat,5836,https://avatars3.githubusercontent.com/u/5836?v=3
RubyMoney,money,125,Specs,2011-12-14T12:49:10Z,2011-12-14T12:49:10Z,weppos,5387,https://avatars2.githubusercontent.com/u/5387?v=3
RubyMoney,money,124,The Philippine peso sign ₱ usually goes in front,2011-11-25T08:54:24Z,2011-11-25T08:54:24Z,mreinsch,33982,https://avatars1.githubusercontent.com/u/33982?v=3
RubyMoney,money,123,Allow creation of new currencies,2011-11-21T18:49:29Z,,pelle,8680,https://avatars0.githubusercontent.com/u/8680?v=3
RubyMoney,money,122,added support for -@ method,2011-11-21T17:44:43Z,2011-11-21T17:44:43Z,pelle,8680,https://avatars0.githubusercontent.com/u/8680?v=3
RubyMoney,money,121,Money#to_money was missing the optional currency parameter,2011-11-21T17:40:31Z,2011-11-21T17:40:31Z,pelle,8680,https://avatars0.githubusercontent.com/u/8680?v=3
RubyMoney,money,120,Allow creation of new currencies,2011-11-21T15:28:46Z,,pelle,8680,https://avatars0.githubusercontent.com/u/8680?v=3
RubyMoney,money,117,Force json file to be UTF8,2011-11-11T01:00:57Z,2011-11-11T01:00:57Z,jduff,441,https://avatars2.githubusercontent.com/u/441?v=3
RubyMoney,money,115,ISO4217 Numeric codes,2011-11-01T13:36:53Z,2011-11-01T13:36:53Z,alovak,19233,https://avatars2.githubusercontent.com/u/19233?v=3
RubyMoney,money,114,nbrb_currency added to readme,2011-10-26T15:47:38Z,2011-10-26T15:47:38Z,slbug,108694,https://avatars1.githubusercontent.com/u/108694?v=3
RubyMoney,money,109,Currency data in JSON format,2011-09-25T23:35:54Z,2011-09-25T23:35:54Z,stevemorris,54046,https://avatars2.githubusercontent.com/u/54046?v=3
RubyMoney,money,105,"Polish złoty show format is ""100 zł"" and not ""zł100"". There also has t",2011-08-25T12:17:42Z,2011-08-25T12:17:42Z,Holek,339861,https://avatars3.githubusercontent.com/u/339861?v=3
RubyMoney,money,104,Change Lebanon currency name to 'Lebanese Pound' from 'Lebanese Lira',2011-08-16T13:09:49Z,2011-08-16T13:09:49Z,kaleemullah,56748,https://avatars0.githubusercontent.com/u/56748?v=3
RubyMoney,money,102,Make the need to use _as_string more explicit in README.,2011-08-15T23:26:34Z,2011-08-15T23:26:34Z,mjankowski,225,https://avatars1.githubusercontent.com/u/225?v=3
RubyMoney,money,101,Add support for Japanese Yen,2011-08-01T11:48:42Z,2011-08-01T11:48:42Z,pwim,30756,https://avatars1.githubusercontent.com/u/30756?v=3
RubyMoney,money,98,README updates,2011-07-17T23:36:20Z,2011-07-17T23:36:20Z,phlipper,984,https://avatars1.githubusercontent.com/u/984?v=3
RubyMoney,money,94,Lithuanian litas symbol should be after the number,2011-07-10T13:21:35Z,2011-07-10T13:21:35Z,laurynas,130315,https://avatars3.githubusercontent.com/u/130315?v=3
RubyMoney,money,93,Always return the default_currency,2011-07-07T13:01:53Z,,jasontorres,2481,https://avatars1.githubusercontent.com/u/2481?v=3
RubyMoney,money,89,Add the nordea gem to the readme,2011-06-21T11:32:19Z,2011-06-21T11:32:19Z,matiaskorhonen,43314,https://avatars2.githubusercontent.com/u/43314?v=3
RubyMoney,money,88,Added Money#to_json method,2011-06-17T11:39:13Z,,rwz,129043,https://avatars1.githubusercontent.com/u/129043?v=3
RubyMoney,money,87,Gemspec,2011-06-14T13:11:45Z,2011-06-14T13:11:45Z,hakanensari,31693,https://avatars0.githubusercontent.com/u/31693?v=3
RubyMoney,money,86,add ability to disable i18n,2011-06-13T11:47:13Z,2011-06-13T11:47:13Z,semmons99,27679,https://avatars1.githubusercontent.com/u/27679?v=3
RubyMoney,money,84,Minor update to readme,2011-06-10T21:42:23Z,2011-06-10T21:42:23Z,alexspeller,1217,https://avatars0.githubusercontent.com/u/1217?v=3
RubyMoney,money,83,Add to_d conversion method,2011-06-10T12:12:26Z,2011-06-10T12:12:26Z,pixeltrix,6321,https://avatars3.githubusercontent.com/u/6321?v=3
RubyMoney,money,76,#to_currency,2011-06-02T15:25:55Z,2011-06-02T15:25:55Z,eloyesp,173797,https://avatars2.githubusercontent.com/u/173797?v=3
RubyMoney,money,75,Arithmetic stuff fixes,2011-05-31T12:37:00Z,,nu7hatch,68126,https://avatars1.githubusercontent.com/u/68126?v=3
RubyMoney,money,71,add a format option :no_cents_if_whole,2011-04-28T11:07:40Z,2011-04-28T11:07:40Z,nurey,28474,https://avatars1.githubusercontent.com/u/28474?v=3
RubyMoney,money,70,Refactoring for clarity,2011-04-27T15:02:53Z,2011-04-27T15:02:53Z,Jell,184571,https://avatars3.githubusercontent.com/u/184571?v=3
RubyMoney,money,69,Refactor for clarity,2011-04-27T14:43:14Z,,Jell,184571,https://avatars3.githubusercontent.com/u/184571?v=3
RubyMoney,money,66,Minor change to the rails example in the readme file,2011-04-16T23:55:09Z,2011-04-16T23:55:09Z,pconnor,533834,https://avatars3.githubusercontent.com/u/533834?v=3
RubyMoney,money,65,Minor change to the rails example in the readme file,2011-04-16T13:47:35Z,,pconnor,533834,https://avatars3.githubusercontent.com/u/533834?v=3
RubyMoney,money,64,I18n should use currency translations,2011-04-07T12:30:06Z,2011-04-07T12:30:06Z,eloyesp,173797,https://avatars2.githubusercontent.com/u/173797?v=3
RubyMoney,money,63,I18n should use currency translations,2011-04-06T21:20:12Z,,eloyesp,173797,https://avatars2.githubusercontent.com/u/173797?v=3
RubyMoney,money,60,Currencies update proposal and yml storage,2011-03-03T21:49:07Z,,elmatou,292021,https://avatars0.githubusercontent.com/u/292021?v=3
RubyMoney,money,59,Adding I18n switch,2011-02-24T16:47:53Z,,elmatou,292021,https://avatars0.githubusercontent.com/u/292021?v=3
RubyMoney,money,58,Some new features I have implemented,2011-03-03T13:50:17Z,,elmatou,292021,https://avatars0.githubusercontent.com/u/292021?v=3
RubyMoney,money,56,Fix a bug related to floating point inprecision,2011-02-21T21:14:05Z,2011-02-21T13:14:05Z,tobi,347,https://avatars0.githubusercontent.com/u/347?v=3
RubyMoney,money,54,Several additions and refactoring,2011-02-21T02:30:57Z,,elmatou,292021,https://avatars0.githubusercontent.com/u/292021?v=3
RubyMoney,money,51,Add a symbol position option for Money#format,2011-01-24T20:54:26Z,2011-01-24T12:54:26Z,romaingweb,190000,https://avatars1.githubusercontent.com/u/190000?v=3
RubyMoney,money,50,Thousands separator fix for currencies with symbol last when :no_cents is set to true,2011-01-20T00:54:32Z,2011-01-19T16:54:32Z,romaingweb,190000,https://avatars1.githubusercontent.com/u/190000?v=3
RubyMoney,money,48,Additional input parsing,2011-01-10T20:29:43Z,2011-01-10T12:29:43Z,tlianza,18635,https://avatars3.githubusercontent.com/u/18635?v=3
RubyMoney,money,47,TypeError fix,2011-01-06T23:43:10Z,2011-01-06T15:43:10Z,cbillen,25200,https://avatars2.githubusercontent.com/u/25200?v=3
RubyMoney,money,45,Money#split,2010-12-30T01:57:02Z,2010-12-29T17:57:02Z,tobi,347,https://avatars0.githubusercontent.com/u/347?v=3
RubyMoney,money,44,Fair allocation between parties,2010-12-29T01:10:35Z,2010-12-28T17:10:35Z,tobi,347,https://avatars0.githubusercontent.com/u/347?v=3
RubyMoney,money,42,Updated the whitespace,2010-12-23T23:59:43Z,2010-12-23T15:59:43Z,mceachen,216377,https://avatars0.githubusercontent.com/u/216377?v=3
RubyMoney,money,41,Heya -- thanks for the money and google exchange rate gems!,2010-12-23T15:59:43Z,2010-12-23T15:59:43Z,mceachen,216377,https://avatars0.githubusercontent.com/u/216377?v=3
RubyMoney,money,40,Always store cents as integer,2010-12-17T23:15:39Z,2010-12-17T15:15:39Z,abhay,75,https://avatars3.githubusercontent.com/u/75?v=3
RubyMoney,money,39,Bugfix bigdecimal to string strangeness,2010-12-17T13:17:31Z,,abhay,75,https://avatars3.githubusercontent.com/u/75?v=3
RubyMoney,money,34,Use I18n for delimiter and separator,2010-11-03T19:48:38Z,2010-11-03T12:48:38Z,grobie,3432,https://avatars0.githubusercontent.com/u/3432?v=3
RubyMoney,money,33,Idea for preserving precision on Money calculations,2010-10-28T11:30:00Z,,dtsato,3356,https://avatars3.githubusercontent.com/u/3356?v=3
