ankane,searchkick,877,Feature/metric agg,2017-03-22T04:20:43Z,2017-03-22T04:20:43Z,jprosevear,699616,https://avatars0.githubusercontent.com/u/699616?v=3
ankane,searchkick,876,Support cardinality metric aggregator,2017-03-21T14:58:00Z,2017-03-21T14:58:00Z,jprosevear,699616,https://avatars0.githubusercontent.com/u/699616?v=3
ankane,searchkick,871,Added support for multi_match query with cross_fields type,,,technopreneurG,4021328,https://avatars1.githubusercontent.com/u/4021328?v=3
ankane,searchkick,859,Adding a HashWrapper for results to prevent Hashie log warnings,,,mikelkew,4648467,https://avatars2.githubusercontent.com/u/4648467?v=3
ankane,searchkick,852,"use custom query options like: analyzers, minimum_should_match",2017-03-20T04:42:52Z,,technopreneurG,4021328,https://avatars1.githubusercontent.com/u/4021328?v=3
ankane,searchkick,851,Add removed options to changelog,2017-02-17T04:29:31Z,,rreinhardt9,6023437,https://avatars3.githubusercontent.com/u/6023437?v=3
ankane,searchkick,841,Issue with randomization on version 2 #840,2017-02-12T02:31:41Z,,RCReddy,5663402,https://avatars3.githubusercontent.com/u/5663402?v=3
ankane,searchkick,808,Allow body to be specified for aggs to enable advanced aggregations,,,roybotnik,35521,https://avatars0.githubusercontent.com/u/35521?v=3
ankane,searchkick,805,kjkjl,2017-01-16T08:34:27Z,,jimiray,3462,https://avatars3.githubusercontent.com/u/3462?v=3
ankane,searchkick,804,"Adding test cases which fail, relevant to #269",2017-01-16T08:35:43Z,,oyeanuj,9633371,https://avatars1.githubusercontent.com/u/9633371?v=3
ankane,searchkick,802,Resolve lazy rescue TODO,2017-01-07T18:03:54Z,,armilam,430986,https://avatars1.githubusercontent.com/u/430986?v=3
ankane,searchkick,795,Searchkick 2.0,2016-12-29T05:25:25Z,2016-12-29T05:25:25Z,ankane,220358,https://avatars0.githubusercontent.com/u/220358?v=3
ankane,searchkick,789,geo_shape support in index and query,2016-12-23T21:51:42Z,2016-12-23T21:51:42Z,will-r,872859,https://avatars1.githubusercontent.com/u/872859?v=3
ankane,searchkick,787,Handle update errors,2016-12-22T00:06:17Z,2016-12-22T00:06:17Z,klebervirgilio,245691,https://avatars3.githubusercontent.com/u/245691?v=3
ankane,searchkick,777,Update eager_loading logic to match nobrainer >v0.20,2016-11-30T08:17:59Z,2016-11-30T08:17:59Z,jeroenvisser101,1941348,https://avatars2.githubusercontent.com/u/1941348?v=3
ankane,searchkick,773,Add option to customise ignore_above,2016-11-27T21:10:59Z,2016-11-27T21:10:59Z,jeremylynch,3665457,https://avatars0.githubusercontent.com/u/3665457?v=3
ankane,searchkick,771,Add partial_reindex instance method,2016-11-19T20:59:54Z,2016-11-19T20:59:54Z,paddingtonsbear,2347012,https://avatars2.githubusercontent.com/u/2347012?v=3
ankane,searchkick,768,minor PR cleaning up redundancy in readme,2017-01-08T01:33:52Z,,josh-m-sharpe,39473,https://avatars0.githubusercontent.com/u/39473?v=3
ankane,searchkick,764,Remove note about lack of Windows support for typhoeus,2016-11-08T03:54:42Z,2016-11-08T03:54:42Z,mikesea,1243633,https://avatars2.githubusercontent.com/u/1243633?v=3
ankane,searchkick,759,Autocomplete section of README.md updated,2016-11-02T03:47:02Z,,mimikadze,155890,https://avatars2.githubusercontent.com/u/155890?v=3
ankane,searchkick,752,Add support for geo_polygon,2016-10-21T06:43:20Z,2016-10-21T06:43:20Z,dwightwatson,1100408,https://avatars0.githubusercontent.com/u/1100408?v=3
ankane,searchkick,741,"Ability to set ""distance_type"" when using geo_distance filter",2016-11-25T06:35:08Z,,esen,150481,https://avatars3.githubusercontent.com/u/150481?v=3
ankane,searchkick,739,Added `Searchkick::Model#searchkick_indexed_fields` to get which fields are indexed for a model,2016-11-08T07:38:16Z,,oss92,6284234,https://avatars3.githubusercontent.com/u/6284234?v=3
ankane,searchkick,733,Added directional synonyms with '=>' syntax (#731),2016-12-22T00:12:51Z,,MK-42,5477999,https://avatars2.githubusercontent.com/u/5477999?v=3
ankane,searchkick,727,Add support for cross-fields - fixes #707,,,savayg,1419573,https://avatars1.githubusercontent.com/u/1419573?v=3
ankane,searchkick,726,fix typo in query,2016-09-09T17:30:10Z,2016-09-09T17:30:10Z,tracyloisel,48430,https://avatars1.githubusercontent.com/u/48430?v=3
ankane,searchkick,724,Link to the Elasticsearch docs for aggregations (not facets),2016-09-07T02:15:57Z,2016-09-07T02:15:57Z,hyfen,6291,https://avatars0.githubusercontent.com/u/6291?v=3
ankane,searchkick,723,Silent test warnings,2016-09-10T18:34:39Z,2016-09-10T18:34:39Z,savayg,1419573,https://avatars1.githubusercontent.com/u/1419573?v=3
ankane,searchkick,722,Update readme to fix Searchjoy relation,2016-09-03T22:11:38Z,2016-09-03T22:11:38Z,kevinkimball,6886483,https://avatars2.githubusercontent.com/u/6886483?v=3
ankane,searchkick,709,Date histogram,2016-07-30T22:18:50Z,2016-07-30T22:18:50Z,st0012,5079556,https://avatars0.githubusercontent.com/u/5079556?v=3
ankane,searchkick,708,Support conversion boosting on multiple fields,2016-07-29T23:45:04Z,2016-07-29T23:45:04Z,meetrajesh,101797,https://avatars2.githubusercontent.com/u/101797?v=3
ankane,searchkick,687,changed prepend on include,2016-06-23T15:33:25Z,,Vasyl-Varkholyak,1656258,https://avatars0.githubusercontent.com/u/1656258?v=3
ankane,searchkick,679,Update README.md,2016-07-24T11:26:32Z,2016-07-24T11:26:32Z,bdelmas,2515078,https://avatars3.githubusercontent.com/u/2515078?v=3
ankane,searchkick,672,Maintain ordering of records from ES response,2016-11-08T08:18:54Z,,jimmybaker,50668,https://avatars0.githubusercontent.com/u/50668?v=3
ankane,searchkick,662,Avoid extra string allocations,2016-07-24T01:41:45Z,2016-07-24T01:41:45Z,estum,1584968,https://avatars1.githubusercontent.com/u/1584968?v=3
ankane,searchkick,654,Support not filter match option,2016-04-13T09:29:11Z,,shiro16,6191072,https://avatars0.githubusercontent.com/u/6191072?v=3
ankane,searchkick,651,Async reindex jobs have a potential race condition,2016-11-08T07:45:49Z,,neojin,5699,https://avatars1.githubusercontent.com/u/5699?v=3
ankane,searchkick,649,Add polymorphic association name in conversions example,2016-05-09T14:24:56Z,,tegon,3727827,https://avatars3.githubusercontent.com/u/3727827?v=3
ankane,searchkick,648,Add min_score option and tests,2016-08-01T07:03:06Z,2016-08-01T07:03:06Z,abookyun,2224554,https://avatars0.githubusercontent.com/u/2224554?v=3
ankane,searchkick,645,reindexing models on an ES cluster that is totally new / empty throws…,2016-03-12T19:27:09Z,2016-03-12T19:27:09Z,habermeier,1214689,https://avatars2.githubusercontent.com/u/1214689?v=3
ankane,searchkick,639,[WIP] Records order preservation ActiveRecord POC,,,Mavvie,4432772,https://avatars2.githubusercontent.com/u/4432772?v=3
ankane,searchkick,636,Copyright updated,2016-02-19T06:34:38Z,2016-02-19T06:34:38Z,paritoshbotre,8109523,https://avatars0.githubusercontent.com/u/8109523?v=3
ankane,searchkick,635,Add Support for min_doc_count Filter in Aggregations Query with Tests,2016-02-19T05:45:28Z,2016-02-19T05:45:28Z,aengesath,1862848,https://avatars3.githubusercontent.com/u/1862848?v=3
ankane,searchkick,631,Raise with message on bulk import error,2016-07-24T01:46:56Z,2016-07-24T01:46:56Z,audreyschwarz,5962690,https://avatars1.githubusercontent.com/u/5962690?v=3
ankane,searchkick,627,Fix a typo in readme,2016-02-13T05:49:48Z,2016-02-13T05:49:48Z,pra85,829526,https://avatars1.githubusercontent.com/u/829526?v=3
ankane,searchkick,626,Add require statement to signed request example in README,2016-02-11T03:57:51Z,2016-02-11T03:57:51Z,abevoelker,153459,https://avatars3.githubusercontent.com/u/153459?v=3
ankane,searchkick,625,"Recommend touch: true for ""cache-busting""",2016-11-08T07:46:27Z,,aimee-ault,807778,https://avatars2.githubusercontent.com/u/807778?v=3
ankane,searchkick,624,Refactored Searchkick::Query#prepare,2016-02-18T07:54:16Z,2016-02-18T07:54:16Z,doubiz,964467,https://avatars0.githubusercontent.com/u/964467?v=3
ankane,searchkick,621,More select_v2 tests,2016-02-04T22:59:13Z,2016-02-04T22:59:13Z,meetrajesh,101797,https://avatars2.githubusercontent.com/u/101797?v=3
ankane,searchkick,619,Allow new way of selecting source fields,2016-02-04T09:06:36Z,,meetrajesh,101797,https://avatars2.githubusercontent.com/u/101797?v=3
ankane,searchkick,618,Bump version,2016-02-04T06:41:43Z,,aaroncraigongithub,2332811,https://avatars0.githubusercontent.com/u/2332811?v=3
ankane,searchkick,617,bump version,2016-02-03T22:54:36Z,,aaroncraigongithub,2332811,https://avatars0.githubusercontent.com/u/2332811?v=3
ankane,searchkick,616,adapt to Faraday sending a hash or an object to `call`,2016-02-03T06:39:39Z,2016-02-03T06:39:38Z,aaroncraigongithub,2332811,https://avatars0.githubusercontent.com/u/2332811?v=3
ankane,searchkick,614,Add example in readme how to search in nested fields,2016-11-08T07:47:26Z,,tacnoman,5348316,https://avatars0.githubusercontent.com/u/5348316?v=3
ankane,searchkick,612,Add active record model option to query,2016-01-26T16:19:23Z,,cheezy2022,2097487,https://avatars1.githubusercontent.com/u/2097487?v=3
ankane,searchkick,607,fix similar method default per_page,2016-01-21T16:59:25Z,2016-01-21T16:59:25Z,shiro16,6191072,https://avatars0.githubusercontent.com/u/6191072?v=3
ankane,searchkick,605,add option for number of replicas,2016-01-23T18:54:20Z,,neneboe,1339824,https://avatars1.githubusercontent.com/u/1339824?v=3
ankane,searchkick,601,Problems reindexing when using Oj,2016-07-24T11:42:31Z,,DanBradbury,2555073,https://avatars2.githubusercontent.com/u/2555073?v=3
ankane,searchkick,594,Use Module#prepend instead of deprecated alias_method_chain ,2016-01-22T06:05:15Z,2016-01-22T06:05:15Z,ovelar,1137,https://avatars2.githubusercontent.com/u/1137?v=3
ankane,searchkick,591,Refactor index implementation,2016-11-08T08:05:48Z,,st0012,5079556,https://avatars0.githubusercontent.com/u/5079556?v=3
ankane,searchkick,587,"Use bool filters instead of and/or filters except for geo-spacial, an…",2017-01-08T01:40:55Z,,elguapo1611,31507,https://avatars1.githubusercontent.com/u/31507?v=3
ankane,searchkick,580,Update README URLs based on HTTP redirects,2015-12-15T06:25:03Z,2015-12-15T06:25:03Z,ReadmeCritic,15367484,https://avatars0.githubusercontent.com/u/15367484?v=3
ankane,searchkick,577,add comment on queue used for callbacks: :async,2016-01-22T06:55:07Z,,nicolasmlv,1242610,https://avatars3.githubusercontent.com/u/1242610?v=3
ankane,searchkick,573,Reverse pin location when passed as array.,2015-12-16T07:00:45Z,,klebervirgilio,245691,https://avatars3.githubusercontent.com/u/245691?v=3
ankane,searchkick,564,Reduce default :limit to fix compatibility with Elasticsearch v2.1.0,2015-11-28T07:23:07Z,2015-11-28T07:23:07Z,ledermann,3557,https://avatars1.githubusercontent.com/u/3557?v=3
ankane,searchkick,561,Update README URLs based on HTTP redirects,2015-11-24T06:23:12Z,2015-11-24T06:23:12Z,ReadmeCritic,15367484,https://avatars0.githubusercontent.com/u/15367484?v=3
ankane,searchkick,560,Mongoid bug,2016-01-22T06:34:20Z,,benjaminharel,1838859,https://avatars1.githubusercontent.com/u/1838859?v=3
ankane,searchkick,554,add reminder to start elasticsearch,2016-01-22T06:47:44Z,,steve-chen-nyc,14185282,https://avatars0.githubusercontent.com/u/14185282?v=3
ankane,searchkick,547,Callable language param in searchkick,2015-11-06T09:57:17Z,2015-11-06T09:57:17Z,sld,788066,https://avatars1.githubusercontent.com/u/788066?v=3
ankane,searchkick,536,Add support for aggregations,2015-10-29T06:18:31Z,2015-10-29T06:18:31Z,meetrajesh,101797,https://avatars2.githubusercontent.com/u/101797?v=3
ankane,searchkick,531,Allow to pass synonyms as Proc,2015-10-13T07:51:15Z,2015-10-13T07:51:15Z,sharshenov,1262244,https://avatars1.githubusercontent.com/u/1262244?v=3
ankane,searchkick,527,Add nested object filter support,2016-11-08T08:14:19Z,,lucasbibiano,1474425,https://avatars1.githubusercontent.com/u/1474425?v=3
ankane,searchkick,526,Added dynamic index and composite keys support,2016-01-30T00:23:19Z,,mmahalwy,3749095,https://avatars3.githubusercontent.com/u/3749095?v=3
ankane,searchkick,522,Strip status code from ES error message,2016-07-24T22:23:45Z,,mehulkar,490968,https://avatars2.githubusercontent.com/u/490968?v=3
ankane,searchkick,516,Add date_histogram support,2016-07-30T22:40:42Z,,st0012,5079556,https://avatars0.githubusercontent.com/u/5079556?v=3
ankane,searchkick,513,Add better error message when using smart_facets on facets,2015-09-11T15:36:00Z,2015-09-11T15:36:00Z,klebervirgilio,245691,https://avatars3.githubusercontent.com/u/245691?v=3
ankane,searchkick,511,Update README.md,2016-01-22T06:47:44Z,,edatrix,2637904,https://avatars1.githubusercontent.com/u/2637904?v=3
ankane,searchkick,509,partial and bulk updates,2016-11-08T08:15:00Z,,talharamati,1626128,https://avatars0.githubusercontent.com/u/1626128?v=3
ankane,searchkick,506,Searchkick env,2015-09-01T04:17:16Z,,muffy,346336,https://avatars3.githubusercontent.com/u/346336?v=3
ankane,searchkick,505,Add prefix_length option for misspellings,2015-09-01T04:58:55Z,2015-09-01T04:58:55Z,toyray,6885152,https://avatars0.githubusercontent.com/u/6885152?v=3
ankane,searchkick,504,Disable cutoff_frequency when misspellings is false,2015-08-25T05:36:39Z,2015-08-25T05:36:39Z,toyray,6885152,https://avatars0.githubusercontent.com/u/6885152?v=3
ankane,searchkick,500,Feature/sidekiq support,2016-06-28T15:18:44Z,,ViliusLuneckas,217922,https://avatars3.githubusercontent.com/u/217922?v=3
ankane,searchkick,495,add bulk update method,2016-11-08T08:03:51Z,,richardking,1413400,https://avatars1.githubusercontent.com/u/1413400?v=3
ankane,searchkick,492,"Add min_score option, with result test!",2016-08-01T07:06:09Z,,st0012,5079556,https://avatars0.githubusercontent.com/u/5079556?v=3
ankane,searchkick,490,Implement results#records method for ActiveRecord,2015-08-05T07:21:56Z,2015-08-05T07:21:56Z,Mavvie,4432772,https://avatars2.githubusercontent.com/u/4432772?v=3
ankane,searchkick,489,Add a records method that returns a scope for activerecord,2015-08-04T21:51:57Z,,Mavvie,4432772,https://avatars2.githubusercontent.com/u/4432772?v=3
ankane,searchkick,488,Custom search analyzer,2016-02-15T04:02:17Z,,kahirul,747288,https://avatars1.githubusercontent.com/u/747288?v=3
ankane,searchkick,484,add support of query_cache param,2016-04-07T20:11:18Z,,Altareq,411481,https://avatars1.githubusercontent.com/u/411481?v=3
ankane,searchkick,473,add multiplier boost,2015-07-13T04:22:55Z,2015-07-13T04:22:55Z,richardking,1413400,https://avatars1.githubusercontent.com/u/1413400?v=3
ankane,searchkick,472,Add support for fuzzy transpositions,2015-07-09T08:47:04Z,2015-07-09T08:47:04Z,meetrajesh,101797,https://avatars2.githubusercontent.com/u/101797?v=3
ankane,searchkick,467,Create write and read aliases during reindex_scope,2015-08-21T20:57:50Z,,naiyt,1728948,https://avatars2.githubusercontent.com/u/1728948?v=3
ankane,searchkick,466,Update README to show regexp support,2015-06-24T02:55:05Z,2015-06-24T02:55:05Z,meetrajesh,101797,https://avatars2.githubusercontent.com/u/101797?v=3
ankane,searchkick,465,Additional support for regular expressions (using strings instead of Regexp object),2015-06-23T21:32:23Z,2015-06-23T21:32:23Z,meetrajesh,101797,https://avatars2.githubusercontent.com/u/101797?v=3
ankane,searchkick,461,"Fix range queries for ""id"" field  (alternative)",2016-11-08T08:18:09Z,,bogdanovich,5257258,https://avatars2.githubusercontent.com/u/5257258?v=3
ankane,searchkick,460,"Fix range queries for ""id"" field",2016-11-08T08:15:18Z,,bogdanovich,5257258,https://avatars2.githubusercontent.com/u/5257258?v=3
ankane,searchkick,459,"Fix range queries for ""id"" field",2015-06-11T05:13:01Z,,bogdanovich,5257258,https://avatars2.githubusercontent.com/u/5257258?v=3
ankane,searchkick,455,Aggregations support,2015-11-24T20:32:52Z,,igorbelo,3484877,https://avatars2.githubusercontent.com/u/3484877?v=3
ankane,searchkick,454,[Facets] Support overriding field in facet search,2015-06-03T04:24:45Z,2015-06-03T04:24:45Z,meetrajesh,101797,https://avatars2.githubusercontent.com/u/101797?v=3
ankane,searchkick,449,Make `Searchkick.disable_callbacks` threadsafe,2015-05-27T04:23:01Z,2015-05-27T04:23:01Z,stormsilver,135457,https://avatars3.githubusercontent.com/u/135457?v=3
ankane,searchkick,446,Use latest version of NoBrainer for the tests,2015-07-12T22:59:08Z,,nviennot,297060,https://avatars2.githubusercontent.com/u/297060?v=3
ankane,searchkick,444,"Fix doc: when use string, the suggestion feature doesn't works",2015-07-02T07:25:25Z,,raphaelcuba,3655033,https://avatars3.githubusercontent.com/u/3655033?v=3
ankane,searchkick,439,Add range option to boost filters.,2015-07-12T22:56:22Z,,ezekielriva,1547585,https://avatars3.githubusercontent.com/u/1547585?v=3
ankane,searchkick,438,Add new Ruby 2.2 version,2015-07-12T02:47:42Z,,nicolasleger,570901,https://avatars2.githubusercontent.com/u/570901?v=3
ankane,searchkick,436,Add an option to enable transpositions in fuzzy search,2015-07-12T02:41:51Z,,parkdy,4877189,https://avatars2.githubusercontent.com/u/4877189?v=3
ankane,searchkick,422,Test it's ok - #421,2016-07-24T11:45:34Z,,bgvo,3684835,https://avatars1.githubusercontent.com/u/3684835?v=3
ankane,searchkick,420,allow raw elasticsearch format filters,2015-12-21T09:52:00Z,,smostovoy,383681,https://avatars3.githubusercontent.com/u/383681?v=3
ankane,searchkick,418,Update badges,2015-03-30T11:10:50Z,2015-03-30T11:10:50Z,abookyun,2224554,https://avatars0.githubusercontent.com/u/2224554?v=3
ankane,searchkick,412,Added match phrase option,2016-02-18T08:20:28Z,,pluton-house,11576668,https://avatars0.githubusercontent.com/u/11576668?v=3
ankane,searchkick,406,"fix typo in readme (was ""body"" instead of ""query"")",2015-07-12T02:37:51Z,,adrienbourgeois,5119543,https://avatars1.githubusercontent.com/u/5119543?v=3
ankane,searchkick,381,Add option for retaining indexes to Model#reindex,2017-01-08T04:33:41Z,,incorvia,386548,https://avatars0.githubusercontent.com/u/386548?v=3
ankane,searchkick,380,Add ability to reverse where using not filter,2017-01-08T01:42:11Z,,anfinil,37983,https://avatars3.githubusercontent.com/u/37983?v=3
ankane,searchkick,369,Add routing parameter,2015-04-19T23:14:12Z,2015-04-19T23:14:12Z,bogdanovich,5257258,https://avatars2.githubusercontent.com/u/5257258?v=3
ankane,searchkick,368,Allow '_all' to be used as a search field,2016-07-24T11:43:54Z,,nornagon,172800,https://avatars1.githubusercontent.com/u/172800?v=3
ankane,searchkick,367,Update to latest NoBrainer API,2015-07-12T22:58:00Z,2015-07-12T22:58:00Z,nviennot,297060,https://avatars2.githubusercontent.com/u/297060?v=3
ankane,searchkick,361,Added geoshape (boundingbox) query support.,2016-11-08T07:55:05Z,,sirsupertramp,2066013,https://avatars1.githubusercontent.com/u/2066013?v=3
ankane,searchkick,358,Refactor ReindexJob,2015-07-12T23:24:00Z,,maxbeizer,2006658,https://avatars2.githubusercontent.com/u/2006658?v=3
ankane,searchkick,355,Added support for geo_shape with readme and tests,2016-11-08T07:54:57Z,,DmitryKK,7626966,https://avatars3.githubusercontent.com/u/7626966?v=3
ankane,searchkick,354,Updated README.md - link to the complete list of analyzers,2015-01-05T04:27:20Z,2015-01-05T04:27:20Z,mengqing,929022,https://avatars0.githubusercontent.com/u/929022?v=3
ankane,searchkick,350,Update boost_where to support multiple values of same field,2014-12-23T00:55:09Z,2014-12-23T00:55:09Z,tommi-lew,827889,https://avatars0.githubusercontent.com/u/827889?v=3
ankane,searchkick,348,Update README.md,2015-02-28T22:44:40Z,2015-02-28T22:44:40Z,dferrazm,526386,https://avatars1.githubusercontent.com/u/526386?v=3
ankane,searchkick,347,Use the new build env on Travis.,2014-12-19T01:14:56Z,,JuanitoFatas,1000669,https://avatars2.githubusercontent.com/u/1000669?v=3
ankane,searchkick,332,"Configure NoBrainer in test mode, removed outdated aliases",2014-11-19T06:07:18Z,2014-11-19T06:07:18Z,nviennot,297060,https://avatars2.githubusercontent.com/u/297060?v=3
ankane,searchkick,331,Update README.md,2015-07-12T02:54:32Z,2015-07-12T02:54:32Z,macarthy,7726,https://avatars2.githubusercontent.com/u/7726?v=3
ankane,searchkick,322,"Nobrainer, ORM for RethinkDB, support",2014-11-19T05:52:41Z,2014-11-19T05:52:41Z,eksoverzero,722021,https://avatars1.githubusercontent.com/u/722021?v=3
ankane,searchkick,321,Rescue from division by zero error,2016-01-22T06:58:03Z,,sharshenov,1262244,https://avatars1.githubusercontent.com/u/1262244?v=3
ankane,searchkick,317,"Separate DB query logic, make it easy to add custom behavior",2014-11-04T06:28:27Z,2014-11-04T06:28:27Z,subvertallchris,4097271,https://avatars1.githubusercontent.com/u/4097271?v=3
ankane,searchkick,316,move results db queries into a dedicated method,2014-11-01T19:44:27Z,,subvertallchris,4097271,https://avatars1.githubusercontent.com/u/4097271?v=3
ankane,searchkick,315,Include indexed search_data on demand,2014-11-10T09:47:41Z,2014-11-10T09:47:41Z,sharshenov,1262244,https://avatars1.githubusercontent.com/u/1262244?v=3
ankane,searchkick,310,Use string interpolation to get index name,2014-10-29T05:59:25Z,2014-10-29T05:59:25Z,ka8725,243846,https://avatars3.githubusercontent.com/u/243846?v=3
ankane,searchkick,304,"Enable the use of highlighting options, including fragment length.",2014-11-03T03:11:50Z,2014-11-03T03:11:50Z,trevorsmith,14433,https://avatars1.githubusercontent.com/u/14433?v=3
ankane,searchkick,301,added support for geo_shape,2016-07-24T22:09:12Z,,malagoli,1595289,https://avatars2.githubusercontent.com/u/1595289?v=3
ankane,searchkick,300,Modify the query scoring with custom functions,2014-11-03T03:41:20Z,2014-11-03T03:41:20Z,monkbroc,1919681,https://avatars1.githubusercontent.com/u/1919681?v=3
ankane,searchkick,298,Add out_of_range? method for kaminari.,2015-07-12T23:09:20Z,2015-07-12T23:09:20Z,joe1chen,48643,https://avatars0.githubusercontent.com/u/48643?v=3
ankane,searchkick,296,Adds query function parameter to boost_where,2015-02-09T08:51:22Z,,anfinil,37983,https://avatars3.githubusercontent.com/u/37983?v=3
ankane,searchkick,294,Added support for grape-kaminari,2014-10-02T12:52:41Z,,dbuarque,559571,https://avatars3.githubusercontent.com/u/559571?v=3
ankane,searchkick,292,"Add options for query : min_score, facets/all_terms, facets/field",2016-11-08T07:50:53Z,,sebfie,862129,https://avatars1.githubusercontent.com/u/862129?v=3
ankane,searchkick,290,added id transformation for arrays in sorting,2015-07-12T03:09:58Z,,Asp1d,239584,https://avatars1.githubusercontent.com/u/239584?v=3
ankane,searchkick,289,Allow for primary_key to be passed as an option,2015-07-12T23:27:15Z,,jimiray,3462,https://avatars3.githubusercontent.com/u/3462?v=3
ankane,searchkick,288,Allow for primary_key to be passed as an option,2014-09-25T00:23:22Z,,jimiray,3462,https://avatars3.githubusercontent.com/u/3462?v=3
ankane,searchkick,285,Async Reindex :: Added support for Resque,2015-07-12T02:55:59Z,,grepruby,2634535,https://avatars0.githubusercontent.com/u/2634535?v=3
ankane,searchkick,283,add indices_boost option support,2016-07-26T02:27:04Z,2016-07-26T02:27:04Z,exAspArk,577441,https://avatars1.githubusercontent.com/u/577441?v=3
ankane,searchkick,279,Fix import logging exception in case of empty records array,2014-09-17T17:53:54Z,2014-09-17T17:53:54Z,sharshenov,1262244,https://avatars1.githubusercontent.com/u/1262244?v=3
ankane,searchkick,278,Add Searchkick::Results#entry_name method for kaminari compatibility,2014-09-10T08:14:57Z,2014-09-10T08:14:57Z,yuki24,386234,https://avatars3.githubusercontent.com/u/386234?v=3
ankane,searchkick,277,Use activejob to support multiple queuing systems,2014-09-21T01:34:06Z,,johnkelly,709243,https://avatars1.githubusercontent.com/u/709243?v=3
ankane,searchkick,273,highlighting_issue,2014-09-01T20:24:15Z,,chumakoff,4020700,https://avatars2.githubusercontent.com/u/4020700?v=3
ankane,searchkick,270,Update README.md,2015-07-12T23:03:01Z,2015-07-12T23:03:01Z,jdurand,1762666,https://avatars1.githubusercontent.com/u/1762666?v=3
ankane,searchkick,267,Add backburner support for async reindex,2014-09-21T01:28:03Z,,kahirul,747288,https://avatars1.githubusercontent.com/u/747288?v=3
ankane,searchkick,263,added failing tests for autocomplete multiple fields,2014-11-08T18:55:30Z,,spk,98590,https://avatars0.githubusercontent.com/u/98590?v=3
ankane,searchkick,259,Mongoid2 support,2014-08-16T20:54:37Z,2014-08-16T20:54:37Z,joe1chen,48643,https://avatars0.githubusercontent.com/u/48643?v=3
ankane,searchkick,258,added id transformation for arrays in sorting,2014-08-15T11:45:24Z,,Asp1d,239584,https://avatars1.githubusercontent.com/u/239584?v=3
ankane,searchkick,242,add text middle tag test #239,2015-07-12T03:26:09Z,,Dannyguk,847787,https://avatars2.githubusercontent.com/u/847787?v=3
ankane,searchkick,237,Add kaminari and will_paginate clarification for view code sample,2014-07-12T23:04:57Z,2014-07-12T23:04:57Z,speasley,1308092,https://avatars2.githubusercontent.com/u/1308092?v=3
ankane,searchkick,231,Add option to skip importing records when reindexing,2014-06-30T08:53:28Z,2014-06-30T08:53:28Z,kahirul,747288,https://avatars1.githubusercontent.com/u/747288?v=3
ankane,searchkick,229,Add prev_page method to results,2014-06-26T18:09:42Z,2014-06-26T18:09:42Z,johnvh,126936,https://avatars2.githubusercontent.com/u/126936?v=3
ankane,searchkick,208,Added facet options for facet stats,2014-05-17T21:46:18Z,2014-05-17T21:46:18Z,samuel02,286735,https://avatars2.githubusercontent.com/u/286735?v=3
ankane,searchkick,204,Allow classes to set document_type.,2014-05-17T21:11:21Z,,incorvia,386548,https://avatars0.githubusercontent.com/u/386548?v=3
ankane,searchkick,201,Raise error objects instead of strings,2014-05-16T17:11:43Z,,oliger,203411,https://avatars0.githubusercontent.com/u/203411?v=3
ankane,searchkick,198,alias num_pages to total_pages,2014-05-10T22:07:52Z,2014-05-10T22:07:52Z,kieran,3444,https://avatars0.githubusercontent.com/u/3444?v=3
ankane,searchkick,195,remove duplicate suggest analyzer at reindex,2014-05-07T08:30:15Z,2014-05-07T08:30:15Z,kahirul,747288,https://avatars1.githubusercontent.com/u/747288?v=3
ankane,searchkick,194,Fixing issue with STI and bulk import,2014-05-07T03:34:07Z,,cdimartino,191587,https://avatars1.githubusercontent.com/u/191587?v=3
ankane,searchkick,193,Add pagination `padding` option to #search.,2014-05-14T04:53:11Z,2014-05-14T04:53:11Z,jtomaszewski,1862580,https://avatars1.githubusercontent.com/u/1862580?v=3
ankane,searchkick,191,Feature/add scoping to results,2016-11-08T07:49:28Z,,cdimartino,191587,https://avatars1.githubusercontent.com/u/191587?v=3
ankane,searchkick,189,Improved kaminari support,2014-04-25T02:47:04Z,2014-04-25T02:47:04Z,voldy,162098,https://avatars0.githubusercontent.com/u/162098?v=3
ankane,searchkick,186,Fix logging to allow for a multi-index search,2014-04-19T21:17:18Z,2014-04-19T21:17:18Z,jhdavids8,811258,https://avatars2.githubusercontent.com/u/811258?v=3
ankane,searchkick,182,Added option for changing conflicting #search method name,2014-07-17T04:56:16Z,2014-07-17T04:56:16Z,coryodaniel,11587,https://avatars2.githubusercontent.com/u/11587?v=3
ankane,searchkick,175,Add score for each hit in the returned set of results,2014-04-25T02:56:23Z,,samuel02,286735,https://avatars2.githubusercontent.com/u/286735?v=3
ankane,searchkick,171,similar: add per_page option,2014-04-06T02:05:25Z,,umhan35,3271612,https://avatars0.githubusercontent.com/u/3271612?v=3
ankane,searchkick,168,Fix logging time,2014-04-05T21:16:25Z,2014-04-05T21:16:25Z,samuel02,286735,https://avatars2.githubusercontent.com/u/286735?v=3
ankane,searchkick,160,added the possibility to use a proc or lambda as index_name,2014-03-26T04:23:58Z,2014-03-26T04:23:58Z,jdurand,1762666,https://avatars1.githubusercontent.com/u/1762666?v=3
ankane,searchkick,150,Add docs badge to README,2014-03-13T09:20:55Z,,rrrene,311914,https://avatars0.githubusercontent.com/u/311914?v=3
ankane,searchkick,147,Accept options for search like `timeout`,2014-05-30T07:12:44Z,,yaotti,18807,https://avatars0.githubusercontent.com/u/18807?v=3
ankane,searchkick,137,Redo Query class refactor,2015-07-12T03:23:26Z,,nragaz,10078,https://avatars3.githubusercontent.com/u/10078?v=3
ankane,searchkick,132,support range filter for array fields,2014-02-24T02:05:15Z,,zapnap,194,https://avatars3.githubusercontent.com/u/194?v=3
ankane,searchkick,131,Search method naming conflict,2014-02-20T02:21:55Z,,sdsdkkk,5137081,https://avatars1.githubusercontent.com/u/5137081?v=3
ankane,searchkick,123,Updated scope syntax,2014-02-08T19:37:14Z,2014-02-08T19:37:14Z,nathanbertram,21455,https://avatars1.githubusercontent.com/u/21455?v=3
ankane,searchkick,122,Add support for has_child / has_parent filter,2015-01-15T12:09:18Z,,carloslopes,828243,https://avatars0.githubusercontent.com/u/828243?v=3
ankane,searchkick,121,Add option to force search types,2014-02-18T05:15:09Z,2014-02-18T05:15:09Z,carloslopes,828243,https://avatars0.githubusercontent.com/u/828243?v=3
ankane,searchkick,110,Ensure that classes only get registered once,2014-02-18T05:18:17Z,2014-02-18T05:18:17Z,zapnap,194,https://avatars3.githubusercontent.com/u/194?v=3
ankane,searchkick,109,Allow nested any (or) filter execution,2014-03-05T06:01:18Z,2014-03-05T06:01:18Z,zapnap,194,https://avatars3.githubusercontent.com/u/194?v=3
ankane,searchkick,108,Allow nested any filter,2014-01-24T23:17:07Z,,zapnap,194,https://avatars3.githubusercontent.com/u/194?v=3
ankane,searchkick,107,Extract search into a class,2014-02-26T16:38:42Z,,nragaz,10078,https://avatars3.githubusercontent.com/u/10078?v=3
ankane,searchkick,106,Add Searchkick.enable_callbacks instructions on README,2014-01-24T05:08:48Z,2014-01-24T05:08:48Z,sadjow,177525,https://avatars2.githubusercontent.com/u/177525?v=3
ankane,searchkick,103,Term filter not nil / not missing fix,2014-01-24T22:59:57Z,,zapnap,194,https://avatars3.githubusercontent.com/u/194?v=3
ankane,searchkick,101,Changing only a portion of the settings,2014-01-17T01:31:00Z,2014-01-17T01:31:00Z,lucasdupin,88702,https://avatars2.githubusercontent.com/u/88702?v=3
ankane,searchkick,100,Add custom mappings and settings to defaults instead of replacing them,2014-01-18T22:09:27Z,,zapnap,194,https://avatars3.githubusercontent.com/u/194?v=3
ankane,searchkick,95,Start testing docs,2016-11-08T07:49:51Z,,mattgibson,503900,https://avatars0.githubusercontent.com/u/503900?v=3
ankane,searchkick,90,allow for limit facets by constrains but not current one,2014-04-25T04:03:00Z,2014-04-25T04:03:00Z,gotar,135318,https://avatars2.githubusercontent.com/u/135318?v=3
ankane,searchkick,88,Temporarily disable searchkick,2013-12-27T08:07:16Z,2013-12-27T08:07:16Z,jtomaszewski,1862580,https://avatars1.githubusercontent.com/u/1862580?v=3
ankane,searchkick,77,"Index only some models, not #all",2013-12-27T07:16:50Z,2013-12-27T07:16:50Z,jtomaszewski,1862580,https://avatars1.githubusercontent.com/u/1862580?v=3
ankane,searchkick,84,allow to include basic constraints to limit facets,2013-12-22T20:36:26Z,,gotar,135318,https://avatars2.githubusercontent.com/u/135318?v=3
ankane,searchkick,80,Update similar.rb,2013-12-12T06:06:24Z,2013-12-12T06:06:24Z,gotar,135318,https://avatars2.githubusercontent.com/u/135318?v=3
ankane,searchkick,76,added possibility to filter terms with execution: and option ,2013-12-08T22:45:14Z,2013-12-08T22:45:14Z,nandosousafr,818744,https://avatars2.githubusercontent.com/u/818744?v=3
ankane,searchkick,66,Added order by distance to readme,2013-11-26T16:46:16Z,,chourobin,438742,https://avatars2.githubusercontent.com/u/438742?v=3
ankane,searchkick,61,Facet ranges,2013-11-24T23:12:42Z,2013-11-24T23:12:42Z,acallaghan,28108,https://avatars3.githubusercontent.com/u/28108?v=3
ankane,searchkick,56,Added Reindexing Message,2013-11-16T05:32:47Z,2013-11-16T05:32:47Z,rajraj,9442,https://avatars0.githubusercontent.com/u/9442?v=3
ankane,searchkick,39,"Use tire.index.name instead of index_name, as user could be using a proc (tire already handles that)",2013-10-01T03:14:56Z,2013-10-01T03:14:56Z,jhdavids8,811258,https://avatars2.githubusercontent.com/u/811258?v=3
ankane,searchkick,29,Add option to disable fuzzy searching. Fixes #22,2013-09-08T16:09:53Z,2013-09-08T16:09:53Z,mehulkar,490968,https://avatars2.githubusercontent.com/u/490968?v=3
ankane,searchkick,15,Reindexing,2013-08-15T05:53:39Z,,mehulkar,490968,https://avatars2.githubusercontent.com/u/490968?v=3
