CanCanCommunity,cancancan,398,MongoidAdapter: Improves querying for finding relation_ids by replacing only->map with distinct,2017-03-26T13:39:04Z,2017-03-26T13:39:04Z,shaunakpp,3170078,https://avatars3.githubusercontent.com/u/3170078?v=3
CanCanCommunity,cancancan,397,Feature/refactorings 1,2017-02-10T14:45:32Z,2017-02-10T14:45:32Z,coorasse,1319150,https://avatars0.githubusercontent.com/u/1319150?v=3
CanCanCommunity,cancancan,396,reduce methods complexity,2017-02-09T13:04:46Z,2017-02-09T13:04:46Z,coorasse,1319150,https://avatars0.githubusercontent.com/u/1319150?v=3
CanCanCommunity,cancancan,395,Feature/correct rubocop manually,2017-02-09T09:27:59Z,2017-02-09T09:27:59Z,coorasse,1319150,https://avatars0.githubusercontent.com/u/1319150?v=3
CanCanCommunity,cancancan,394,Feature/more rubocop fixes,2017-02-09T09:28:12Z,,coorasse,1319150,https://avatars0.githubusercontent.com/u/1319150?v=3
CanCanCommunity,cancancan,393,fix many small rubocop issues,2017-02-09T08:06:53Z,2017-02-09T08:06:53Z,coorasse,1319150,https://avatars0.githubusercontent.com/u/1319150?v=3
CanCanCommunity,cancancan,388,Add permissions_hash to ability,2017-01-17T18:38:21Z,,lchanmann,441658,https://avatars0.githubusercontent.com/u/441658?v=3
CanCanCommunity,cancancan,387,fix more rubocop issues,2017-02-06T15:49:49Z,2017-02-06T15:49:49Z,coorasse,1319150,https://avatars0.githubusercontent.com/u/1319150?v=3
CanCanCommunity,cancancan,386,Fix compatibility with ruby 2.0.0,2017-01-13T22:17:35Z,2017-01-13T22:17:34Z,coorasse,1319150,https://avatars0.githubusercontent.com/u/1319150?v=3
CanCanCommunity,cancancan,385,fix for #384,2017-03-26T13:36:25Z,,bertBruynooghe,500119,https://avatars0.githubusercontent.com/u/500119?v=3
CanCanCommunity,cancancan,381,Fix rubocop Issues: Style/SpaceInsideHashLiteralBraces,2017-01-15T21:06:12Z,2017-01-15T21:06:12Z,matthiasfehr,22444011,https://avatars0.githubusercontent.com/u/22444011?v=3
CanCanCommunity,cancancan,380,Fix rubocop Issues: Style/SpaceInsideBlockBraces,2017-01-15T17:46:24Z,2017-01-15T17:46:24Z,matthiasfehr,22444011,https://avatars0.githubusercontent.com/u/22444011?v=3
CanCanCommunity,cancancan,379,Fix rubocop Issues: Performance/RedundantMerge,2017-01-13T19:54:36Z,2017-01-13T19:54:36Z,matthiasfehr,22444011,https://avatars0.githubusercontent.com/u/22444011?v=3
CanCanCommunity,cancancan,378,Fix rubocop Issues: Lint/EndAlignment,2017-02-10T15:44:51Z,,matthiasfehr,22444011,https://avatars0.githubusercontent.com/u/22444011?v=3
CanCanCommunity,cancancan,377,Fix rubocop Issues: Style/BracesAroundHashParameters,2017-01-14T18:56:57Z,2017-01-14T18:56:57Z,matthiasfehr,22444011,https://avatars0.githubusercontent.com/u/22444011?v=3
CanCanCommunity,cancancan,376,Fix rubocop Issues: Lint/UselessAssignment,2017-01-14T18:53:02Z,2017-01-14T18:53:02Z,zorafuchs,13620981,https://avatars2.githubusercontent.com/u/13620981?v=3
CanCanCommunity,cancancan,375,Fix rubocop Issues: Lint/UnusedMethodArgument,2016-12-22T15:06:55Z,2016-12-22T15:06:55Z,zorafuchs,13620981,https://avatars2.githubusercontent.com/u/13620981?v=3
CanCanCommunity,cancancan,374,Fix rubocop Issues: Lint/UnusedBlockArgument,2016-12-22T14:28:14Z,2016-12-22T14:28:14Z,zorafuchs,13620981,https://avatars2.githubusercontent.com/u/13620981?v=3
CanCanCommunity,cancancan,373,use only new ruby hash syntax,2016-12-16T10:30:09Z,2016-12-16T10:30:09Z,coorasse,1319150,https://avatars0.githubusercontent.com/u/1319150?v=3
CanCanCommunity,cancancan,371,add rubocop to Travis,2016-12-14T16:18:27Z,2016-12-14T16:18:27Z,coorasse,1319150,https://avatars0.githubusercontent.com/u/1319150?v=3
CanCanCommunity,cancancan,370,drop support for InheritedResource,2016-12-13T09:47:32Z,2016-12-13T09:47:32Z,coorasse,1319150,https://avatars0.githubusercontent.com/u/1319150?v=3
CanCanCommunity,cancancan,369,remove old Ryan email address for notifications,2016-12-13T09:40:27Z,2016-12-13T09:40:27Z,coorasse,1319150,https://avatars0.githubusercontent.com/u/1319150?v=3
CanCanCommunity,cancancan,368,add rubocop and fix single quotes interpolation,2016-12-13T09:38:49Z,2016-12-13T09:38:49Z,coorasse,1319150,https://avatars0.githubusercontent.com/u/1319150?v=3
CanCanCommunity,cancancan,367,[WIP] Version 2.0,,,coorasse,1319150,https://avatars0.githubusercontent.com/u/1319150?v=3
CanCanCommunity,cancancan,366,small updates to the README,2016-12-14T07:10:43Z,2016-12-14T07:10:43Z,coorasse,1319150,https://avatars0.githubusercontent.com/u/1319150?v=3
CanCanCommunity,cancancan,364,add option to pass array of abilities to rspec matcher,2016-12-17T13:44:05Z,2016-12-17T13:44:05Z,gingray,832155,https://avatars3.githubusercontent.com/u/832155?v=3
CanCanCommunity,cancancan,363,Make accessible_by support multiple rules referencing the same table with different rules,,,mtrudel,79646,https://avatars3.githubusercontent.com/u/79646?v=3
CanCanCommunity,cancancan,360,Update spec readme with the mongodb information,2016-12-11T11:31:56Z,,shivhg,8338207,https://avatars3.githubusercontent.com/u/8338207?v=3
CanCanCommunity,cancancan,354,Explicitly tells cancancan is for Ruby 2+ and Rails 3+,2016-10-14T07:23:49Z,2016-10-14T07:23:49Z,Hettomei,2079042,https://avatars1.githubusercontent.com/u/2079042?v=3
CanCanCommunity,cancancan,350,Updates Readme,2016-12-11T11:32:52Z,2016-12-11T11:32:52Z,F3PiX,6314687,https://avatars2.githubusercontent.com/u/6314687?v=3
CanCanCommunity,cancancan,344,Fix issue with ActiveRecord initialization,2016-08-17T10:47:58Z,,alexsanford,842193,https://avatars1.githubusercontent.com/u/842193?v=3
CanCanCommunity,cancancan,340,Update README.md,2016-12-11T11:33:20Z,,RoM4iK,2602767,https://avatars0.githubusercontent.com/u/2602767?v=3
CanCanCommunity,cancancan,336,Readme Correction - before filter to before action,2016-07-27T07:30:26Z,2016-07-27T07:30:26Z,renatomolina,782360,https://avatars0.githubusercontent.com/u/782360?v=3
CanCanCommunity,cancancan,333,Drop support for Rails < 4.2,2016-12-11T14:12:52Z,2016-12-11T14:12:52Z,oliverklee,765746,https://avatars3.githubusercontent.com/u/765746?v=3
CanCanCommunity,cancancan,330,Changed includes to joins so .select() can still be used,2016-06-23T19:55:49Z,,akuma12,969848,https://avatars3.githubusercontent.com/u/969848?v=3
CanCanCommunity,cancancan,326,ActiveRecord4Adapter fix for rails 5,2016-05-18T16:48:50Z,,slbug,108694,https://avatars1.githubusercontent.com/u/108694?v=3
CanCanCommunity,cancancan,320,SVG badge,2016-04-29T16:44:15Z,2016-04-29T16:44:15Z,huacnlee,5518,https://avatars1.githubusercontent.com/u/5518?v=3
CanCanCommunity,cancancan,319,Allow authorize! to use a custom error class,,,neeaagh,2041713,https://avatars0.githubusercontent.com/u/2041713?v=3
CanCanCommunity,cancancan,316,Controller asks current_ability if it has been authorized,,,houen,611106,https://avatars2.githubusercontent.com/u/611106?v=3
CanCanCommunity,cancancan,315,Avoid unnecessary checks [1.13.x-maintenance],2016-04-14T18:11:07Z,,glebm,216339,https://avatars3.githubusercontent.com/u/216339?v=3
CanCanCommunity,cancancan,314,Avoid unnecessary checks [develop],2016-04-14T18:10:01Z,2016-04-14T18:10:01Z,glebm,216339,https://avatars3.githubusercontent.com/u/216339?v=3
CanCanCommunity,cancancan,308,docs: update branch changes in README,2016-12-11T11:34:09Z,,raszi,76983,https://avatars1.githubusercontent.com/u/76983?v=3
CanCanCommunity,cancancan,302,Safe constatize to avoid uninitialized constant errors,2016-12-11T12:16:51Z,,teosz,4419636,https://avatars0.githubusercontent.com/u/4419636?v=3
CanCanCommunity,cancancan,296,Build the join and used the assigned table name for building the conditions hash,,,lowjoel,2505070,https://avatars1.githubusercontent.com/u/2505070?v=3
CanCanCommunity,cancancan,292,use `ActiveSupport.on_load` hook to include `CanCan::ModelAdditions` in AR::Base,2017-03-26T13:18:13Z,2017-03-26T13:18:13Z,kuldeepaggarwal,1930730,https://avatars3.githubusercontent.com/u/1930730?v=3
CanCanCommunity,cancancan,289,Rails 5 Tests and Fixes,2016-06-13T16:33:19Z,2016-06-13T16:33:19Z,craig1410,1668530,https://avatars1.githubusercontent.com/u/1668530?v=3
CanCanCommunity,cancancan,282,"This is not the master branch, and 1.13 is latest stable.",2016-01-11T23:09:18Z,2016-01-11T23:09:18Z,will-in-wi,1298231,https://avatars0.githubusercontent.com/u/1298231?v=3
CanCanCommunity,cancancan,281,AC::Parameters no longer inherits from HWIA,2016-01-05T00:00:23Z,,craig1410,1668530,https://avatars1.githubusercontent.com/u/1668530?v=3
CanCanCommunity,cancancan,279,"Added ""_"" for unused variables.",2016-02-29T02:22:36Z,2016-02-29T02:22:36Z,Ashviniv,13194826,https://avatars2.githubusercontent.com/u/13194826?v=3
CanCanCommunity,cancancan,276,Use `cover?` for ranges,2016-02-19T23:24:02Z,2016-02-19T23:24:02Z,allenwq,4983239,https://avatars1.githubusercontent.com/u/4983239?v=3
CanCanCommunity,cancancan,275,Fix attempt to #constantize a symbolic name,2016-02-29T02:45:54Z,2016-02-29T02:45:54Z,bambycha,2729803,https://avatars2.githubusercontent.com/u/2729803?v=3
CanCanCommunity,cancancan,274,Make the following fixes,2015-11-17T04:50:33Z,2015-11-17T04:50:33Z,abhishekbose87,3888224,https://avatars2.githubusercontent.com/u/3888224?v=3
CanCanCommunity,cancancan,273,Gemspec should not require ruby version > 2.0.0 for JRuby,,,smathieu,148622,https://avatars2.githubusercontent.com/u/148622?v=3
CanCanCommunity,cancancan,272,MongoidAdapter: #accessible_by fix and improvement for Mongoid >= 5,,,tinbka,378869,https://avatars0.githubusercontent.com/u/378869?v=3
CanCanCommunity,cancancan,271,Fix attributes_for result for hash conditions,,,anilmaurya,1912864,https://avatars2.githubusercontent.com/u/1912864?v=3
CanCanCommunity,cancancan,270,Fix build_resource when model name is Action,,,anilmaurya,1912864,https://avatars2.githubusercontent.com/u/1912864?v=3
CanCanCommunity,cancancan,269,Fix hashrocket syntax when using can and cannot together,,,anilmaurya,1912864,https://avatars2.githubusercontent.com/u/1912864?v=3
CanCanCommunity,cancancan,266,Optimize performance of `cancan_resource_class`,2016-12-11T15:02:28Z,,kirs,522155,https://avatars0.githubusercontent.com/u/522155?v=3
CanCanCommunity,cancancan,265,Execute SQL when evaluating a conditional rule on an AR scope,,,lowjoel,2505070,https://avatars1.githubusercontent.com/u/2505070?v=3
CanCanCommunity,cancancan,263,Add support for new 'ActionController::API',,,ajgon,150545,https://avatars0.githubusercontent.com/u/150545?v=3
CanCanCommunity,cancancan,262,can? with multiple actions,2016-12-11T12:19:08Z,,Mohit-Pawar,9958946,https://avatars0.githubusercontent.com/u/9958946?v=3
CanCanCommunity,cancancan,260,Point to StackOverflow,2015-10-14T16:42:00Z,2015-10-14T16:42:00Z,coorasse,1319150,https://avatars0.githubusercontent.com/u/1319150?v=3
CanCanCommunity,cancancan,258,Fix #merge with empty Ability,2015-10-08T22:22:21Z,2015-10-08T22:22:21Z,jhawthorn,131752,https://avatars0.githubusercontent.com/u/131752?v=3
CanCanCommunity,cancancan,257,Handle delegated classes - fixing regression with Drapper,2015-11-05T19:29:31Z,,dgilperez,264590,https://avatars2.githubusercontent.com/u/264590?v=3
CanCanCommunity,cancancan,251,RSpec 3.2 compatibility,2015-09-24T16:25:48Z,2015-09-24T16:25:48Z,coding-bunny,726661,https://avatars3.githubusercontent.com/u/726661?v=3
CanCanCommunity,cancancan,246,fix typo,2015-08-28T19:38:02Z,2015-08-28T19:38:02Z,NelsonScott,8241108,https://avatars3.githubusercontent.com/u/8241108?v=3
CanCanCommunity,cancancan,245,fix typo,2015-08-28T19:36:58Z,2015-08-28T19:36:58Z,NelsonScott,8241108,https://avatars3.githubusercontent.com/u/8241108?v=3
CanCanCommunity,cancancan,244,Update README,2015-08-27T00:08:56Z,2015-08-27T00:08:56Z,ThadeuBrito,5233500,https://avatars2.githubusercontent.com/u/5233500?v=3
CanCanCommunity,cancancan,242,Allow Symbol or Proc to define model class,2015-08-27T17:19:55Z,,inkstak,474554,https://avatars1.githubusercontent.com/u/474554?v=3
CanCanCommunity,cancancan,241,fixing example of authorize of README,2015-08-18T05:25:45Z,,piscolomo,1186240,https://avatars2.githubusercontent.com/u/1186240?v=3
CanCanCommunity,cancancan,239,Allow Symbol or Proc to define model class,2015-08-18T12:05:01Z,,inkstak,474554,https://avatars1.githubusercontent.com/u/474554?v=3
CanCanCommunity,cancancan,238,Feature/remove eager loading,,,coorasse,1319150,https://avatars0.githubusercontent.com/u/1319150?v=3
CanCanCommunity,cancancan,234,Update travis to use container-based infrastructure,2015-07-29T16:58:40Z,2015-07-29T16:58:40Z,dgynn,103968,https://avatars2.githubusercontent.com/u/103968?v=3
CanCanCommunity,cancancan,233,Correct information about strong parameters.,2015-07-29T16:59:31Z,2015-07-29T16:59:30Z,riffraff,37493,https://avatars2.githubusercontent.com/u/37493?v=3
CanCanCommunity,cancancan,230,Drop support for old rubies and adapters.,2015-08-27T00:14:49Z,2015-08-27T00:14:49Z,Senjai,1831235,https://avatars0.githubusercontent.com/u/1831235?v=3
CanCanCommunity,cancancan,227,Params for #new and #edit actions can be sanitized similar to #create and #update,2015-10-08T02:44:30Z,,freemanoid,180154,https://avatars1.githubusercontent.com/u/180154?v=3
CanCanCommunity,cancancan,225,"Fix #214 ""Cannot"" with association hash conditions : accessible_by generates incorrect SQL (Postgres / ActiveRecord)",,,ghost,10137,https://avatars0.githubusercontent.com/u/10137?v=3
CanCanCommunity,cancancan,221,[Solved] list user abilities - duplicate for merge,2015-06-29T03:45:35Z,2015-06-29T03:45:35Z,devaroop,582200,https://avatars0.githubusercontent.com/u/582200?v=3
CanCanCommunity,cancancan,216,Fix #115 - specify custom parent authorization action.,2015-06-16T04:54:39Z,,phallguy,1594371,https://avatars0.githubusercontent.com/u/1594371?v=3
CanCanCommunity,cancancan,215,Fix typo in README.md,2015-06-13T04:57:31Z,2015-06-13T04:57:31Z,Haseeb-Qureshi,10965087,https://avatars1.githubusercontent.com/u/10965087?v=3
CanCanCommunity,cancancan,208,[Solved] list user abilities,2015-06-20T10:57:47Z,,devaroop,582200,https://avatars0.githubusercontent.com/u/582200?v=3
CanCanCommunity,cancancan,206,Create ability test on a Class subject with a block which returns false,2015-06-29T03:17:32Z,,eikes,219275,https://avatars0.githubusercontent.com/u/219275?v=3
CanCanCommunity,cancancan,205,Controller resource refactor,2016-08-07T08:41:32Z,,gdpelican,750477,https://avatars1.githubusercontent.com/u/750477?v=3
CanCanCommunity,cancancan,204,Reduce unnecessary allocations in Rule creation,,,timraymond,288061,https://avatars1.githubusercontent.com/u/288061?v=3
CanCanCommunity,cancancan,199,RubyDocs URL was directing to cancan which does not exist. Changed to cancancan,2015-04-23T13:10:33Z,2015-04-23T13:10:33Z,rpbaptist,7916262,https://avatars1.githubusercontent.com/u/7916262?v=3
CanCanCommunity,cancancan,196,Support ActiveRecord 4.x enums,2015-10-08T03:18:18Z,,markpmitchell,1399148,https://avatars0.githubusercontent.com/u/1399148?v=3
CanCanCommunity,cancancan,192,Negative conditions for ActiveRecord 4,2015-11-06T19:26:11Z,,marnen,34378,https://avatars2.githubusercontent.com/u/34378?v=3
CanCanCommunity,cancancan,190,We must assign resource_instance before asking the controlller for resource_params,2015-06-16T04:59:58Z,,dima4p,25119,https://avatars3.githubusercontent.com/u/25119?v=3
CanCanCommunity,cancancan,186,    Extract resource-loading logic from ControllerResource into another class.,,,jcoglan,9265,https://avatars1.githubusercontent.com/u/9265?v=3
CanCanCommunity,cancancan,184,Fixes #139.,2015-06-13T05:49:50Z,,kevintyll,55633,https://avatars2.githubusercontent.com/u/55633?v=3
CanCanCommunity,cancancan,181,"params[:controller] is never ""camelized""",2015-06-13T06:10:11Z,2015-06-13T06:10:11Z,jhawthorn,131752,https://avatars0.githubusercontent.com/u/131752?v=3
CanCanCommunity,cancancan,180,Docs: Ordered list,2015-02-16T14:21:00Z,2015-02-16T14:21:00Z,jaredbeck,380809,https://avatars1.githubusercontent.com/u/380809?v=3
CanCanCommunity,cancancan,179,test with ruby-2.2,2015-02-16T14:21:26Z,2015-02-16T14:21:26Z,masarakki,26023,https://avatars3.githubusercontent.com/u/26023?v=3
CanCanCommunity,cancancan,178,Significantly improve rule lookup time,2015-10-08T02:41:42Z,,amarshall,153175,https://avatars2.githubusercontent.com/u/153175?v=3
CanCanCommunity,cancancan,173,Include extra args in AccessDenied exceptions,,,phallguy,1594371,https://avatars0.githubusercontent.com/u/1594371?v=3
CanCanCommunity,cancancan,171,Allow disabling ActiveRecord eager loading,2016-12-11T12:34:43Z,,bmulholland,247713,https://avatars3.githubusercontent.com/u/247713?v=3
CanCanCommunity,cancancan,170,Updated travis.yml with ruby 2.2,2015-06-16T06:50:03Z,,sivagollapalli,280199,https://avatars0.githubusercontent.com/u/280199?v=3
CanCanCommunity,cancancan,168,Fix Postgres 'ProtocolViolation' error with overlapping abilities,2015-01-13T22:08:43Z,2015-01-13T22:08:43Z,arambert,288781,https://avatars3.githubusercontent.com/u/288781?v=3
CanCanCommunity,cancancan,167,Add tests to demonstrate #139.,2015-02-25T18:58:23Z,,rywall,7904,https://avatars0.githubusercontent.com/u/7904?v=3
CanCanCommunity,cancancan,162,Fix braces,2015-01-08T14:03:56Z,2015-01-08T14:03:56Z,znz,11857,https://avatars0.githubusercontent.com/u/11857?v=3
CanCanCommunity,cancancan,161,Update repo urls,2015-01-07T18:42:30Z,2015-01-07T18:42:30Z,bryanrite,829668,https://avatars3.githubusercontent.com/u/829668?v=3
CanCanCommunity,cancancan,160,Support rails 4 2,2015-01-07T20:13:29Z,2015-01-07T20:13:29Z,bryanrite,829668,https://avatars3.githubusercontent.com/u/829668?v=3
CanCanCommunity,cancancan,159,"For ruby 1.8 and 1.9, we need a supported i18n version.",2015-01-07T18:25:44Z,2015-01-07T18:25:44Z,bryanrite,829668,https://avatars3.githubusercontent.com/u/829668?v=3
CanCanCommunity,cancancan,158,Refactor controller_resource skip? method,2015-01-16T16:26:49Z,2015-01-16T16:26:49Z,gdpelican,750477,https://avatars1.githubusercontent.com/u/750477?v=3
CanCanCommunity,cancancan,155,Suppress deprecation warnings for Rails 4.2,2015-01-07T18:27:38Z,,marshall-lee,3194530,https://avatars3.githubusercontent.com/u/3194530?v=3
CanCanCommunity,cancancan,153,Shorten output for custom matcher,2015-01-07T18:32:33Z,2015-01-07T18:32:33Z,jondkinney,4521,https://avatars0.githubusercontent.com/u/4521?v=3
CanCanCommunity,cancancan,150,Fixed gem version badge,2014-12-10T08:09:40Z,2014-12-10T08:09:40Z,printercu,1144890,https://avatars3.githubusercontent.com/u/1144890?v=3
CanCanCommunity,cancancan,149,Resource Namespace Load fix,2015-01-07T18:30:54Z,2015-01-07T18:30:54Z,darthjee,3843066,https://avatars3.githubusercontent.com/u/3843066?v=3
CanCanCommunity,cancancan,148,Update Datamapper for JRuby exception.,2014-12-01T11:31:21Z,2014-12-01T11:31:21Z,bryanrite,829668,https://avatars3.githubusercontent.com/u/829668?v=3
CanCanCommunity,cancancan,147,README typo.,2014-11-28T13:36:31Z,2014-11-28T13:36:31Z,nerde,1740401,https://avatars2.githubusercontent.com/u/1740401?v=3
CanCanCommunity,cancancan,145,"Proposed fix for an issue where CanCanCan breaks when the model is named ""Action""",2015-01-29T03:49:44Z,,yoongkang,4401925,https://avatars2.githubusercontent.com/u/4401925?v=3
CanCanCommunity,cancancan,142,update repo urls,2015-01-07T18:42:48Z,,timoschilling,165599,https://avatars2.githubusercontent.com/u/165599?v=3
CanCanCommunity,cancancan,137,Converted Readme from rdoc to markdown,2014-12-01T11:35:12Z,2014-12-01T11:35:12Z,allcentury,5561166,https://avatars3.githubusercontent.com/u/5561166?v=3
CanCanCommunity,cancancan,135,Do not end initialization process before assign attributes,2015-06-16T05:22:26Z,,bronislav,125880,https://avatars2.githubusercontent.com/u/125880?v=3
CanCanCommunity,cancancan,134,support enum for ActiveRecord 4.x,2015-04-16T14:39:36Z,,athom,85204,https://avatars0.githubusercontent.com/u/85204?v=3
CanCanCommunity,cancancan,133,support ActiveRecord enum in rails 4.x,2014-10-20T08:34:48Z,,athom,85204,https://avatars0.githubusercontent.com/u/85204?v=3
CanCanCommunity,cancancan,132,Mongoid Adapter: Nested hash conditions,2015-10-08T04:03:32Z,,vighnesh1987,1783834,https://avatars3.githubusercontent.com/u/1783834?v=3
CanCanCommunity,cancancan,130,support ActiveRecord enum in rails 4.1+,2014-10-13T10:07:52Z,,athom,85204,https://avatars0.githubusercontent.com/u/85204?v=3
CanCanCommunity,cancancan,127,Allow Rule to carry around a hash of options.,2015-06-16T05:40:17Z,,ejholmes,95166,https://avatars3.githubusercontent.com/u/95166?v=3
CanCanCommunity,cancancan,120,if/unless options for rules,2015-06-29T03:36:15Z,,fabn,324213,https://avatars3.githubusercontent.com/u/324213?v=3
CanCanCommunity,cancancan,116,Fix #115 - specify custom parent authorization action.,2015-06-16T04:56:54Z,,phallguy,1594371,https://avatars0.githubusercontent.com/u/1594371?v=3
CanCanCommunity,cancancan,110,Namespace fix,2014-08-08T12:11:03Z,2014-08-08T12:11:03Z,bryanrite,829668,https://avatars3.githubusercontent.com/u/829668?v=3
CanCanCommunity,cancancan,101,A failing spec for the issue introduced when support in references.,2014-07-21T20:39:53Z,2014-07-21T20:39:53Z,bryanrite,829668,https://avatars3.githubusercontent.com/u/829668?v=3
CanCanCommunity,cancancan,97,Rails4 adapter,2014-07-18T10:37:09Z,2014-07-18T10:37:09Z,bryanrite,829668,https://avatars3.githubusercontent.com/u/829668?v=3
CanCanCommunity,cancancan,95,"Sanitize params if they are required, regardless of action.",2014-07-20T18:30:58Z,2014-07-20T18:30:58Z,bryanrite,829668,https://avatars3.githubusercontent.com/u/829668?v=3
CanCanCommunity,cancancan,93,Joins is needed for rails 4,2014-07-18T10:21:32Z,,dima4p,25119,https://avatars3.githubusercontent.com/u/25119?v=3
CanCanCommunity,cancancan,91,Don't call helper_method if it does not exist,2014-07-15T15:10:39Z,2014-07-15T15:10:39Z,pusewicz,940,https://avatars2.githubusercontent.com/u/940?v=3
CanCanCommunity,cancancan,88,@_cancan_skipper should be inherited: add failing test,,,jpmckinney,26463,https://avatars2.githubusercontent.com/u/26463?v=3
CanCanCommunity,cancancan,86,Better detection of custom matcher for RSpec 2.99,2014-06-24T18:50:21Z,2014-06-24T18:50:21Z,bryanrite,829668,https://avatars3.githubusercontent.com/u/829668?v=3
CanCanCommunity,cancancan,85,Feature/rspec 3,2014-06-24T13:09:34Z,2014-06-24T13:09:34Z,bryanrite,829668,https://avatars3.githubusercontent.com/u/829668?v=3
CanCanCommunity,cancancan,84,Fix for #83,2014-07-21T06:44:35Z,,itsmechlark,5423610,https://avatars2.githubusercontent.com/u/5423610?v=3
CanCanCommunity,cancancan,82,Update to reflect the correct URL,2014-06-20T06:48:12Z,2014-06-20T06:48:12Z,luizkowalski,112706,https://avatars2.githubusercontent.com/u/112706?v=3
CanCanCommunity,cancancan,81,Updates matchers for RSpec3 syntax,2014-06-13T18:55:57Z,,jgrevich,24955,https://avatars1.githubusercontent.com/u/24955?v=3
CanCanCommunity,cancancan,80,replaced deprecated methods for rspec,2014-06-12T18:50:00Z,,coorasse,1319150,https://avatars0.githubusercontent.com/u/1319150?v=3
CanCanCommunity,cancancan,78,Fix for Issue 77 / nested namespaces models fail in accessible_by,2014-08-08T11:38:54Z,,jjp,61323,https://avatars3.githubusercontent.com/u/61323?v=3
CanCanCommunity,cancancan,75,Fix Key Check,2014-06-05T17:24:54Z,2014-06-05T17:24:54Z,bryanrite,829668,https://avatars3.githubusercontent.com/u/829668?v=3
CanCanCommunity,cancancan,72,Split out separate adapters for AR 3 and AR 4,2014-07-18T10:15:50Z,,scpike,536381,https://avatars2.githubusercontent.com/u/536381?v=3
CanCanCommunity,cancancan,69,Update docs badge,2014-06-03T23:54:09Z,2014-06-03T23:54:09Z,rrrene,311914,https://avatars0.githubusercontent.com/u/311914?v=3
CanCanCommunity,cancancan,68,More safely check for a hash-like object. Fixes #66,2014-05-27T19:27:01Z,2014-05-27T19:27:01Z,bryanrite,829668,https://avatars3.githubusercontent.com/u/829668?v=3
CanCanCommunity,cancancan,67,Conditionally load test DB depending on platform.,2014-05-27T19:23:00Z,2014-05-27T19:23:00Z,bryanrite,829668,https://avatars3.githubusercontent.com/u/829668?v=3
CanCanCommunity,cancancan,62,RSpec Syntax Change,2014-05-27T22:48:21Z,2014-05-27T22:48:21Z,irmiller22,5270046,https://avatars0.githubusercontent.com/u/5270046?v=3
CanCanCommunity,cancancan,57,Feature/add sequel adapter,2014-05-08T17:18:27Z,2014-05-08T17:18:27Z,bryanrite,829668,https://avatars3.githubusercontent.com/u/829668?v=3
CanCanCommunity,cancancan,54,Remove supermodel and with_model dependancies.,2014-04-30T05:43:55Z,2014-04-30T05:43:55Z,bryanrite,829668,https://avatars3.githubusercontent.com/u/829668?v=3
CanCanCommunity,cancancan,48,Support detection of community vs canonical version.,2014-04-18T15:59:32Z,2014-04-18T15:59:32Z,phallguy,1594371,https://avatars0.githubusercontent.com/u/1594371?v=3
CanCanCommunity,cancancan,44,chain references in joins for AR4,2014-04-11T16:29:03Z,,m0n9oose,1478556,https://avatars2.githubusercontent.com/u/1478556?v=3
CanCanCommunity,cancancan,43,Removed supermodel and with_model gems,2014-04-29T17:19:09Z,,suaron,451361,https://avatars3.githubusercontent.com/u/451361?v=3
CanCanCommunity,cancancan,41,rspec 3.0.0.beta2 补丁,2014-04-04T16:13:01Z,,huaoguo,263117,https://avatars1.githubusercontent.com/u/263117?v=3
CanCanCommunity,cancancan,39,"Fixes #26 - If available, add references for ActiveRecord join tables",2014-04-02T16:24:35Z,,tdg5,2316989,https://avatars1.githubusercontent.com/u/2316989?v=3
CanCanCommunity,cancancan,36,Refactor: CanCan::Rule#matches_conditions_hash?,2014-04-02T16:31:04Z,2014-04-02T16:31:04Z,vrybas,30538,https://avatars0.githubusercontent.com/u/30538?v=3
CanCanCommunity,cancancan,29,"Allow symbol, string or proc as param_method.",2014-03-26T16:30:23Z,2014-03-26T16:30:23Z,svoop,7255,https://avatars1.githubusercontent.com/u/7255?v=3
CanCanCommunity,cancancan,28,Fixed namespace method to be able to use controller inside modules,2014-04-30T22:28:43Z,,jughead,1525060,https://avatars3.githubusercontent.com/u/1525060?v=3
CanCanCommunity,cancancan,27,add support for array of matchers,2014-08-08T16:04:38Z,,standyro,1410987,https://avatars3.githubusercontent.com/u/1410987?v=3
CanCanCommunity,cancancan,25,"Refactoring the method ""matches_condition?"" to decrease the complexity.",2014-03-26T00:30:36Z,,Loremaster,1028215,https://avatars3.githubusercontent.com/u/1028215?v=3
CanCanCommunity,cancancan,23,Require RSpec Expectations,2014-03-19T18:22:23Z,2014-03-19T18:22:23Z,bryanrite,829668,https://avatars3.githubusercontent.com/u/829668?v=3
CanCanCommunity,cancancan,22,Fixed a couple of gem name references.,2014-03-15T00:27:12Z,2014-03-15T00:27:12Z,maxshelley,813980,https://avatars2.githubusercontent.com/u/813980?v=3
CanCanCommunity,cancancan,21,Fix Scoped for Rails 4+,2014-03-14T20:24:39Z,,bryanrite,829668,https://avatars3.githubusercontent.com/u/829668?v=3
CanCanCommunity,cancancan,20,Make sure all links to the documentation in the README have been updated to bryanrite/cancancan.,2014-03-14T19:48:50Z,2014-03-14T19:48:50Z,kevintuhumury,412952,https://avatars0.githubusercontent.com/u/412952?v=3
CanCanCommunity,cancancan,19,Added inline documentation for CanCan::ControllerAdditions#unauthorized!,2014-03-12T17:04:14Z,,tomkadwill,907365,https://avatars3.githubusercontent.com/u/907365?v=3
CanCanCommunity,cancancan,13,setup_appraisals,2014-03-09T20:11:40Z,2014-03-09T20:11:40Z,bryanrite,829668,https://avatars3.githubusercontent.com/u/829668?v=3
CanCanCommunity,cancancan,12,Update README.rdoc,2014-03-06T17:17:27Z,2014-03-06T17:17:27Z,macarthy,7726,https://avatars2.githubusercontent.com/u/7726?v=3
CanCanCommunity,cancancan,10,Updated matchers to work with rspec 3.0.0,2014-03-05T19:13:11Z,,porteta,957184,https://avatars1.githubusercontent.com/u/957184?v=3
CanCanCommunity,cancancan,9,Gemspec update,2014-02-28T17:19:05Z,2014-02-28T17:19:05Z,Loremaster,1028215,https://avatars3.githubusercontent.com/u/1028215?v=3
CanCanCommunity,cancancan,8,Add docs badge to README,2014-02-28T17:26:23Z,2014-02-28T17:26:23Z,rrrene,311914,https://avatars0.githubusercontent.com/u/311914?v=3
CanCanCommunity,cancancan,7,Fix deprecation `I18n.enforce_available_locales will default to true in the future ...`,2014-03-03T02:36:31Z,2014-03-03T02:36:31Z,Loremaster,1028215,https://avatars3.githubusercontent.com/u/1028215?v=3
CanCanCommunity,cancancan,6,Ignore some files,2014-02-25T18:59:28Z,2014-02-25T18:59:28Z,Loremaster,1028215,https://avatars3.githubusercontent.com/u/1028215?v=3
CanCanCommunity,cancancan,5,.ruby-gemset to use specific gemset,2014-02-25T19:18:51Z,,Loremaster,1028215,https://avatars3.githubusercontent.com/u/1028215?v=3
CanCanCommunity,cancancan,4,Bumps rspec to 3.0.0 (release) and fixes deprecation warnings,2014-06-24T12:50:50Z,,andypike,117697,https://avatars2.githubusercontent.com/u/117697?v=3
CanCanCommunity,cancancan,3,"Adding support for ""can?"" check multiple subjects",2014-04-30T22:13:28Z,,cefigueiredo,1085713,https://avatars3.githubusercontent.com/u/1085713?v=3
CanCanCommunity,cancancan,2,Correct link in README.rdoc,2014-02-19T23:30:48Z,2014-02-19T23:30:48Z,hayksaakian,1884787,https://avatars1.githubusercontent.com/u/1884787?v=3
