rails,jbuilder,389,Add Rails 5.1 support to JBuilder,2017-02-24T02:35:47Z,2017-02-24T02:35:47Z,maclover7,3020626,https://avatars2.githubusercontent.com/u/3020626?v=3
rails,jbuilder,387,Test suite update to deal with new version of mocha,2017-02-21T22:12:33Z,2017-02-21T22:12:33Z,elenatanasoiu,1354439,https://avatars2.githubusercontent.com/u/1354439?v=3
rails,jbuilder,386,Missing documentation for `as:`,,,justin808,1118459,https://avatars1.githubusercontent.com/u/1118459?v=3
rails,jbuilder,383,Fix wording in Readme,2017-02-09T17:00:23Z,2017-02-09T17:00:22Z,dijonkitchen,11434205,https://avatars0.githubusercontent.com/u/11434205?v=3
rails,jbuilder,382,Fix link syntax in changelog,2017-02-07T16:46:46Z,2017-02-07T16:46:46Z,dlackty,14349,https://avatars2.githubusercontent.com/u/14349?v=3
rails,jbuilder,381,Add newlines to Rails generator json.jbuilder templates,2017-02-06T22:45:48Z,2017-02-06T22:45:48Z,ash106,3224433,https://avatars1.githubusercontent.com/u/3224433?v=3
rails,jbuilder,380,Namespacing directory generation fix,,,nullset2,1520184,https://avatars3.githubusercontent.com/u/1520184?v=3
rails,jbuilder,375,Remove a Ruby warning that comes from lib/jbuilder/jbuilder_template.rb,2017-02-07T22:02:42Z,2017-02-07T22:02:42Z,yuki24,386234,https://avatars3.githubusercontent.com/u/386234?v=3
rails,jbuilder,372,Set proper type for jbuilder option to prevent a warning,2016-11-28T16:17:17Z,2016-11-28T16:17:16Z,ojab,153388,https://avatars3.githubusercontent.com/u/153388?v=3
rails,jbuilder,370,Cache root,2016-11-28T12:35:37Z,2016-11-28T12:35:37Z,dhh,2741,https://avatars3.githubusercontent.com/u/2741?v=3
rails,jbuilder,369,Fix `:locals` option to always work with `:partial`.,,,mu-is-too-short,485980,https://avatars0.githubusercontent.com/u/485980?v=3
rails,jbuilder,367,Fix typo/wording in README.md,2016-10-30T16:22:30Z,2016-10-30T16:22:30Z,davidrunger,8197963,https://avatars3.githubusercontent.com/u/8197963?v=3
rails,jbuilder,366,Update README.md,2016-10-21T22:49:52Z,2016-10-21T22:49:52Z,heycait,7475663,https://avatars3.githubusercontent.com/u/7475663?v=3
rails,jbuilder,361,ignore! function added,,,abhiQmar,4320553,https://avatars3.githubusercontent.com/u/4320553?v=3
rails,jbuilder,360,Avoid warning on test,2016-10-02T08:21:50Z,2016-10-02T08:21:50Z,thinca,20474,https://avatars0.githubusercontent.com/u/20474?v=3
rails,jbuilder,359,Avoid warning on test,2016-10-01T23:32:56Z,,thinca,20474,https://avatars0.githubusercontent.com/u/20474?v=3
rails,jbuilder,355,Update contribution README,2016-09-16T18:21:04Z,2016-09-16T18:21:04Z,composerinteralia,13696143,https://avatars0.githubusercontent.com/u/13696143?v=3
rails,jbuilder,354,Fixed a typo I noticed while debugging a few of my templates.,2016-09-15T19:35:00Z,2016-09-15T19:35:00Z,mvandenbeuken,1053677,https://avatars2.githubusercontent.com/u/1053677?v=3
rails,jbuilder,353,Avoid silently overwriting with merge,2017-02-23T04:37:43Z,2017-02-23T04:37:43Z,composerinteralia,13696143,https://avatars0.githubusercontent.com/u/13696143?v=3
rails,jbuilder,352,Add support to merge! with builder,,,warmwaffles,303133,https://avatars2.githubusercontent.com/u/303133?v=3
rails,jbuilder,344,DRY generated view files,2016-07-20T22:27:51Z,2016-07-20T22:27:51Z,sblackstone,131382,https://avatars1.githubusercontent.com/u/131382?v=3
rails,jbuilder,341,Fix fragment_cache_key cache invalidation,2016-06-14T12:47:09Z,2016-06-14T12:47:09Z,javan,5355,https://avatars0.githubusercontent.com/u/5355?v=3
rails,jbuilder,340,Add fragment_cache_key support,2016-06-08T22:18:55Z,,javan,5355,https://avatars0.githubusercontent.com/u/5355?v=3
rails,jbuilder,339,Cleanup: remove relic and confusing 'app' argument,2016-06-16T20:08:35Z,2016-06-16T20:08:35Z,tduek,1222703,https://avatars0.githubusercontent.com/u/1222703?v=3
rails,jbuilder,338,Clean up relic: confusing 'app' argument,2016-06-07T23:38:39Z,,tduek,1222703,https://avatars0.githubusercontent.com/u/1222703?v=3
rails,jbuilder,333,Updated changelog to fix a few minor spelling issues,2016-05-25T16:37:06Z,2016-05-25T16:37:06Z,scouttyg,463175,https://avatars3.githubusercontent.com/u/463175?v=3
rails,jbuilder,332,allow to merge deep hashes,2016-05-21T11:29:58Z,,melnikaite,900724,https://avatars3.githubusercontent.com/u/900724?v=3
rails,jbuilder,329,readme corrected for render partials collections section,2016-03-26T18:23:22Z,2016-03-26T18:23:22Z,manoj2411,2099583,https://avatars3.githubusercontent.com/u/2099583?v=3
rails,jbuilder,327,Fix ActionView::Rendering include order with jbuilder,2016-04-21T18:19:56Z,,meinac,1840945,https://avatars1.githubusercontent.com/u/1840945?v=3
rails,jbuilder,325,Fix #cache! with expires_in option for Rails 5,2016-07-20T22:28:58Z,2016-07-20T22:28:58Z,tnp,74641,https://avatars2.githubusercontent.com/u/74641?v=3
rails,jbuilder,318,Fix generation of broken controller on Rails 5.0 when ran w/o fields,2016-02-08T21:01:32Z,2016-02-08T21:01:32Z,diego-silva,8826716,https://avatars3.githubusercontent.com/u/8826716?v=3
rails,jbuilder,311,Update copyright year,2016-01-01T01:08:57Z,2016-01-01T01:08:57Z,jeroenvisser101,1941348,https://avatars2.githubusercontent.com/u/1941348?v=3
rails,jbuilder,310,Delete rails_edge.gemfile,2015-12-28T02:21:32Z,2015-12-28T02:21:32Z,mvastola,599767,https://avatars3.githubusercontent.com/u/599767?v=3
rails,jbuilder,309,Enabled interoperability with Rails 5.0.x...,2015-12-27T08:27:52Z,2015-12-27T08:27:52Z,mvastola,599767,https://avatars3.githubusercontent.com/u/599767?v=3
rails,jbuilder,305,Fix typo,2015-12-27T07:49:51Z,2015-12-27T07:49:51Z,Coroecram,6156349,https://avatars3.githubusercontent.com/u/6156349?v=3
rails,jbuilder,304,Add soft_extrat! method to support unknown attributes,,,bastengao,785335,https://avatars2.githubusercontent.com/u/785335?v=3
rails,jbuilder,301,merge! working with nested jbuilder object,,,bzanchet,8005,https://avatars3.githubusercontent.com/u/8005?v=3
rails,jbuilder,298,Caching improvements,,,dirk,7081,https://avatars2.githubusercontent.com/u/7081?v=3
rails,jbuilder,296,Add `ignore_nil! to documentation`,2015-10-01T20:59:52Z,2015-10-01T20:59:52Z,nambrot,571810,https://avatars1.githubusercontent.com/u/571810?v=3
rails,jbuilder,295,Add #extract_without_nil!,2015-09-28T23:41:22Z,,nambrot,571810,https://avatars1.githubusercontent.com/u/571810?v=3
rails,jbuilder,294,[2nd try] Fixed 'Accessing mime types via constants' Deprecation,2015-09-29T22:51:34Z,,jasnow,43523,https://avatars2.githubusercontent.com/u/43523?v=3
rails,jbuilder,293,Fixed 'Accessing mime types via constants' Deprecation,2015-09-23T13:25:39Z,,jasnow,43523,https://avatars2.githubusercontent.com/u/43523?v=3
rails,jbuilder,292,Add CONTRIBUTING.md,2015-09-02T05:32:48Z,2015-09-02T05:32:48Z,maclover7,3020626,https://avatars2.githubusercontent.com/u/3020626?v=3
rails,jbuilder,290,fixed documentation due to issue #277,2015-08-24T17:45:01Z,,badazz91,9801978,https://avatars1.githubusercontent.com/u/9801978?v=3
rails,jbuilder,288,added #merge! to Readme,,,ASnow,572218,https://avatars1.githubusercontent.com/u/572218?v=3
rails,jbuilder,286,deep merge blocks,,,odedniv,894198,https://avatars0.githubusercontent.com/u/894198?v=3
rails,jbuilder,285,Fix changelog typo,2015-07-16T06:40:51Z,2015-07-16T06:40:51Z,sue445,608755,https://avatars3.githubusercontent.com/u/608755?v=3
rails,jbuilder,281,Fix: Properly require ostruct,2015-06-29T16:22:15Z,2015-06-29T16:22:15Z,strzibny,1395527,https://avatars0.githubusercontent.com/u/1395527?v=3
rails,jbuilder,280,Fix typo in comment,2015-06-29T08:03:47Z,2015-06-29T08:03:47Z,kamilbielawski,1784928,https://avatars2.githubusercontent.com/u/1784928?v=3
rails,jbuilder,279,Add #array_with_index! method,2016-03-26T18:27:49Z,,kamilbielawski,1784928,https://avatars2.githubusercontent.com/u/1784928?v=3
rails,jbuilder,273,Fix scaffold controller generator rails api,2015-06-11T20:44:30Z,2015-06-11T20:44:30Z,jmbejar,487140,https://avatars1.githubusercontent.com/u/487140?v=3
rails,jbuilder,261,[performance] set default KeyFormatter to nil,2015-04-10T18:25:31Z,2015-04-10T18:25:31Z,quake,8990,https://avatars0.githubusercontent.com/u/8990?v=3
rails,jbuilder,260,remove splats,2015-04-06T13:07:39Z,2015-04-06T13:07:39Z,ASnow,572218,https://avatars1.githubusercontent.com/u/572218?v=3
rails,jbuilder,258,Why don't we generate jbuilder templates for Rails 5?,2015-03-07T05:46:08Z,2015-03-07T05:46:08Z,amatsuda,11493,https://avatars3.githubusercontent.com/u/11493?v=3
rails,jbuilder,257,Add Blank#empty? to tell if attributes are empty or not,2015-03-06T20:20:12Z,2015-03-06T20:20:12Z,a2ikm,98728,https://avatars3.githubusercontent.com/u/98728?v=3
rails,jbuilder,256,Add #collect!,2015-03-06T20:40:00Z,,cheald,9830,https://avatars0.githubusercontent.com/u/9830?v=3
rails,jbuilder,251,partial! + :locals,2015-03-03T03:22:56Z,2015-03-03T03:22:56Z,amatsuda,11493,https://avatars3.githubusercontent.com/u/11493?v=3
rails,jbuilder,244,Replace nil with Empty string.,2015-02-10T04:44:21Z,,shamithc,404230,https://avatars3.githubusercontent.com/u/404230?v=3
rails,jbuilder,232,Ensure dependency tracker loads after template handler,2014-12-18T02:53:41Z,2014-12-18T02:53:41Z,vincentwoo,613320,https://avatars1.githubusercontent.com/u/613320?v=3
rails,jbuilder,220,Resolve error - ActionView::Template::Error (undefined method `update' for #<Object>),2014-10-08T04:25:38Z,,gregawoods,744664,https://avatars0.githubusercontent.com/u/744664?v=3
rails,jbuilder,202,Fix syntax error in jbuilder/proxy,2014-06-13T12:59:37Z,,a2ikm,98728,https://avatars3.githubusercontent.com/u/98728?v=3
rails,jbuilder,201,fix cache key generation for complex object,2014-06-06T15:14:51Z,2014-06-06T15:14:51Z,kaichen,4048,https://avatars3.githubusercontent.com/u/4048?v=3
rails,jbuilder,200,Eliminate circular require from 2 supporting files.,2014-06-06T15:40:07Z,,dan-jensen,3031162,https://avatars3.githubusercontent.com/u/3031162?v=3
rails,jbuilder,197,Fix typo,2014-06-03T14:56:52Z,2014-06-03T14:56:52Z,artfuldodger,225802,https://avatars0.githubusercontent.com/u/225802?v=3
rails,jbuilder,193,mentioned jbuilder_cache_multi in readme,2014-05-16T20:47:39Z,2014-05-16T20:47:39Z,yonahforst,1440796,https://avatars0.githubusercontent.com/u/1440796?v=3
rails,jbuilder,192,Add support for cache.fetch_multi through new cache_collection! method,2014-05-13T08:41:42Z,,yonahforst,1440796,https://avatars0.githubusercontent.com/u/1440796?v=3
rails,jbuilder,191,We need notice on destroy when HTML,2014-05-02T17:09:19Z,2014-05-02T17:09:19Z,arunagw,3948,https://avatars1.githubusercontent.com/u/3948?v=3
rails,jbuilder,186,Allow #merge! to accept Jbuilder objects,2014-04-26T22:04:24Z,,johnkchow,595757,https://avatars2.githubusercontent.com/u/595757?v=3
rails,jbuilder,185,implement jbuilder_template with layout ,2014-04-12T21:07:45Z,,hasimo,26832,https://avatars1.githubusercontent.com/u/26832?v=3
rails,jbuilder,182,Add green dependency badge,2014-04-09T00:48:42Z,,reiz,652130,https://avatars3.githubusercontent.com/u/652130?v=3
rails,jbuilder,177,Fix scoping issue,2014-03-22T00:19:50Z,2014-03-22T00:19:50Z,yn,15613,https://avatars1.githubusercontent.com/u/15613?v=3
rails,jbuilder,170,Fix link in CHANGELOG,2014-03-05T14:02:59Z,2014-03-05T14:02:59Z,vincentwoo,613320,https://avatars1.githubusercontent.com/u/613320?v=3
rails,jbuilder,169,Add cache_if! to conditionally cache JSON fragments,2014-03-04T18:09:33Z,2014-03-04T18:09:33Z,josepjaume,111746,https://avatars3.githubusercontent.com/u/111746?v=3
rails,jbuilder,167,Pass options when calling cache_fragment_name,2014-02-17T18:26:45Z,2014-02-17T18:26:45Z,dominicpacquing,1321515,https://avatars1.githubusercontent.com/u/1321515?v=3
rails,jbuilder,165,Add test that fails improperly formed regex,2014-01-02T19:04:56Z,,vincentwoo,613320,https://avatars1.githubusercontent.com/u/613320?v=3
rails,jbuilder,164,Create changelog.md,2014-01-02T19:25:21Z,,jjb,6097,https://avatars1.githubusercontent.com/u/6097?v=3
rails,jbuilder,163,Update copyright notice to 2014.,2014-01-02T14:04:28Z,2014-01-02T14:04:28Z,claudiob,10076,https://avatars2.githubusercontent.com/u/10076?v=3
rails,jbuilder,162,Fix regex for DIRECT_RENDERS,2014-01-02T14:15:28Z,2014-01-02T14:15:28Z,vincentwoo,613320,https://avatars1.githubusercontent.com/u/613320?v=3
rails,jbuilder,161,Get Rubinius builds green,2013-12-28T14:07:22Z,2013-12-28T14:07:22Z,petergoldstein,421488,https://avatars1.githubusercontent.com/u/421488?v=3
rails,jbuilder,160,Backport dependency tracking for Rails 3.2,2013-12-22T03:57:29Z,2013-12-22T03:57:29Z,vincentwoo,613320,https://avatars1.githubusercontent.com/u/613320?v=3
rails,jbuilder,157,Modified scaffold controler to enable collection routes,2013-12-15T19:15:37Z,,ujjwalt,660290,https://avatars0.githubusercontent.com/u/660290?v=3
rails,jbuilder,156,Add project homepage,2013-12-10T15:27:44Z,2013-12-10T15:27:44Z,anatol,7032,https://avatars1.githubusercontent.com/u/7032?v=3
rails,jbuilder,154,Generators should add `:id` column by default,2013-12-03T16:47:30Z,2013-12-03T16:47:30Z,mwoods79,129749,https://avatars2.githubusercontent.com/u/129749?v=3
rails,jbuilder,152,Fix typo in README,2013-11-09T18:47:30Z,2013-11-09T18:47:30Z,aah,2972766,https://avatars0.githubusercontent.com/u/2972766?v=3
rails,jbuilder,151,Enable multiple top-level json arrays,2013-10-23T19:29:41Z,,aaronlifton,123950,https://avatars3.githubusercontent.com/u/123950?v=3
rails,jbuilder,149,Delete unnecesarry space,2013-10-21T13:09:54Z,2013-10-21T13:09:54Z,willnet,82371,https://avatars1.githubusercontent.com/u/82371?v=3
rails,jbuilder,148,nil-collection should be treated as empty array in template,2013-10-09T00:18:50Z,2013-10-09T00:18:50Z,garysweaver,92330,https://avatars0.githubusercontent.com/u/92330?v=3
rails,jbuilder,146,Add current year to MIT license,2013-09-12T05:52:09Z,2013-09-12T05:52:09Z,claudiob,10076,https://avatars2.githubusercontent.com/u/10076?v=3
rails,jbuilder,145,Drop support for Ruby 1.8,2013-09-12T05:53:49Z,,claudiob,10076,https://avatars2.githubusercontent.com/u/10076?v=3
rails,jbuilder,143,Respond to PUT/PATCH API request with :ok,2013-10-24T01:02:45Z,2013-10-24T01:02:44Z,claudiob,10076,https://avatars2.githubusercontent.com/u/10076?v=3
rails,jbuilder,141,add info about caching to readme,2013-07-30T13:26:52Z,2013-07-30T13:26:52Z,pitr,102791,https://avatars1.githubusercontent.com/u/102791?v=3
rails,jbuilder,138,Skip cache when the controller says `perform_caching = false`,2013-07-03T14:55:18Z,,rewritten,476895,https://avatars3.githubusercontent.com/u/476895?v=3
rails,jbuilder,137,whitelist and blacklist keys on Jbuilder#array!,2013-06-20T16:02:11Z,,tejanium,1259814,https://avatars3.githubusercontent.com/u/1259814?v=3
rails,jbuilder,136,Require MIME dependency explicitly,2013-06-05T07:06:28Z,2013-06-05T07:06:28Z,Paulche,554135,https://avatars3.githubusercontent.com/u/554135?v=3
rails,jbuilder,135,Fix typo in README,2013-05-24T23:45:33Z,2013-05-24T23:45:33Z,nikai3d,494755,https://avatars2.githubusercontent.com/u/494755?v=3
rails,jbuilder,132,"Path of partial should contain the file extension "".jbuilder""",2013-05-08T08:09:03Z,2013-05-08T08:09:03Z,chrisxue815,1477939,https://avatars2.githubusercontent.com/u/1477939?v=3
rails,jbuilder,129,Direct attributes from array,2013-04-24T12:51:46Z,2013-04-24T12:51:45Z,yasuoza,736506,https://avatars0.githubusercontent.com/u/736506?v=3
rails,jbuilder,124,Added dependency for multi_json,2013-04-09T09:45:30Z,2013-04-09T09:45:30Z,yule,143215,https://avatars1.githubusercontent.com/u/143215?v=3
rails,jbuilder,123,Add nil! Method for nil JSON!,2013-04-11T08:17:43Z,2013-04-11T08:17:43Z,zhouguangming,1201049,https://avatars0.githubusercontent.com/u/1201049?v=3
rails,jbuilder,121,fixes undefined local variable or method attributes_names,2013-04-02T08:18:18Z,,beyond,68230,https://avatars1.githubusercontent.com/u/68230?v=3
rails,jbuilder,120,Allow templates with alternate mime types,2013-05-04T07:24:05Z,,paul,184,https://avatars2.githubusercontent.com/u/184?v=3
rails,jbuilder,118,Allow nil values in set!,2013-04-01T12:26:27Z,,bpartridge,20748,https://avatars2.githubusercontent.com/u/20748?v=3
rails,jbuilder,117,Add is_a? as an instance method on Jbuilder,2013-03-22T05:41:46Z,,petergoldstein,421488,https://avatars1.githubusercontent.com/u/421488?v=3
rails,jbuilder,115,MultiJson.encode is deprecated.,2013-03-20T15:28:18Z,2013-03-20T15:28:18Z,bkuo,119251,https://avatars0.githubusercontent.com/u/119251?v=3
rails,jbuilder,114,Fixes fragment caching to work with latest digests,2013-03-21T05:20:25Z,2013-03-21T05:20:25Z,bdmac,47326,https://avatars2.githubusercontent.com/u/47326?v=3
rails,jbuilder,113,Added a method to enforce AS::JSON escaping,2013-03-20T15:20:04Z,,rwz,129043,https://avatars1.githubusercontent.com/u/129043?v=3
rails,jbuilder,111,eliminate password from show and index views,2013-03-14T16:21:05Z,2013-03-14T16:21:05Z,rubys,4815,https://avatars2.githubusercontent.com/u/4815?v=3
rails,jbuilder,108,Adding the missing opening quotes for the names,2013-03-13T00:26:10Z,2013-03-13T00:26:10Z,adomokos,80530,https://avatars0.githubusercontent.com/u/80530?v=3
rails,jbuilder,107,Enhanced set! method API,2013-03-13T00:26:46Z,2013-03-13T00:26:46Z,rwz,129043,https://avatars1.githubusercontent.com/u/129043?v=3
rails,jbuilder,105,Key name from a variable/method,2013-03-12T10:37:24Z,,DeTeam,72801,https://avatars2.githubusercontent.com/u/72801?v=3
rails,jbuilder,103,Use `git ls-files` to create the file list for the gem,2013-03-07T08:23:12Z,2013-03-07T08:23:12Z,matthewrudy,8659,https://avatars3.githubusercontent.com/u/8659?v=3
rails,jbuilder,102,Update README.md,2013-03-07T08:22:07Z,2013-03-07T08:22:07Z,egilburg,242532,https://avatars1.githubusercontent.com/u/242532?v=3
rails,jbuilder,100,Not generating jbuilder views when generating scaffold_controller,2013-03-16T11:32:40Z,,eljojo,491230,https://avatars0.githubusercontent.com/u/491230?v=3
rails,jbuilder,98,Ruby example in README is wrong,2013-02-18T11:07:50Z,2013-02-18T11:07:50Z,martincik,2183,https://avatars2.githubusercontent.com/u/2183?v=3
rails,jbuilder,97,Add EOL to the generator template,2013-02-15T13:26:32Z,2013-02-15T13:26:32Z,amatsuda,11493,https://avatars3.githubusercontent.com/u/11493?v=3
rails,jbuilder,94,add license information to the gemspec,2013-01-31T01:53:09Z,2013-01-31T01:53:09Z,jordimassaguerpla,1148215,https://avatars3.githubusercontent.com/u/1148215?v=3
rails,jbuilder,92,Support collections that are not Enumerable,2013-01-11T04:09:18Z,2013-01-11T04:09:18Z,cgunther,107416,https://avatars1.githubusercontent.com/u/107416?v=3
rails,jbuilder,91,Added rails scaffold generator overwrite,2013-01-10T17:54:09Z,2013-01-10T17:54:09Z,rwz,129043,https://avatars1.githubusercontent.com/u/129043?v=3
rails,jbuilder,90,Jbuilder as rails default,2013-01-07T08:08:27Z,2013-01-07T08:08:27Z,rwz,129043,https://avatars1.githubusercontent.com/u/129043?v=3
rails,jbuilder,89,Proposal: change the way Jbuilder object is initialized,2013-01-01T13:14:09Z,2013-01-01T13:14:09Z,rwz,129043,https://avatars1.githubusercontent.com/u/129043?v=3
rails,jbuilder,88,Added Travis CI,2012-12-30T08:16:37Z,2012-12-30T08:16:37Z,rwz,129043,https://avatars1.githubusercontent.com/u/129043?v=3
rails,jbuilder,87,More consistent behavior with nil-collections,2012-12-28T09:38:39Z,2012-12-28T09:38:39Z,rwz,129043,https://avatars1.githubusercontent.com/u/129043?v=3
rails,jbuilder,86,Enabling block-syntax for templates as well,2012-12-25T10:58:28Z,2012-12-25T10:58:28Z,rwz,129043,https://avatars1.githubusercontent.com/u/129043?v=3
rails,jbuilder,85,Jbuilder#new accepts block,2012-12-25T09:21:52Z,2012-12-25T09:21:52Z,rwz,129043,https://avatars1.githubusercontent.com/u/129043?v=3
rails,jbuilder,83,ActiveSupport::ProxyObject compatibility,2012-12-20T11:21:51Z,2012-12-20T11:21:51Z,rwz,129043,https://avatars1.githubusercontent.com/u/129043?v=3
rails,jbuilder,82,ActiveSupport deprecated BasicObject in favor of ProxyObject.,2012-12-20T11:25:57Z,,revans,394,https://avatars2.githubusercontent.com/u/394?v=3
rails,jbuilder,81,ActiveSupport deprecated BasicObject in favor of ProxyObject. ,2012-12-09T22:50:34Z,,revans,394,https://avatars2.githubusercontent.com/u/394?v=3
rails,jbuilder,80,Feature/big decimals as floating point numbers,2012-12-30T08:55:14Z,,sdepold,79163,https://avatars2.githubusercontent.com/u/79163?v=3
rails,jbuilder,78,".each.map is redundant. In most cases it's equivalent to .map, but it fails with mongoid 2.4",2012-11-27T16:38:30Z,2012-11-27T16:38:30Z,Xenofex,227744,https://avatars2.githubusercontent.com/u/227744?v=3
rails,jbuilder,73,Fixed small error in code,2012-11-27T16:39:04Z,,markijbema,624143,https://avatars1.githubusercontent.com/u/624143?v=3
rails,jbuilder,70,Updating the readme,2012-10-04T13:30:44Z,,rickyc,111761,https://avatars0.githubusercontent.com/u/111761?v=3
rails,jbuilder,68,Changing the yielding API,2012-09-26T22:42:21Z,2012-09-26T22:42:21Z,rolftimmermans,78237,https://avatars2.githubusercontent.com/u/78237?v=3
rails,jbuilder,67,Adjust caching to use ActionView::Base#cache,2012-10-04T15:31:02Z,2012-10-04T15:31:02Z,rgarver,6658,https://avatars1.githubusercontent.com/u/6658?v=3
rails,jbuilder,66,The new cache! method doesn't allow partial! calls to be nested,2012-09-25T15:58:59Z,2012-09-25T15:58:59Z,rgarver,6658,https://avatars1.githubusercontent.com/u/6658?v=3
rails,jbuilder,64,Fix the logic for testing if a block was passed into array!,2012-09-25T01:35:44Z,2012-09-25T01:35:44Z,jdeff,875498,https://avatars3.githubusercontent.com/u/875498?v=3
rails,jbuilder,62,add option to ignore keys with nil values from generated json,2012-11-27T16:39:45Z,2012-11-27T16:39:45Z,kunalmodi,791388,https://avatars1.githubusercontent.com/u/791388?v=3
rails,jbuilder,61,Improve test suite,2012-09-19T21:32:06Z,2012-09-19T21:32:06Z,rolftimmermans,78237,https://avatars2.githubusercontent.com/u/78237?v=3
rails,jbuilder,60,Fix a regression added in pr #59,2012-09-19T18:03:06Z,2012-09-19T18:03:06Z,jjaffeux,339945,https://avatars0.githubusercontent.com/u/339945?v=3
rails,jbuilder,59,Removing BlankSlate and simplifying implementation,2012-09-17T19:00:30Z,2012-09-17T19:00:30Z,rolftimmermans,78237,https://avatars2.githubusercontent.com/u/78237?v=3
rails,jbuilder,58,"The warnings about BlankSlate are mighty scary, don't use it where possible",2012-09-11T01:10:06Z,,SamSaffron,5213,https://avatars2.githubusercontent.com/u/5213?v=3
rails,jbuilder,57,Enforcing json format for partial!,2012-10-05T11:24:30Z,2012-10-05T11:24:30Z,rwz,129043,https://avatars1.githubusercontent.com/u/129043?v=3
rails,jbuilder,54,Substantial performance improvements,2012-09-06T17:23:58Z,2012-09-06T17:23:58Z,rolftimmermans,78237,https://avatars2.githubusercontent.com/u/78237?v=3
rails,jbuilder,53,Remove activerecord/json import.,2012-10-04T16:12:30Z,,bigjason,420922,https://avatars0.githubusercontent.com/u/420922?v=3
rails,jbuilder,52,Added support for hashes for the extract! method.,2012-08-28T12:39:07Z,2012-08-28T12:39:07Z,aantix,4600,https://avatars2.githubusercontent.com/u/4600?v=3
rails,jbuilder,51,Add caching,2012-09-24T17:10:09Z,2012-09-24T17:10:09Z,rgarver,6658,https://avatars1.githubusercontent.com/u/6658?v=3
rails,jbuilder,49,Clear up view usage,2012-08-08T22:26:39Z,,coffeencoke,95773,https://avatars0.githubusercontent.com/u/95773?v=3
rails,jbuilder,48,The errors I am getting when my view blows up is making me want to kill clowns,2012-08-08T22:18:28Z,2012-08-08T22:18:28Z,SamSaffron,5213,https://avatars2.githubusercontent.com/u/5213?v=3
rails,jbuilder,47,Use multijson for serialization,2012-08-08T22:08:13Z,2012-08-08T22:08:13Z,fcheung,5927,https://avatars2.githubusercontent.com/u/5927?v=3
rails,jbuilder,43,API to coax the encoding of null values for arrays of JSON objects,2012-11-27T16:40:08Z,,nbeyer,121554,https://avatars2.githubusercontent.com/u/121554?v=3
rails,jbuilder,38,Added methods to turn off serialization of nil attributes,2012-10-04T16:40:33Z,,johnlcox,474333,https://avatars2.githubusercontent.com/u/474333?v=3
rails,jbuilder,37,"Alternate more generalized implementation for ""Add support for optional auto-camelization""",2012-08-08T22:11:51Z,2012-08-08T22:11:51Z,bigjason,420922,https://avatars0.githubusercontent.com/u/420922?v=3
rails,jbuilder,35,Top level arrays and fragment caching,2012-09-26T22:29:17Z,,mbrandonw,135203,https://avatars2.githubusercontent.com/u/135203?v=3
rails,jbuilder,34,Detect query like objects,2012-08-08T22:25:12Z,2012-08-08T22:25:12Z,bigjason,420922,https://avatars0.githubusercontent.com/u/420922?v=3
rails,jbuilder,30,Dynamically set a key/nested child with block,2012-03-23T19:06:39Z,,mattgibb,51262,https://avatars0.githubusercontent.com/u/51262?v=3
rails,jbuilder,29,Fix typo in JSON output,2012-03-23T16:12:27Z,2012-03-23T16:12:27Z,backspace,43280,https://avatars2.githubusercontent.com/u/43280?v=3
rails,jbuilder,27,Fix readme on partial! usage.,2012-03-23T16:13:03Z,2012-03-23T16:13:03Z,lagartoflojo,2944,https://avatars2.githubusercontent.com/u/2944?v=3
rails,jbuilder,26,Fix minor typo in Readme,2012-03-23T16:09:06Z,2012-03-23T16:09:06Z,AquaGeek,199720,https://avatars3.githubusercontent.com/u/199720?v=3
rails,jbuilder,23,Allow nesting of Jbuilder objects,2012-08-08T22:14:04Z,2012-08-08T22:14:04Z,bigjason,420922,https://avatars0.githubusercontent.com/u/420922?v=3
rails,jbuilder,21,Handle `false` and `nil` values correctly.,2012-03-23T16:12:09Z,2012-03-23T16:12:09Z,bigjason,420922,https://avatars0.githubusercontent.com/u/420922?v=3
rails,jbuilder,18,"Failing test for setting a key to false, when not doing it ""dynamically""",2012-03-23T16:13:28Z,,raycohen,20404,https://avatars0.githubusercontent.com/u/20404?v=3
rails,jbuilder,17,Update README.md file with short example of #array!,2012-03-23T16:14:06Z,2012-03-23T16:14:06Z,anithri,62714,https://avatars1.githubusercontent.com/u/62714?v=3
rails,jbuilder,15,Use args.size in preference to args.one? for setting single JSON key/value,2012-03-23T16:15:06Z,,joshmcarthur,292020,https://avatars0.githubusercontent.com/u/292020?v=3
rails,jbuilder,14,Updated README.md to talk about needing Ruby 1.9 block local variables.,2012-03-23T16:16:19Z,2012-03-23T16:16:19Z,pctj101,12287,https://avatars3.githubusercontent.com/u/12287?v=3
rails,jbuilder,13,Add support for optional auto-camelization,2012-08-08T22:12:58Z,,whitequark,54771,https://avatars2.githubusercontent.com/u/54771?v=3
rails,jbuilder,12,Use Mime::JSON as the default response type,2012-01-23T13:27:44Z,2012-01-23T13:27:43Z,whitequark,54771,https://avatars2.githubusercontent.com/u/54771?v=3
rails,jbuilder,11,a method to add normal json,2012-03-23T16:27:12Z,,daveliu,812,https://avatars1.githubusercontent.com/u/812?v=3
rails,jbuilder,10,Update README.md,2012-01-23T08:19:46Z,2012-01-23T08:19:46Z,homakov,174693,https://avatars3.githubusercontent.com/u/174693?v=3
rails,jbuilder,9,More proper description of template handler,2012-01-23T08:19:20Z,,inossidabile,930257,https://avatars1.githubusercontent.com/u/930257?v=3
rails,jbuilder,6,Make it work with Ruby 1.8.7,2012-01-23T08:09:47Z,2012-01-23T08:09:47Z,ebertech,344626,https://avatars0.githubusercontent.com/u/344626?v=3
rails,jbuilder,4,Patch to make jbuilder work with Ruby 1.8.7,2012-03-23T20:11:13Z,,pixeltrix,6321,https://avatars3.githubusercontent.com/u/6321?v=3
rails,jbuilder,3,Correcting some malformed JSON in the documentation,2012-01-23T08:10:22Z,2012-01-23T08:10:22Z,alassek,57652,https://avatars2.githubusercontent.com/u/57652?v=3
rails,jbuilder,2,"Handle empty top-level arrays (return ""[]"").",2012-01-23T08:09:11Z,2012-01-23T08:09:11Z,nragaz,10078,https://avatars3.githubusercontent.com/u/10078?v=3
rails,jbuilder,1,Add code coloring to Readme,2011-11-30T19:41:17Z,2011-11-30T19:41:17Z,soffes,52870,https://avatars0.githubusercontent.com/u/52870?v=3
