haml,haml,910,Fix buffer_options test to assume Rails environment,2017-03-28T13:01:19Z,2017-03-28T13:01:19Z,k0kubun,3138447,https://avatars2.githubusercontent.com/u/3138447?v=3
haml,haml,908,Do not load modules early when in rails,2017-03-21T12:02:58Z,2017-03-21T12:02:58Z,lukaso,5034,https://avatars0.githubusercontent.com/u/5034?v=3
haml,haml,907,Resolve overhead of calling Haml::Buffer#format_script,2017-02-27T16:21:26Z,2017-02-27T16:21:26Z,k0kubun,3138447,https://avatars2.githubusercontent.com/u/3138447?v=3
haml,haml,905,Raise exception for unsafe attribute name,2017-02-15T00:29:02Z,2017-02-15T00:29:02Z,k0kubun,3138447,https://avatars2.githubusercontent.com/u/3138447?v=3
haml,haml,894,Proposal: remove :ugly option,2017-02-14T11:30:47Z,2017-02-14T11:30:47Z,teeparham,54017,https://avatars1.githubusercontent.com/u/54017?v=3
haml,haml,904,Introduce Temple attribute compiler,2017-02-12T14:34:33Z,2017-02-12T14:34:33Z,k0kubun,3138447,https://avatars2.githubusercontent.com/u/3138447?v=3
haml,haml,903,Don't preserve newlines in attributes,2017-02-09T13:37:39Z,2017-02-09T13:37:39Z,k0kubun,3138447,https://avatars2.githubusercontent.com/u/3138447?v=3
haml,haml,902,Simplify HTML escaping,2017-02-08T16:45:00Z,2017-02-08T16:44:59Z,k0kubun,3138447,https://avatars2.githubusercontent.com/u/3138447?v=3
haml,haml,900,Add ugly mode template tests,2017-02-07T14:08:37Z,2017-02-07T14:08:37Z,k0kubun,3138447,https://avatars2.githubusercontent.com/u/3138447?v=3
haml,haml,899,Add ugly mode tests,2017-02-07T06:35:25Z,2017-02-07T06:35:25Z,k0kubun,3138447,https://avatars2.githubusercontent.com/u/3138447?v=3
haml,haml,897,Use Rails default options for Haml's default options,2017-02-07T07:47:19Z,2017-02-07T07:47:19Z,k0kubun,3138447,https://avatars2.githubusercontent.com/u/3138447?v=3
haml,haml,896,Add after_preamble hook for precompiled_with_ambles and separate Rails-related code,2017-02-06T13:37:07Z,2017-02-06T13:37:07Z,k0kubun,3138447,https://avatars2.githubusercontent.com/u/3138447?v=3
haml,haml,893,Introduce Temple generator and freeze string literals,2017-02-01T10:32:16Z,2017-02-01T10:32:16Z,k0kubun,3138447,https://avatars2.githubusercontent.com/u/3138447?v=3
haml,haml,885,Fix compiler to work without deprecation on ruby 2.4,2016-09-23T16:25:14Z,2016-09-23T16:25:14Z,jeremyevans,3846,https://avatars0.githubusercontent.com/u/3846?v=3
haml,haml,882,Preserve order of class names in Haml tags,,,TooManyBees,5176286,https://avatars2.githubusercontent.com/u/5176286?v=3
haml,haml,881,Update README.md,,,vasinov,286876,https://avatars1.githubusercontent.com/u/286876?v=3
haml,haml,878,Backport ActionView lazy-loading to the stable branch,2017-01-20T02:02:26Z,2017-01-20T02:02:26Z,amatsuda,11493,https://avatars3.githubusercontent.com/u/11493?v=3
haml,haml,868,Make inline sass work with sprockets 3.x,,,samphilipd,4147639,https://avatars0.githubusercontent.com/u/4147639?v=3
haml,haml,867,"Add support for CSS class names containing the `@` sign (""commercial at"", U+0040)",,,redoPop,109632,https://avatars1.githubusercontent.com/u/109632?v=3
haml,haml,866,Fix a typo [ci skip],2016-02-12T16:52:51Z,2016-02-12T16:52:51Z,pra85,829526,https://avatars1.githubusercontent.com/u/829526?v=3
haml,haml,865,Fix title of REFERENCE Attributes section,,,hanachin,167012,https://avatars0.githubusercontent.com/u/167012?v=3
haml,haml,862,Work with ruby 2.3's --enable-frozen-string-literal,,,jeremyevans,3846,https://avatars0.githubusercontent.com/u/3846?v=3
haml,haml,861,Use Ruby 2.3.0 on Travis,2015-12-27T17:28:30Z,2015-12-27T17:28:30Z,k0kubun,3138447,https://avatars2.githubusercontent.com/u/3138447?v=3
haml,haml,860,Temple migration,2017-01-31T16:23:46Z,2017-01-31T16:23:46Z,k0kubun,3138447,https://avatars2.githubusercontent.com/u/3138447?v=3
haml,haml,859,Fix small typo in REFERENCE.md [ci skip],2015-11-12T16:22:42Z,2015-11-12T16:22:42Z,jessedoyle,6474230,https://avatars1.githubusercontent.com/u/6474230?v=3
haml,haml,855,Allow $ in attribute name,2016-04-14T10:59:25Z,,nazar-pc,928965,https://avatars3.githubusercontent.com/u/928965?v=3
haml,haml,850,Significantly optimize regexp time of fix_textareas!,2015-08-10T14:59:07Z,,stanhu,963826,https://avatars3.githubusercontent.com/u/963826?v=3
haml,haml,847,extract erb object creation out of powerset loop,2017-01-20T02:37:11Z,2017-01-20T02:37:11Z,gmccreight,38080,https://avatars0.githubusercontent.com/u/38080?v=3
haml,haml,843,Note upcoming feature `haml_tag_if`,2015-06-08T13:36:14Z,2015-06-08T13:36:14Z,nathanl,338814,https://avatars1.githubusercontent.com/u/338814?v=3
haml,haml,834,Add a gotchas section to Interpolation.,2015-02-18T21:32:17Z,,envygeeks,99763,https://avatars2.githubusercontent.com/u/99763?v=3
haml,haml,831,[stable] Check for Rails.env instead,2015-09-03T05:11:54Z,2015-09-03T05:11:54Z,paresharma,1743203,https://avatars3.githubusercontent.com/u/1743203?v=3
haml,haml,829,add haml_proc to return a proc that captures a given haml block,,,ashanbrown,1858046,https://avatars0.githubusercontent.com/u/1858046?v=3
haml,haml,821,[TASK] Configure Travis for better build performance,2014-12-24T12:23:47Z,2014-12-24T12:23:47Z,oliverklee,765746,https://avatars3.githubusercontent.com/u/765746?v=3
haml,haml,817,Cleanup Rakefile doc tasks,2014-12-18T14:32:57Z,2014-12-18T14:32:57Z,teeparham,54017,https://avatars1.githubusercontent.com/u/54017?v=3
haml,haml,813,Fixed small typo in Haml::Engine documentation,2014-11-25T16:21:16Z,2014-11-25T16:21:16Z,eljojo,491230,https://avatars0.githubusercontent.com/u/491230?v=3
haml,haml,812,"haml_tag, haml_concat and XSS",2014-11-26T19:49:50Z,2014-11-26T19:49:50Z,mattwildig,411426,https://avatars3.githubusercontent.com/u/411426?v=3
haml,haml,807,Hash#each_key instead of Hash#keys.each. Faster code.,2014-10-20T13:43:12Z,,glaucocustodio,1907408,https://avatars1.githubusercontent.com/u/1907408?v=3
haml,haml,806,Adds minor performance improvements (thanks @sferik for the list and inspiration).,2014-10-14T18:15:57Z,,gamafranco,37790,https://avatars3.githubusercontent.com/u/37790?v=3
haml,haml,803,"[3.1 stable] Adding while, until, and unless to the list of start block keywords in the parser",2017-03-28T16:32:19Z,,camertron,575280,https://avatars1.githubusercontent.com/u/575280?v=3
haml,haml,802,Adding `while` and `until` to the list of start block keywords in the parser,,,camertron,575280,https://avatars1.githubusercontent.com/u/575280?v=3
haml,haml,801,Blocks become more useful,,,Iazel,1616917,https://avatars1.githubusercontent.com/u/1616917?v=3
haml,haml,800,Unexpected removal of newline at the end of attribute value,,,t-uda,1777880,https://avatars3.githubusercontent.com/u/1777880?v=3
haml,haml,786,Added a note about ActiveSupport to the #html_safe method.,2014-12-18T14:47:53Z,2014-12-18T14:47:53Z,etagwerker,17584,https://avatars1.githubusercontent.com/u/17584?v=3
haml,haml,785,Update docs badge,2014-06-03T18:53:30Z,2014-06-03T18:53:30Z,rrrene,311914,https://avatars0.githubusercontent.com/u/311914?v=3
haml,haml,778,Do not require forwardable,2014-05-30T14:40:52Z,,teeparham,54017,https://avatars1.githubusercontent.com/u/54017?v=3
haml,haml,777,Use bundler gem tasks,2014-05-30T14:25:30Z,2014-05-30T14:25:30Z,teeparham,54017,https://avatars1.githubusercontent.com/u/54017?v=3
haml,haml,774,Add Haml::TestCase,2014-05-30T14:25:04Z,2014-05-30T14:25:04Z,teeparham,54017,https://avatars1.githubusercontent.com/u/54017?v=3
haml,haml,773,Use ActiveSupport::Test as base test class,2014-05-20T02:17:48Z,,teeparham,54017,https://avatars1.githubusercontent.com/u/54017?v=3
haml,haml,770,HTML escape interpolated code in filters,2014-04-19T19:58:19Z,2014-04-19T19:58:19Z,mattwildig,411426,https://avatars3.githubusercontent.com/u/411426?v=3
haml,haml,769,Remove FormFor Helper,2014-04-23T23:34:41Z,2014-04-23T23:34:41Z,apotonick,10406,https://avatars1.githubusercontent.com/u/10406?v=3
haml,haml,767,Added :sanitize_javascript template option,2014-04-19T19:59:52Z,,johnkchow,595757,https://avatars2.githubusercontent.com/u/595757?v=3
haml,haml,766,add support for passing multiple arguments to block for list_of,,,helloenvoy,1891857,https://avatars1.githubusercontent.com/u/1891857?v=3
haml,haml,765,Little bit of Sass,2014-03-27T16:16:30Z,2014-03-27T16:16:30Z,mattwildig,411426,https://avatars3.githubusercontent.com/u/411426?v=3
haml,haml,759,Test against rails 4.1.0.rc.1,2014-03-06T21:10:14Z,2014-03-06T21:10:14Z,teeparham,54017,https://avatars1.githubusercontent.com/u/54017?v=3
haml,haml,757,Interpolation styles,2014-03-06T14:17:09Z,2014-03-06T14:17:09Z,mattwildig,411426,https://avatars3.githubusercontent.com/u/411426?v=3
haml,haml,756,Interpolate comments,2014-03-05T20:39:46Z,,mattwildig,411426,https://avatars3.githubusercontent.com/u/411426?v=3
haml,haml,753,Update Travis setup for Rubinius,2014-02-28T12:49:20Z,2014-02-28T12:49:20Z,teeparham,54017,https://avatars1.githubusercontent.com/u/54017?v=3
haml,haml,752,Add docs badge to README,2014-02-28T12:51:04Z,2014-02-28T12:51:04Z,rrrene,311914,https://avatars0.githubusercontent.com/u/311914?v=3
haml,haml,751,Newline after scripts,,,mattwildig,411426,https://avatars3.githubusercontent.com/u/411426?v=3
haml,haml,750,"Use ruby 2.1.1, specify 2.1 in travis",2014-02-26T19:06:25Z,2014-02-26T19:06:25Z,teeparham,54017,https://avatars1.githubusercontent.com/u/54017?v=3
haml,haml,747,Use rdoc for markdown provider,2014-02-19T23:50:13Z,,teeparham,54017,https://avatars1.githubusercontent.com/u/54017?v=3
haml,haml,746,Fix some typos [ci skip],2014-02-18T23:48:59Z,2014-02-18T23:48:59Z,jwworth,2782858,https://avatars0.githubusercontent.com/u/2782858?v=3
haml,haml,744,Kramdown md provider,2014-02-19T23:49:42Z,2014-02-19T23:49:42Z,mattwildig,411426,https://avatars3.githubusercontent.com/u/411426?v=3
haml,haml,743,Replace maruku with redcarpet [ci skip],2014-02-19T23:50:31Z,,teeparham,54017,https://avatars1.githubusercontent.com/u/54017?v=3
haml,haml,742,Update data attribute docs,2014-02-15T02:34:00Z,2014-02-15T02:34:00Z,mattwildig,411426,https://avatars3.githubusercontent.com/u/411426?v=3
haml,haml,741,Ensure trace info is added to all tags,2014-02-02T20:23:51Z,2014-02-02T20:23:51Z,mattwildig,411426,https://avatars3.githubusercontent.com/u/411426?v=3
haml,haml,739,Remove post_install_message from Gemspec.,2014-01-28T17:14:47Z,2014-01-28T17:14:47Z,pda,15759,https://avatars2.githubusercontent.com/u/15759?v=3
haml,haml,738,Added php filter to filters.rb,2014-01-23T01:50:25Z,,sgottreu,157118,https://avatars0.githubusercontent.com/u/157118?v=3
haml,haml,735,Fixed documentation spelling error.,2014-01-20T22:44:20Z,2014-01-20T22:44:20Z,brandoncc,543973,https://avatars0.githubusercontent.com/u/543973?v=3
haml,haml,734,Refactor #format_script,2014-02-01T20:36:55Z,,teeparham,54017,https://avatars1.githubusercontent.com/u/54017?v=3
haml,haml,733,"Fix 1.8.7 warning: ""regexp has invalid interval""",2014-01-14T14:07:44Z,2014-01-14T14:07:44Z,elia,1051,https://avatars3.githubusercontent.com/u/1051?v=3
haml,haml,729,"Travis - Add Rails 4.1.0.beta1, get Rubinius running",2014-01-12T19:02:21Z,2014-01-12T19:02:21Z,petergoldstein,421488,https://avatars1.githubusercontent.com/u/421488?v=3
haml,haml,728,Drop support for Rails 3.0 and 3.1.,2013-12-27T13:45:06Z,2013-12-27T13:45:06Z,teeparham,54017,https://avatars1.githubusercontent.com/u/54017?v=3
haml,haml,727,Word break element is self-closing,2013-12-10T14:06:36Z,2013-12-10T14:06:36Z,NathanielWroblewski,2602872,https://avatars0.githubusercontent.com/u/2602872?v=3
haml,haml,724,Adding support for tag names in XML to have dots(.) inside as per XML spec,2013-12-28T02:30:20Z,,mmircea16,1107449,https://avatars3.githubusercontent.com/u/1107449?v=3
haml,haml,723,Fix for the 694 issue: Modified the logic determining the output of capturing haml content,2013-12-04T18:17:21Z,,mmircea16,1107449,https://avatars3.githubusercontent.com/u/1107449?v=3
haml,haml,722,update nokogiri dependency to 1.6.0,2013-11-05T17:17:03Z,2013-11-05T17:17:03Z,teeparham,54017,https://avatars1.githubusercontent.com/u/54017?v=3
haml,haml,721,escape_once does not work on frozen strings,2013-11-05T12:10:27Z,2013-11-05T12:10:27Z,patrik,30346,https://avatars3.githubusercontent.com/u/30346?v=3
haml,haml,720,Making tests green by modifying the partial_layout_erb template test,2013-11-05T12:09:42Z,2013-11-05T12:09:42Z,mmircea16,1107449,https://avatars3.githubusercontent.com/u/1107449?v=3
haml,haml,714,Allow literal '#' with suppress_eval,2013-10-04T20:19:36Z,2013-10-04T20:19:36Z,mattwildig,411426,https://avatars3.githubusercontent.com/u/411426?v=3
haml,haml,709,Dramatically speed-up attribute processing!,2013-08-27T19:43:49Z,,m0003r,692310,https://avatars1.githubusercontent.com/u/692310?v=3
haml,haml,707,"Handling of ""--"", ""-->"", ""<!--"" in haml comments",,,kgrz,400299,https://avatars2.githubusercontent.com/u/400299?v=3
haml,haml,706,Add `--remove-whitespace` option to the CLI,2013-08-21T22:30:38Z,,leonkenneth,859732,https://avatars0.githubusercontent.com/u/859732?v=3
haml,haml,705,"Enable creating ""downlevel-revealed"" conditional IE comments",2013-08-21T21:47:13Z,2013-08-21T21:47:13Z,mattwildig,411426,https://avatars3.githubusercontent.com/u/411426?v=3
haml,haml,704,Fix typo in Coffeescript documentation.,2013-07-28T17:51:36Z,2013-07-28T17:51:36Z,Pringley,633203,https://avatars0.githubusercontent.com/u/633203?v=3
haml,haml,703,Single (inline) pipe is mistakenly (?) interpreted as multiline indicator,,,polarblau,123923,https://avatars3.githubusercontent.com/u/123923?v=3
haml,haml,702,Template/partial/line_number traces on generated DOM elements ,2014-02-01T22:32:20Z,,ababkin,245588,https://avatars2.githubusercontent.com/u/245588?v=3
haml,haml,700,Documenting the interaction between Object Reference and the Class attribute,2013-11-05T12:16:35Z,2013-11-05T12:16:35Z,jaredbeck,380809,https://avatars1.githubusercontent.com/u/380809?v=3
haml,haml,697,Check for Rails::Railtie specifically,2013-11-05T12:17:19Z,2013-11-05T12:17:19Z,etehtsea,100999,https://avatars0.githubusercontent.com/u/100999?v=3
haml,haml,688,Require date to use DateTime,2013-06-06T19:07:26Z,,ryoqun,117807,https://avatars3.githubusercontent.com/u/117807?v=3
haml,haml,687,Typo in helper's documentation,2013-07-28T17:54:02Z,,batizhevsky,958730,https://avatars0.githubusercontent.com/u/958730?v=3
haml,haml,686,use https rubygems in test gemfiles,2013-07-28T21:29:59Z,2013-07-28T21:29:59Z,teeparham,54017,https://avatars1.githubusercontent.com/u/54017?v=3
haml,haml,685,Remove support for ruby 1.8,2013-11-05T12:47:55Z,,teeparham,54017,https://avatars1.githubusercontent.com/u/54017?v=3
haml,haml,684,rename MiniTest classes to fix warnings,2013-05-23T12:29:45Z,2013-05-23T12:29:45Z,teeparham,54017,https://avatars1.githubusercontent.com/u/54017?v=3
haml,haml,676,SafeErubisTemplate fixes,2013-05-21T12:30:57Z,,mattwildig,411426,https://avatars3.githubusercontent.com/u/411426?v=3
haml,haml,671,Added new filter `jqready`,2013-04-25T12:04:16Z,,remofritzsche,109765,https://avatars2.githubusercontent.com/u/109765?v=3
haml,haml,670,Add reference documentation of useful helper methods,2013-05-21T12:19:05Z,2013-05-21T12:19:05Z,shaneriley,39553,https://avatars3.githubusercontent.com/u/39553?v=3
haml,haml,665,"Escape ""</"" tags in Javascript filter.",2013-05-21T12:19:26Z,,stephenjudkins,8593,https://avatars0.githubusercontent.com/u/8593?v=3
haml,haml,663,Fix the :erb filter in rails.,2013-04-05T20:09:38Z,,jorihardman,99236,https://avatars2.githubusercontent.com/u/99236?v=3
haml,haml,662,Autoclose docs,2013-04-05T20:09:15Z,,mattwildig,411426,https://avatars3.githubusercontent.com/u/411426?v=3
haml,haml,661,Add Code Climate badge to README,2013-04-05T19:49:28Z,2013-04-05T19:49:28Z,brynary,19,https://avatars3.githubusercontent.com/u/19?v=3
haml,haml,657,Tiny optimization to capture_haml,2013-04-05T19:47:23Z,,tiegz,5054,https://avatars1.githubusercontent.com/u/5054?v=3
haml,haml,655,Require 'erubis' if needed in erb filter,2013-04-05T20:15:12Z,,mattwildig,411426,https://avatars3.githubusercontent.com/u/411426?v=3
haml,haml,649,Fix preserve_pattern regex in buffer.rb,2013-03-21T03:14:48Z,2013-03-21T03:14:48Z,mattwildig,411426,https://avatars3.githubusercontent.com/u/411426?v=3
haml,haml,647,Add haml_tag_if helper method,2013-03-08T02:25:55Z,2013-03-08T02:25:55Z,mattwildig,411426,https://avatars3.githubusercontent.com/u/411426?v=3
haml,haml,644,"Register AsciiDoc filter, handled by Tilt",2013-03-02T17:43:33Z,,mojavelinux,79351,https://avatars1.githubusercontent.com/u/79351?v=3
haml,haml,642,Removing dependency on rails when plugging haml into ActionView.,2013-03-21T04:11:57Z,,wedgex,738110,https://avatars0.githubusercontent.com/u/738110?v=3
haml,haml,641,Data attribute flattening breaks with fixnum values,2013-02-25T16:15:30Z,,alisdair,68917,https://avatars0.githubusercontent.com/u/68917?v=3
haml,haml,637,Attribute methods,2013-02-26T22:29:26Z,2013-02-26T22:29:26Z,mattwildig,411426,https://avatars3.githubusercontent.com/u/411426?v=3
haml,haml,634,Update CHANGELOG.md,2013-02-18T02:21:26Z,,blakejakopovic,427450,https://avatars1.githubusercontent.com/u/427450?v=3
haml,haml,633,Make escape_once respect hexadecimal references,2013-02-26T22:30:34Z,2013-02-26T22:30:34Z,mattwildig,411426,https://avatars3.githubusercontent.com/u/411426?v=3
haml,haml,632,Fixed the link to Tilt repo in CHANGELOG.md,2013-02-26T22:23:58Z,,jasdeepsingh,603900,https://avatars3.githubusercontent.com/u/603900?v=3
haml,haml,631,Fix to support 'sass-rails' 4.0.0.beta,2013-02-14T15:17:20Z,,tricknotes,290782,https://avatars1.githubusercontent.com/u/290782?v=3
haml,haml,630,Fix typo in 4.0 changelog,2013-02-13T13:55:27Z,,killthekitten,1201569,https://avatars0.githubusercontent.com/u/1201569?v=3
haml,haml,629,Combine two gsub calls into one with a regex,2013-02-13T12:17:04Z,2013-02-13T12:17:04Z,lsylvester,191128,https://avatars1.githubusercontent.com/u/191128?v=3
haml,haml,628,Haml::Helpers.html_escape optimisation,2013-02-12T20:20:21Z,2013-02-12T20:20:21Z,lsylvester,191128,https://avatars1.githubusercontent.com/u/191128?v=3
haml,haml,627,Symbol does not respond_to downcase in Ruby 1.8.7,2013-02-06T14:14:33Z,2013-02-06T14:14:32Z,amatsuda,11493,https://avatars3.githubusercontent.com/u/11493?v=3
haml,haml,625,add license information to the gemspec,2013-02-06T16:03:58Z,2013-02-06T16:03:58Z,jordimassaguerpla,1148215,https://avatars3.githubusercontent.com/u/1148215?v=3
haml,haml,624,Make xss mods available standalone,2013-02-06T16:01:29Z,2013-02-06T16:01:29Z,skade,47542,https://avatars1.githubusercontent.com/u/47542?v=3
haml,haml,621,Ruby filter,2013-01-25T13:41:55Z,,mattwildig,411426,https://avatars3.githubusercontent.com/u/411426?v=3
haml,haml,620,Remove use of `silence_warnings` in `html_escape`,2013-01-28T14:03:11Z,2013-01-28T14:03:11Z,mattwildig,411426,https://avatars3.githubusercontent.com/u/411426?v=3
haml,haml,615,Refactoring if internals to not flush inline caches at runtime,2015-04-17T00:58:21Z,,dbussink,7851,https://avatars3.githubusercontent.com/u/7851?v=3
haml,haml,614,A fix for #613,2012-12-14T01:34:39Z,2012-12-14T01:34:39Z,glebm,216339,https://avatars3.githubusercontent.com/u/216339?v=3
haml,haml,611,fix Object#type is deprecated; use Object#class warning,2012-12-12T18:18:01Z,,variousred,238354,https://avatars3.githubusercontent.com/u/238354?v=3
haml,haml,610,Use Erubis when available for faster startup,2013-02-06T15:37:40Z,2013-02-06T15:37:39Z,cheald,9830,https://avatars0.githubusercontent.com/u/9830?v=3
haml,haml,609,Fix Attribute Methods example in REFERENCE.md,2012-11-27T12:35:54Z,2012-11-27T12:35:54Z,lann,245734,https://avatars1.githubusercontent.com/u/245734?v=3
haml,haml,608,Add autoclose option to command line,2012-11-27T12:39:14Z,2012-11-27T12:39:14Z,mattwildig,411426,https://avatars3.githubusercontent.com/u/411426?v=3
haml,haml,606,Fixed link to Haml reference in FAQ,2012-11-06T20:27:18Z,2012-11-06T20:27:18Z,gregkare,43297,https://avatars3.githubusercontent.com/u/43297?v=3
haml,haml,605,Improvement,2012-11-05T13:57:02Z,,danielknell,229004,https://avatars0.githubusercontent.com/u/229004?v=3
haml,haml,604,Fix for ruby bug in 1.9.2,2012-11-05T18:34:48Z,2012-11-05T18:34:48Z,chriseppstein,1839,https://avatars0.githubusercontent.com/u/1839?v=3
haml,haml,601,Haml master is no more supporting ActionPack < 3,2012-10-25T18:24:38Z,2012-10-25T18:24:38Z,amatsuda,11493,https://avatars3.githubusercontent.com/u/11493?v=3
haml,haml,600,Fix line numbers for nested blocks in 3-1-stable,2012-12-17T21:23:25Z,2012-12-17T21:23:25Z,pivotal-casebook,189518,https://avatars2.githubusercontent.com/u/189518?v=3
haml,haml,599,Every Ruby 1.8 Object responds_to :type,2012-10-18T14:36:01Z,2012-10-18T14:36:01Z,amatsuda,11493,https://avatars3.githubusercontent.com/u/11493?v=3
haml,haml,597,Use type instead of mime_type in plugin.rb,2012-10-09T13:43:00Z,,mattwildig,411426,https://avatars3.githubusercontent.com/u/411426?v=3
haml,haml,592,Arbitrary hash valued attribute in HTML tags,2012-10-09T15:00:29Z,,ElvinEfendi,1150042,https://avatars3.githubusercontent.com/u/1150042?v=3
haml,haml,590,Fix rendering of ERB templates within Haml layouts,2012-10-09T13:28:39Z,,spohlenz,7600,https://avatars1.githubusercontent.com/u/7600?v=3
haml,haml,586,Remove unused variables warnings,2012-08-22T12:49:11Z,2012-08-22T12:49:11Z,mattwildig,411426,https://avatars3.githubusercontent.com/u/411426?v=3
haml,haml,582,Changed version check of Haml::Util::try_sass,2012-08-12T01:15:30Z,2012-08-12T01:15:30Z,totallymike,320778,https://avatars2.githubusercontent.com/u/320778?v=3
haml,haml,581,Script parsing,2012-08-19T15:30:25Z,2012-08-19T15:30:24Z,mattwildig,411426,https://avatars3.githubusercontent.com/u/411426?v=3
haml,haml,580,Fix handling of 'unless' or 'case' nested in if/else,2012-08-10T13:50:30Z,2012-08-10T13:50:30Z,lann,245734,https://avatars1.githubusercontent.com/u/245734?v=3
haml,haml,577,#560,2012-08-19T15:34:03Z,,pschlette,758437,https://avatars2.githubusercontent.com/u/758437?v=3
haml,haml,576,Add data-id to HTML element when creating object reference.,2012-10-07T15:04:30Z,,tylergannon,50593,https://avatars1.githubusercontent.com/u/50593?v=3
haml,haml,568,Don't depend on Rails in haml/template/plugin,2012-06-28T11:11:08Z,2012-06-28T11:11:08Z,obrok,130804,https://avatars0.githubusercontent.com/u/130804?v=3
haml,haml,566,Raise Syntax error for nested else with no if,2012-06-27T18:17:34Z,2012-06-27T18:17:32Z,mattwildig,411426,https://avatars3.githubusercontent.com/u/411426?v=3
haml,haml,564,CDATA in javascript and css filters,2012-06-25T21:25:27Z,,mattwildig,411426,https://avatars3.githubusercontent.com/u/411426?v=3
haml,haml,555,Assume ActiveSupport::SafeBuffer exists,2012-06-08T20:57:05Z,2012-06-08T20:57:04Z,atambo,102009,https://avatars2.githubusercontent.com/u/102009?v=3
haml,haml,554,i'm sure you didnt mean to do that in a loop,2012-06-14T18:56:57Z,,asanghi,762,https://avatars0.githubusercontent.com/u/762?v=3
haml,haml,552,Fix benchmark script,2012-06-04T15:40:23Z,2012-06-04T15:40:23Z,mattwildig,411426,https://avatars3.githubusercontent.com/u/411426?v=3
haml,haml,550,:remove_whitespace option to activate whitespace removal on all tags,2012-06-05T02:32:06Z,,vdh,573501,https://avatars1.githubusercontent.com/u/573501?v=3
haml,haml,548,Tidy util,2012-05-30T13:31:59Z,,mattwildig,411426,https://avatars3.githubusercontent.com/u/411426?v=3
haml,haml,547,Silence even more warnings,2012-05-29T03:00:44Z,,mattwildig,411426,https://avatars3.githubusercontent.com/u/411426?v=3
haml,haml,546,Remove some more warnings,2012-05-27T22:40:22Z,,mattwildig,411426,https://avatars3.githubusercontent.com/u/411426?v=3
haml,haml,545,Explicitly initialize ivar to nil to avoid warning,2012-05-29T03:01:01Z,,mattwildig,411426,https://avatars3.githubusercontent.com/u/411426?v=3
haml,haml,544,Resolve test name conflict.,2012-05-29T03:04:47Z,,mattwildig,411426,https://avatars3.githubusercontent.com/u/411426?v=3
haml,haml,543,Delete Rails test lockfiles.,2012-05-25T15:32:12Z,2012-05-25T15:32:12Z,mattwildig,411426,https://avatars3.githubusercontent.com/u/411426?v=3
haml,haml,542,Deprecate Ruby 1.8.6 compatibility methods.,2012-05-29T17:20:13Z,,mattwildig,411426,https://avatars3.githubusercontent.com/u/411426?v=3
haml,haml,541,Silence yet more warnings.,2012-05-23T21:10:27Z,,mattwildig,411426,https://avatars3.githubusercontent.com/u/411426?v=3
haml,haml,539,3.1.6 has been released,2012-05-23T20:59:06Z,2012-05-23T20:59:06Z,drewda,212369,https://avatars2.githubusercontent.com/u/212369?v=3
haml,haml,538,Fix CLEAN list in Rakefile.,2012-05-23T14:53:54Z,,mattwildig,411426,https://avatars3.githubusercontent.com/u/411426?v=3
haml,haml,537,Some cleanup in the docs.,2012-05-23T15:27:05Z,,mattwildig,411426,https://avatars3.githubusercontent.com/u/411426?v=3
haml,haml,534,Add encoding settings for html2haml,2012-05-23T15:26:47Z,,LYY,508941,https://avatars0.githubusercontent.com/u/508941?v=3
haml,haml,533,Removed the unreleased comment from 3.1.5 since it's on rubygems.org,2012-05-11T20:33:47Z,,naudo,64477,https://avatars2.githubusercontent.com/u/64477?v=3
haml,haml,530,Silence some more warnings,2012-05-23T15:27:19Z,,mattwildig,411426,https://avatars3.githubusercontent.com/u/411426?v=3
haml,haml,527,Silence some warnings.,2012-05-07T18:45:39Z,2012-05-07T18:45:39Z,mattwildig,411426,https://avatars3.githubusercontent.com/u/411426?v=3
haml,haml,526,Fixed accidental deletion in last commit,2012-05-07T18:30:27Z,2012-05-07T18:30:27Z,cristianrasch,324228,https://avatars0.githubusercontent.com/u/324228?v=3
haml,haml,525,"Re-add rbx-18mode and rbx-19mode, but ignore failures",2012-05-05T13:03:36Z,2012-05-05T13:03:36Z,joliss,524783,https://avatars3.githubusercontent.com/u/524783?v=3
haml,haml,523,Cleared up some more warnings that show up running the test suite,2012-05-05T13:21:55Z,2012-05-05T13:21:55Z,cristianrasch,324228,https://avatars0.githubusercontent.com/u/324228?v=3
haml,haml,521,Add Travis and Gemnasium badges,2012-05-04T14:36:07Z,2012-05-04T14:36:06Z,joliss,524783,https://avatars3.githubusercontent.com/u/524783?v=3
haml,haml,518,Flatten data attributes,2012-05-23T19:18:44Z,,koszta,1254054,https://avatars3.githubusercontent.com/u/1254054?v=3
haml,haml,517,Fixed some instance variable not initialized warnings,2012-04-29T21:50:49Z,,cristianrasch,324228,https://avatars0.githubusercontent.com/u/324228?v=3
haml,haml,514,Underscore data attributes,2012-04-29T15:30:18Z,,codyrobbins,145600,https://avatars0.githubusercontent.com/u/145600?v=3
haml,haml,513,Add Contribution Notes to README,2012-04-28T16:55:36Z,2012-04-28T16:55:36Z,jonallured,79799,https://avatars0.githubusercontent.com/u/79799?v=3
haml,haml,512,* haml.gemspec: tell the user that the hpricot gem is required before he/she tries to run haml2html,2012-04-28T16:39:38Z,,franckverrot,108369,https://avatars2.githubusercontent.com/u/108369?v=3
haml,haml,507,Added extra argument to Helper#list_of so list items can have attributes,2012-04-28T00:39:24Z,,yb66,326444,https://avatars3.githubusercontent.com/u/326444?v=3
haml,haml,503,Only preserve whitespace in the tag's content.,2012-04-27T23:51:05Z,,jcoleman,125331,https://avatars3.githubusercontent.com/u/125331?v=3
haml,haml,500,coffeescript filter + markdown filter mods,2012-04-28T13:51:20Z,,brewster1134,217428,https://avatars2.githubusercontent.com/u/217428?v=3
haml,haml,493,Fix parsing of Ruby multi-line blocks ending in question-marked methods,2012-04-27T21:11:21Z,,bradediger,4621,https://avatars1.githubusercontent.com/u/4621?v=3
haml,haml,490,"In parse_object_ref, when building the class name, if #haml_object_ref is not available, try #model_name before using the class name",2012-02-10T00:25:54Z,,frahugo,14030,https://avatars2.githubusercontent.com/u/14030?v=3
haml,haml,489,[Haml] Fix nuke innerwhite space in loop.,2012-04-30T13:24:40Z,,richardkmichael,364390,https://avatars2.githubusercontent.com/u/364390?v=3
haml,haml,488,Hyphenate data attributes,2012-04-29T15:30:45Z,,fullsailor,154187,https://avatars2.githubusercontent.com/u/154187?v=3
haml,haml,484,[Haml] Add SCSS filter.,2012-04-28T02:51:04Z,,mattwildig,411426,https://avatars3.githubusercontent.com/u/411426?v=3
haml,haml,483,Allow escape_attrs on a per-tag basis,2012-05-23T20:57:51Z,,iHiD,286476,https://avatars1.githubusercontent.com/u/286476?v=3
haml,haml,481,added option --html-attributes to html2haml,2012-04-29T15:44:58Z,,snatchev,3312,https://avatars1.githubusercontent.com/u/3312?v=3
haml,haml,477,Add build and dependency statuses to the README,2012-04-28T02:51:30Z,,laserlemon,34264,https://avatars2.githubusercontent.com/u/34264?v=3
haml,haml,470,attribute escaping respects html_safe,2011-12-17T00:43:51Z,,gerad,27563,https://avatars0.githubusercontent.com/u/27563?v=3
haml,haml,461,Correct invocation of the Redcarpet engine,2012-05-07T19:43:12Z,,codyrobbins,145600,https://avatars0.githubusercontent.com/u/145600?v=3
haml,haml,458,RedCarpet support notation added to HAML_CHANGELOG,2011-11-17T22:35:33Z,2011-11-17T22:35:33Z,caleywoods,402957,https://avatars3.githubusercontent.com/u/402957?v=3
haml,haml,456,fix error with empty @haml_buffer related to issue #53,2011-11-23T18:34:40Z,,phoet,48745,https://avatars0.githubusercontent.com/u/48745?v=3
haml,haml,448,Handle blocks passed to FormBuilder helpers.,2011-11-23T21:18:36Z,,spraints,20158,https://avatars1.githubusercontent.com/u/20158?v=3
haml,haml,445,Add kramdown support,2011-10-19T18:48:53Z,2011-10-19T18:48:53Z,norman,5042,https://avatars0.githubusercontent.com/u/5042?v=3
haml,haml,444,Handle records with multiple IDs in object reference #438,2011-11-24T01:24:28Z,2011-11-24T01:24:28Z,jnv,616767,https://avatars0.githubusercontent.com/u/616767?v=3
haml,haml,443,Fix signature of InstanceTag#content_tag. (again),2011-11-01T17:58:32Z,,pivotal-casebook,189518,https://avatars2.githubusercontent.com/u/189518?v=3
haml,haml,441,Fix signature of InstanceTag#content_tag. ,2011-10-14T18:34:49Z,2011-10-14T18:34:49Z,pivotal-casebook,189518,https://avatars2.githubusercontent.com/u/189518?v=3
haml,haml,435,Accept '/' characters in class names.,2011-09-21T18:33:46Z,,pguillory,304366,https://avatars1.githubusercontent.com/u/304366?v=3
haml,haml,433,Recognize haml context with form_for,2011-11-24T00:42:55Z,2011-11-24T00:42:55Z,leshill,3938,https://avatars1.githubusercontent.com/u/3938?v=3
haml,haml,431,Fix signature of InstanceTag#content_tag.,2011-10-13T20:59:15Z,,pivotal-casebook,189518,https://avatars2.githubusercontent.com/u/189518?v=3
haml,haml,429,Fix link in HAML_REFERENCE.md.,2011-09-10T09:36:40Z,2011-09-10T09:36:40Z,mattwildig,411426,https://avatars3.githubusercontent.com/u/411426?v=3
haml,haml,427,ActionView::Template mime type of 'text/xml' forces :xhtml,2012-04-28T03:28:53Z,,stepheneb,7188,https://avatars3.githubusercontent.com/u/7188?v=3
haml,haml,422,PHP Filter,2012-05-22T22:38:52Z,,icooper,601467,https://avatars3.githubusercontent.com/u/601467?v=3
haml,haml,421,PHP Support,2011-08-09T21:36:05Z,,icooper,601467,https://avatars3.githubusercontent.com/u/601467?v=3
haml,haml,419,Escape with key codes instead of named HTML entities (for IE support) #418,2012-04-30T18:07:35Z,,doxavore,633,https://avatars3.githubusercontent.com/u/633?v=3
haml,haml,417,Fix for regression with capture method,2011-09-09T01:16:20Z,,iHiD,286476,https://avatars1.githubusercontent.com/u/286476?v=3
haml,haml,414,[Haml] Add support for Redcarpet markdown,2011-07-13T05:57:19Z,,caleywoods,402957,https://avatars3.githubusercontent.com/u/402957?v=3
haml,haml,413,Fix typo in gemspec,2011-07-10T15:02:42Z,2011-07-10T15:02:42Z,masterkain,12844,https://avatars2.githubusercontent.com/u/12844?v=3
haml,haml,409,Removed warnings from haml,2012-04-28T03:34:59Z,,joevandyk,1179,https://avatars1.githubusercontent.com/u/1179?v=3
haml,haml,408,Fixed broken links. Hashes are #options and #encodings,2012-04-30T14:16:59Z,,martinotten,60129,https://avatars1.githubusercontent.com/u/60129?v=3
haml,haml,407,Revert change that breaks ruby 1.8.6 support,2011-06-14T18:53:13Z,,retoo,37776,https://avatars3.githubusercontent.com/u/37776?v=3
haml,haml,398,Compatibility with rails head,2011-06-08T06:22:08Z,2011-06-08T06:22:08Z,brainopia,386,https://avatars3.githubusercontent.com/u/386?v=3
haml,haml,396,Allow using sass master and fixes #395,2012-04-28T03:38:00Z,,slbug,108694,https://avatars1.githubusercontent.com/u/108694?v=3
haml,haml,394,Haml should not complain about Sass 3.2,2012-04-28T03:39:13Z,,dbrock,14032,https://avatars2.githubusercontent.com/u/14032?v=3
haml,haml,386,Fix for issue 384,2012-04-30T14:17:56Z,,johnf,42590,https://avatars3.githubusercontent.com/u/42590?v=3
haml,haml,383,redcarpet support,2011-11-17T21:48:25Z,2011-11-17T21:48:25Z,brewster1134,217428,https://avatars2.githubusercontent.com/u/217428?v=3
haml,haml,371,Automatically convert -'s (hyphens) in HTML comments to something that doesn't result in an invalid comment ,2012-05-23T20:56:06Z,,tonycosentini,23467,https://avatars2.githubusercontent.com/u/23467?v=3
haml,haml,359,Fix compatibility problem with ruby 1.8,2012-04-28T03:45:32Z,2012-04-28T03:45:32Z,abeaumont,80059,https://avatars3.githubusercontent.com/u/80059?v=3
haml,haml,357,Html2haml default output,2012-04-29T16:14:29Z,,bryanwoods,18175,https://avatars3.githubusercontent.com/u/18175?v=3
haml,haml,348,Performance,2012-04-30T14:35:21Z,,ProTip,271965,https://avatars0.githubusercontent.com/u/271965?v=3
haml,haml,346,Memoize Utils::version_geq calls,2011-11-22T21:03:51Z,,cheald,9830,https://avatars0.githubusercontent.com/u/9830?v=3
haml,haml,337,jruby --1.9 issue with shadowed *args,2012-04-30T18:44:49Z,,micahalles,26382,https://avatars0.githubusercontent.com/u/26382?v=3
haml,haml,336,"Hi, found issue with jruby ",2012-04-30T18:45:03Z,,keekdageek,100838,https://avatars2.githubusercontent.com/u/100838?v=3
haml,haml,325,Removed monkey-patch to non-existant Hpricot class,2010-12-07T17:08:47Z,2010-12-07T17:08:47Z,kevmoo,17034,https://avatars1.githubusercontent.com/u/17034?v=3
haml,haml,323,Markdown options,2010-12-07T05:18:22Z,,bryan-ash,24777,https://avatars3.githubusercontent.com/u/24777?v=3
haml,haml,315,Offer an option for hyphen separators in object reference identifiers,2010-11-16T13:34:18Z,,ChristianPeters,56810,https://avatars3.githubusercontent.com/u/56810?v=3
haml,haml,309,Gem installation notice fixed.,2010-10-26T07:28:48Z,,jcxplorer,42855,https://avatars0.githubusercontent.com/u/42855?v=3
haml,haml,301,added :include filter,2010-10-13T06:16:22Z,,gpherguson,122640,https://avatars1.githubusercontent.com/u/122640?v=3
haml,haml,292,Stable,2010-10-04T23:23:49Z,,jacquescrocker,206662,https://avatars1.githubusercontent.com/u/206662?v=3
haml,haml,284,No need to use inject,2010-09-29T07:14:58Z,2010-09-29T07:14:58Z,MSNexploder,101456,https://avatars0.githubusercontent.com/u/101456?v=3
haml,haml,274,Keyword args,2010-10-05T20:40:01Z,,chriseppstein,1839,https://avatars0.githubusercontent.com/u/1839?v=3
haml,haml,273,Keyword args,2010-09-21T13:11:07Z,,chriseppstein,1839,https://avatars0.githubusercontent.com/u/1839?v=3
haml,haml,272,fixed some ruby 1.9.2 errors,2010-10-19T06:54:19Z,,chriseppstein,1839,https://avatars0.githubusercontent.com/u/1839?v=3
haml,haml,271,fixed some ruby 1.9.2 errors,2010-09-18T21:56:53Z,,chriseppstein,1839,https://avatars0.githubusercontent.com/u/1839?v=3
haml,haml,267,Remove Compiler#forbid_update?,2010-09-22T11:41:28Z,,thedarkone,15688,https://avatars0.githubusercontent.com/u/15688?v=3
haml,haml,265,Track original filename,2010-09-22T05:51:51Z,,chriseppstein,1839,https://avatars0.githubusercontent.com/u/1839?v=3
haml,haml,264,Allow arbitrary objects to be placed into the sass cache.,2010-09-22T05:51:51Z,2010-09-22T05:51:51Z,chriseppstein,1839,https://avatars0.githubusercontent.com/u/1839?v=3
haml,haml,261,X11 colors added on top of HTML4 colors,2010-10-19T05:10:42Z,,ghost,10137,https://avatars0.githubusercontent.com/u/10137?v=3
haml,haml,260,New Sass Function: if,2011-06-09T05:18:58Z,,chriseppstein,1839,https://avatars0.githubusercontent.com/u/1839?v=3
haml,haml,258,updated HTML4_COLORS to COLOR_NAMES (X11),2011-07-14T01:02:18Z,,ghost,10137,https://avatars0.githubusercontent.com/u/10137?v=3
haml,haml,256,Sass performance improvements,2010-10-03T23:55:02Z,,thedarkone,15688,https://avatars0.githubusercontent.com/u/15688?v=3
haml,haml,255,Plugin v2 - Importers,2010-09-13T07:10:44Z,2010-09-13T07:10:44Z,chriseppstein,1839,https://avatars0.githubusercontent.com/u/1839?v=3
