collectiveidea,delayed_job,968,Specify behaviour of a process with no queue option set,,,JasonBarnabe,583995,https://avatars0.githubusercontent.com/u/583995?v=3
collectiveidea,delayed_job,956,Be more explicity about WorkerTimeout Exception,,,amaierhofer,180780,https://avatars1.githubusercontent.com/u/180780?v=3
collectiveidea,delayed_job,952,use identifier and num option in same time,,,kenjiszk,7919474,https://avatars2.githubusercontent.com/u/7919474?v=3
collectiveidea,delayed_job,948,Fix cleanup! and prepare! Deprecations with Rails 5,,,atomaka,650603,https://avatars2.githubusercontent.com/u/650603?v=3
collectiveidea,delayed_job,947,Fixes #946 - Delayed Job fails if original object soft-deleted,,,aperkins81,1768005,https://avatars2.githubusercontent.com/u/1768005?v=3
collectiveidea,delayed_job,943,"Added option to disable hooks on job. I need this, since the class I'…",,,holgersindbaek,698979,https://avatars3.githubusercontent.com/u/698979?v=3
collectiveidea,delayed_job,939,Add callback on reservation of the job,,,piotrj,9296,https://avatars0.githubusercontent.com/u/9296?v=3
collectiveidea,delayed_job,936,Update run_process to bypass daemons if the run command is used.  ,,,sblackstone,131382,https://avatars1.githubusercontent.com/u/131382?v=3
collectiveidea,delayed_job,933,Add stage prefix to process names,,,StephaneRob,4135765,https://avatars2.githubusercontent.com/u/4135765?v=3
collectiveidea,delayed_job,932,Add stage prefix to process names,2016-08-17T09:03:51Z,,StephaneRob,4135765,https://avatars2.githubusercontent.com/u/4135765?v=3
collectiveidea,delayed_job,931,Require 'active_support' at first,,,mgi166,4336997,https://avatars0.githubusercontent.com/u/4336997?v=3
collectiveidea,delayed_job,930,Reload only on autoload path file changes,,,stuwil,2296959,https://avatars1.githubusercontent.com/u/2296959?v=3
collectiveidea,delayed_job,929,Use ActiveSupport::Reloader in Rails 5,,,stuwil,2296959,https://avatars1.githubusercontent.com/u/2296959?v=3
collectiveidea,delayed_job,928,Allow graceful interruption of worker sleep,,,romuloceccon,40032,https://avatars3.githubusercontent.com/u/40032?v=3
collectiveidea,delayed_job,926,Remove max_run_time support,2016-07-01T14:42:27Z,,exAspArk,577441,https://avatars1.githubusercontent.com/u/577441?v=3
collectiveidea,delayed_job,925,allow —-kill-waittime parameter to specify the kill timeout,,,lacco,17513,https://avatars1.githubusercontent.com/u/17513?v=3
collectiveidea,delayed_job,924,don't include ClassMethods with MessageSending,,,Kache,133218,https://avatars1.githubusercontent.com/u/133218?v=3
collectiveidea,delayed_job,922,Small warning cleanup,,,icco,20201,https://avatars2.githubusercontent.com/u/20201?v=3
collectiveidea,delayed_job,920,delete rails 2 comment,,,ota42y,6755375,https://avatars0.githubusercontent.com/u/6755375?v=3
collectiveidea,delayed_job,919,fix readme bundle exec,,,ota42y,6755375,https://avatars0.githubusercontent.com/u/6755375?v=3
collectiveidea,delayed_job,917,Adding the queue name to the log output,,,mledom,205515,https://avatars3.githubusercontent.com/u/205515?v=3
collectiveidea,delayed_job,916,Allow daemon-options to be passed through,2016-06-06T14:33:15Z,2016-06-06T14:33:15Z,rfroetscher,7364121,https://avatars3.githubusercontent.com/u/7364121?v=3
collectiveidea,delayed_job,909,add worker's queues to $0,,,rab,21304,https://avatars0.githubusercontent.com/u/21304?v=3
collectiveidea,delayed_job,908,force utf-8 encoding to account for umlaut in Tobias Lütke_s name,2016-04-08T16:38:09Z,,SputterPuttRedux,6538292,https://avatars2.githubusercontent.com/u/6538292?v=3
collectiveidea,delayed_job,907,Catch errors deserializing marshalled objects,,,afn,2779422,https://avatars2.githubusercontent.com/u/2779422?v=3
collectiveidea,delayed_job,905,Use rails 5.0.0.beta3 in travis,2016-04-06T21:33:57Z,,ianks,3303032,https://avatars3.githubusercontent.com/u/3303032?v=3
collectiveidea,delayed_job,901,exclude_queues and eval_queues,2016-04-01T20:06:41Z,,philister,118358,https://avatars3.githubusercontent.com/u/118358?v=3
collectiveidea,delayed_job,900,Provide ability to add signals that may stop the job.,,,mohitnatoo,10565622,https://avatars3.githubusercontent.com/u/10565622?v=3
collectiveidea,delayed_job,898,Do not log job removed when destroy_failed_jobs? is false,,,Zyphrax,966500,https://avatars0.githubusercontent.com/u/966500?v=3
collectiveidea,delayed_job,894,Log an error message when a deserialization error occurs,,,johnnaegle,1682292,https://avatars3.githubusercontent.com/u/1682292?v=3
collectiveidea,delayed_job,892,Add magic comment to gemspec (suggestion by @obskein) to fix umlaut char,2016-04-11T14:29:44Z,2016-04-11T14:29:44Z,johnnyshields,27655,https://avatars3.githubusercontent.com/u/27655?v=3
collectiveidea,delayed_job,884,updated queues attribute name in readme,,,jvenezia,3819893,https://avatars2.githubusercontent.com/u/3819893?v=3
collectiveidea,delayed_job,883,Remove umlaut from gemspec authors. Throws char encoding error on some systems,2016-02-22T15:23:27Z,,johnnyshields,27655,https://avatars3.githubusercontent.com/u/27655?v=3
collectiveidea,delayed_job,878,Add priority method to a job to override the default priority for that job,,,hampei,18834,https://avatars2.githubusercontent.com/u/18834?v=3
collectiveidea,delayed_job,877,Don't mutate the options hash,,,rap1ds,429876,https://avatars0.githubusercontent.com/u/429876?v=3
collectiveidea,delayed_job,876,Coerce object.tag to string in Psych extension (v3),,,ridiculous,1151682,https://avatars0.githubusercontent.com/u/1151682?v=3
collectiveidea,delayed_job,872,max parallel execution configurable for each queue,,,emmanueldelmas,1018806,https://avatars1.githubusercontent.com/u/1018806?v=3
collectiveidea,delayed_job,871,"allow specification of max run time per worker, from the command line",,,timaro,51800,https://avatars3.githubusercontent.com/u/51800?v=3
collectiveidea,delayed_job,867,Add failing test for Ruby 2.3 + Mongoid,2017-01-24T17:23:52Z,,maxjacobson,1421211,https://avatars2.githubusercontent.com/u/1421211?v=3
collectiveidea,delayed_job,865,Typo - Fix link to github issue,2015-12-28T19:31:21Z,2015-12-28T19:31:21Z,vyder,587136,https://avatars3.githubusercontent.com/u/587136?v=3
collectiveidea,delayed_job,864,With pid files,2015-11-24T00:01:49Z,,divoxx,2863,https://avatars1.githubusercontent.com/u/2863?v=3
collectiveidea,delayed_job,861,Add sleep_delay description,2015-12-28T19:35:32Z,2015-12-28T19:35:32Z,itskingori,703786,https://avatars1.githubusercontent.com/u/703786?v=3
collectiveidea,delayed_job,860,Recursively create daemons pid directory,2016-03-17T13:57:14Z,2016-03-17T13:57:14Z,bizrad6,1273837,https://avatars2.githubusercontent.com/u/1273837?v=3
collectiveidea,delayed_job,859,Don't output time in logs,2015-12-28T19:42:02Z,,obduk,734943,https://avatars3.githubusercontent.com/u/734943?v=3
collectiveidea,delayed_job,858,Don't use put if there is a logger,2015-12-28T19:46:16Z,,obduk,734943,https://avatars3.githubusercontent.com/u/734943?v=3
collectiveidea,delayed_job,855,"Fix for Syck YAML loading error: ""method 'load_dj'""",,,tanelj,378755,https://avatars2.githubusercontent.com/u/378755?v=3
collectiveidea,delayed_job,853,Only perform error callback when job really failed,,,maxjacobson,1421211,https://avatars2.githubusercontent.com/u/1421211?v=3
collectiveidea,delayed_job,852,Do not misinterpret log errors as job errors,2015-09-28T16:09:08Z,,maxjacobson,1421211,https://avatars2.githubusercontent.com/u/1421211?v=3
collectiveidea,delayed_job,851,Fix shared specs for back-ends that reload objects.,2015-09-24T21:24:13Z,2015-09-24T21:24:13Z,dblock,542335,https://avatars2.githubusercontent.com/u/542335?v=3
collectiveidea,delayed_job,848,Update version reference in README to 4.1.1,2015-09-25T13:24:47Z,2015-09-25T13:24:47Z,maxjacobson,1421211,https://avatars2.githubusercontent.com/u/1421211?v=3
collectiveidea,delayed_job,846,Fix worker crash on serialization error,2015-09-22T20:54:06Z,2015-09-22T20:54:06Z,pwnall,11460,https://avatars2.githubusercontent.com/u/11460?v=3
collectiveidea,delayed_job,845,Queue priority in config,2015-11-16T00:02:19Z,2015-11-16T00:02:19Z,ryannealmes,5302894,https://avatars3.githubusercontent.com/u/5302894?v=3
collectiveidea,delayed_job,838,fix #837 Use delayed_job.log as default logger file.,,,vijay-rs,10338033,https://avatars1.githubusercontent.com/u/10338033?v=3
collectiveidea,delayed_job,835,compatibility hack for jobs created pre rails 4.2,2015-11-17T08:33:34Z,,ignatiusreza,667726,https://avatars1.githubusercontent.com/u/667726?v=3
collectiveidea,delayed_job,834,Update tasks.rb,2015-07-08T13:54:26Z,,baweaver,979723,https://avatars1.githubusercontent.com/u/979723?v=3
collectiveidea,delayed_job,833,Allow Rails 5,,,pwnall,11460,https://avatars2.githubusercontent.com/u/11460?v=3
collectiveidea,delayed_job,831,Update README.md - document delay params,2015-09-14T18:29:39Z,2015-09-14T18:29:39Z,nruth,26158,https://avatars2.githubusercontent.com/u/26158?v=3
collectiveidea,delayed_job,826,Fix rubocop errors,2015-09-14T18:27:55Z,,raszi,76983,https://avatars1.githubusercontent.com/u/76983?v=3
collectiveidea,delayed_job,825,Do not use ClassMethods constant name when extending Object,,,raszi,76983,https://avatars1.githubusercontent.com/u/76983?v=3
collectiveidea,delayed_job,817,Invoke after callbacks in reverse order - Issue #713,,,bigloser,90080,https://avatars3.githubusercontent.com/u/90080?v=3
collectiveidea,delayed_job,815,Rescue exception in worker (now with fixed rubocop warning),2015-09-14T21:10:37Z,2015-09-14T21:10:37Z,elitau,19110,https://avatars0.githubusercontent.com/u/19110?v=3
collectiveidea,delayed_job,814,Rescue Exception instead of StandardError in worker,2015-05-26T14:31:33Z,,elitau,19110,https://avatars0.githubusercontent.com/u/19110?v=3
collectiveidea,delayed_job,803,Catch DeserializationError in destroy_failed_jobs,2015-09-22T18:10:21Z,,jdelStrother,2377,https://avatars2.githubusercontent.com/u/2377?v=3
collectiveidea,delayed_job,801,Proposal: singleton delayed jobs.,2015-04-22T16:04:11Z,,dblock,542335,https://avatars2.githubusercontent.com/u/542335?v=3
collectiveidea,delayed_job,795,Running Jobs Section Assumes Rails 4,,,morenoh149,587438,https://avatars1.githubusercontent.com/u/587438?v=3
collectiveidea,delayed_job,791,Only execute the dj-command if cd is successful,2015-04-02T14:26:41Z,2015-04-02T14:26:41Z,kronn,72198,https://avatars0.githubusercontent.com/u/72198?v=3
collectiveidea,delayed_job,780,Point ActiveRecord to the same log as the delayed job log,2015-02-16T15:05:47Z,,shyam-habarakada,601660,https://avatars2.githubusercontent.com/u/601660?v=3
collectiveidea,delayed_job,777,Set quiet from the environment,2015-04-02T14:09:49Z,2015-04-02T14:09:49Z,isra17,1420974,https://avatars3.githubusercontent.com/u/1420974?v=3
collectiveidea,delayed_job,773,Make Delayed::Worker.new idempotent,2015-01-30T19:10:20Z,2015-01-30T19:10:20Z,brianhempel,506950,https://avatars3.githubusercontent.com/u/506950?v=3
collectiveidea,delayed_job,771,Catch all kinds of `Exception` not `StandardError` only,2015-01-20T09:21:51Z,,knapo,63880,https://avatars2.githubusercontent.com/u/63880?v=3
collectiveidea,delayed_job,770,Add ability to set destroy failed jobs on a per job basis,2015-03-06T15:59:43Z,2015-03-06T15:59:43Z,edgibbs,100718,https://avatars0.githubusercontent.com/u/100718?v=3
collectiveidea,delayed_job,769,"Rescue all exceptions, re-raise as a StandardError",2015-01-15T18:45:18Z,,maxjacobson,1421211,https://avatars2.githubusercontent.com/u/1421211?v=3
collectiveidea,delayed_job,768,Add more information to Rails 4 in README,2015-04-02T14:42:58Z,2015-04-02T14:42:58Z,derwiki,155087,https://avatars0.githubusercontent.com/u/155087?v=3
collectiveidea,delayed_job,764,"Edit readme - It would help new users, since the order of topics is a bit jumbled",2015-01-05T15:36:12Z,,jaspreet21anand,1137783,https://avatars1.githubusercontent.com/u/1137783?v=3
collectiveidea,delayed_job,760,Allow delay_jobs configuration to be a proc,2015-04-02T15:04:01Z,2015-04-02T15:04:01Z,cluesque,41015,https://avatars2.githubusercontent.com/u/41015?v=3
collectiveidea,delayed_job,759,"Allow a queue name of NULL to mean ""do jobs with no queue specified""",2014-12-22T18:49:55Z,,cluesque,41015,https://avatars2.githubusercontent.com/u/41015?v=3
collectiveidea,delayed_job,758,Rails version,2014-12-22T12:42:18Z,,BjoernKW,125270,https://avatars1.githubusercontent.com/u/125270?v=3
collectiveidea,delayed_job,757,Resolves incompatibility with obfuscate_id,2014-12-21T09:52:49Z,,McGeekiest,2857572,https://avatars0.githubusercontent.com/u/2857572?v=3
collectiveidea,delayed_job,755,Support Rails 4.2,2014-12-22T12:16:41Z,2014-12-22T12:16:41Z,eitoball,34205,https://avatars3.githubusercontent.com/u/34205?v=3
collectiveidea,delayed_job,754,handle_asynchronously on class method in LongTasks,2014-12-22T12:43:00Z,2014-12-22T12:43:00Z,rdpoor,1796161,https://avatars0.githubusercontent.com/u/1796161?v=3
collectiveidea,delayed_job,752,Document how to add handle_asynchronously to a class method,2014-12-19T15:28:42Z,2014-12-19T15:28:42Z,rdpoor,1796161,https://avatars0.githubusercontent.com/u/1796161?v=3
collectiveidea,delayed_job,750,Protect from monkey patched ActiveRecord::Base.find,2015-04-02T15:08:19Z,,jmh,340972,https://avatars0.githubusercontent.com/u/340972?v=3
collectiveidea,delayed_job,742,Destroy failed jobs option,2015-04-02T15:08:40Z,,knoxknox,509484,https://avatars1.githubusercontent.com/u/509484?v=3
collectiveidea,delayed_job,738,Add support for max_attempts option using .delay syntax,2015-04-02T15:10:24Z,,nielsbuus,3750087,https://avatars2.githubusercontent.com/u/3750087?v=3
collectiveidea,delayed_job,737,Missing 'unscoped' in psych_ext,,,oseiskar,1812432,https://avatars3.githubusercontent.com/u/1812432?v=3
collectiveidea,delayed_job,733,Fix undefined local variable or method `klass',2014-12-19T15:19:05Z,2014-12-19T15:19:05Z,neilgupta,745462,https://avatars3.githubusercontent.com/u/745462?v=3
collectiveidea,delayed_job,731,Assign the error object to the job on failure,2015-04-02T14:11:37Z,2015-04-02T14:11:37Z,isra17,1420974,https://avatars3.githubusercontent.com/u/1420974?v=3
collectiveidea,delayed_job,729,pass the perform() return to success() callback,2014-10-29T06:21:53Z,,samchen2009,2524725,https://avatars0.githubusercontent.com/u/2524725?v=3
collectiveidea,delayed_job,725,Add an --ontop arg to keep the process alive for heroku,2014-10-09T15:42:02Z,,joshco,290314,https://avatars2.githubusercontent.com/u/290314?v=3
collectiveidea,delayed_job,721,pass the exception to failure hook,2014-12-21T23:15:47Z,,Nowaker,611746,https://avatars2.githubusercontent.com/u/611746?v=3
collectiveidea,delayed_job,720,Update README.md - document reschedule_at,2014-10-09T15:20:09Z,2014-10-09T15:20:09Z,Nowaker,611746,https://avatars2.githubusercontent.com/u/611746?v=3
collectiveidea,delayed_job,719,Update README.md,2014-10-05T22:33:07Z,2014-10-05T22:33:07Z,Nowaker,611746,https://avatars2.githubusercontent.com/u/611746?v=3
collectiveidea,delayed_job,717,A limited attempt at automatic code reloading,2014-10-09T18:25:45Z,2014-10-09T18:25:45Z,albus522,7812,https://avatars1.githubusercontent.com/u/7812?v=3
collectiveidea,delayed_job,710,Separate yaml,2014-09-24T13:06:07Z,2014-09-24T13:06:07Z,albus522,7812,https://avatars1.githubusercontent.com/u/7812?v=3
collectiveidea,delayed_job,709,Pluck emails instead of find/collect,2014-09-23T14:10:00Z,2014-09-23T14:10:00Z,garethrees,282788,https://avatars2.githubusercontent.com/u/282788?v=3
collectiveidea,delayed_job,700,Set handler in enqueue correctly,2014-09-24T14:06:38Z,,kilaulena,25003,https://avatars3.githubusercontent.com/u/25003?v=3
collectiveidea,delayed_job,695,Bring back 3.0,2014-09-04T16:47:56Z,2014-09-04T16:47:56Z,albus522,7812,https://avatars1.githubusercontent.com/u/7812?v=3
collectiveidea,delayed_job,694,Fix logging in signal handler,2014-09-24T14:44:38Z,,lionello,591860,https://avatars3.githubusercontent.com/u/591860?v=3
collectiveidea,delayed_job,692,Get specs running under rails 4.2.0.beta-1,2014-09-18T21:00:14Z,,johnnaegle,1682292,https://avatars3.githubusercontent.com/u/1682292?v=3
collectiveidea,delayed_job,689,Address tests failures under Rails 4.2.0.beta1 - ,2014-08-28T15:24:43Z,2014-08-28T15:24:43Z,johnnaegle,1682292,https://avatars3.githubusercontent.com/u/1682292?v=3
collectiveidea,delayed_job,688,Add encoding back to gemspec,2014-08-25T21:50:44Z,,JMcG,10290,https://avatars3.githubusercontent.com/u/10290?v=3
collectiveidea,delayed_job,685,Improved error reporting when deserializing a non-existent record,2014-09-04T16:10:36Z,,tompave,2141406,https://avatars2.githubusercontent.com/u/2141406?v=3
collectiveidea,delayed_job,683,Add syntax highlighting to config code docs,2014-08-05T21:10:35Z,2014-08-05T21:10:35Z,adarsh,913757,https://avatars3.githubusercontent.com/u/913757?v=3
collectiveidea,delayed_job,681,Bugfix for `encode_with_override` psych extension,2014-08-07T21:17:31Z,2014-08-07T21:17:31Z,BMorearty,16927,https://avatars1.githubusercontent.com/u/16927?v=3
collectiveidea,delayed_job,679,Remove Psych deserialization extensions,2014-08-07T21:00:02Z,2014-08-07T21:00:02Z,scpike,536381,https://avatars2.githubusercontent.com/u/536381?v=3
collectiveidea,delayed_job,672,allow mail rendering at delay time,,,hqm42,831433,https://avatars2.githubusercontent.com/u/831433?v=3
collectiveidea,delayed_job,669,Added sleep_delay and read_ahead to options for rake tasks.,2014-09-24T14:12:01Z,2014-09-24T14:12:01Z,michaelboutros,6253,https://avatars3.githubusercontent.com/u/6253?v=3
collectiveidea,delayed_job,668,Develop,2014-06-16T16:57:21Z,,jwg2s,832769,https://avatars2.githubusercontent.com/u/832769?v=3
collectiveidea,delayed_job,667,Updated Capistrano Recipe For Rails 4,2014-09-19T20:57:17Z,,sdogruyol,990485,https://avatars3.githubusercontent.com/u/990485?v=3
collectiveidea,delayed_job,661,Added error handling when job fails permanently and failure callback rai...,2014-07-07T14:01:15Z,2014-07-07T14:01:15Z,denisahearn,123218,https://avatars2.githubusercontent.com/u/123218?v=3
collectiveidea,delayed_job,655,"Show object when throwing ""non-persisted record"" error",2014-09-23T14:00:17Z,2014-09-23T14:00:17Z,Dorian,129149,https://avatars0.githubusercontent.com/u/129149?v=3
collectiveidea,delayed_job,653,configurable default log level,2014-09-24T14:44:16Z,2014-09-24T14:44:16Z,jonaphin,3368,https://avatars0.githubusercontent.com/u/3368?v=3
collectiveidea,delayed_job,647,Change activesupport dependency to < 4.2,2014-04-09T21:49:11Z,2014-04-09T21:49:11Z,MSch,7475,https://avatars0.githubusercontent.com/u/7475?v=3
collectiveidea,delayed_job,646,* Modify the Worker#say method to be able to handle other loggers like Syslog/Log4r,2014-04-09T21:49:11Z,2014-04-09T21:49:11Z,xrx,27168,https://avatars2.githubusercontent.com/u/27168?v=3
collectiveidea,delayed_job,645,Change capistrano recipe to detect correct folder depending on Rails version,2014-04-04T15:05:13Z,,WvanLelyveld,170640,https://avatars3.githubusercontent.com/u/170640?v=3
collectiveidea,delayed_job,642,Silence activesupport 4.1.x deprecation warnings.,2014-04-09T21:40:14Z,,olivierlacan,65950,https://avatars3.githubusercontent.com/u/65950?v=3
collectiveidea,delayed_job,641,Try to load `payload_object` created with `YAML::syck` parser,2014-09-19T21:06:02Z,,radiohead,804299,https://avatars2.githubusercontent.com/u/804299?v=3
collectiveidea,delayed_job,640,Require 'active_support/core_ext/module/attribute_accessors' instead of ...,2014-04-09T21:41:11Z,,Hirurg103,2171773,https://avatars2.githubusercontent.com/u/2171773?v=3
collectiveidea,delayed_job,638,do not subclass Struct class (update in README),2014-04-09T21:42:55Z,2014-04-09T21:42:55Z,sergey-alekseev,2371639,https://avatars0.githubusercontent.com/u/2371639?v=3
collectiveidea,delayed_job,637,do not subclass Struct class (update in README),2014-03-20T13:50:27Z,,sergey-alekseev,2371639,https://avatars0.githubusercontent.com/u/2371639?v=3
collectiveidea,delayed_job,634,Altered Delayed::Command to work with or without Rails,2015-02-15T03:13:36Z,2015-02-15T03:13:36Z,bethesque,446228,https://avatars2.githubusercontent.com/u/446228?v=3
collectiveidea,delayed_job,632,Readme around raise_signal_exceptions option,2014-09-24T14:44:15Z,2014-09-24T14:44:15Z,joelr,17657,https://avatars2.githubusercontent.com/u/17657?v=3
collectiveidea,delayed_job,630,Delayed job for psych,2014-09-24T14:40:05Z,,APShirley,677188,https://avatars3.githubusercontent.com/u/677188?v=3
collectiveidea,delayed_job,629,Make yaml to handle anchor aliased class correctly,2014-09-19T21:22:12Z,,awakia,272083,https://avatars0.githubusercontent.com/u/272083?v=3
collectiveidea,delayed_job,627,Update Travis settings for Rubinius.,2014-04-09T22:14:05Z,2014-04-09T22:14:05Z,brixen,85,https://avatars2.githubusercontent.com/u/85?v=3
collectiveidea,delayed_job,625,Use Thread.new to log in the Worker.start signal handler,2014-09-24T14:44:43Z,,christophermanning,289331,https://avatars1.githubusercontent.com/u/289331?v=3
collectiveidea,delayed_job,615,monitor children and re-fork when they exit,,,dgobaud,240811,https://avatars3.githubusercontent.com/u/240811?v=3
collectiveidea,delayed_job,614,Defined missing class Delayed::FatalBackendError,2014-04-09T22:17:41Z,2014-04-09T22:17:41Z,bethesque,446228,https://avatars2.githubusercontent.com/u/446228?v=3
collectiveidea,delayed_job,613,Update to work with ActiveSupport 4.1,2014-04-09T22:12:10Z,,calvincorreli,7728,https://avatars3.githubusercontent.com/u/7728?v=3
collectiveidea,delayed_job,612,Fix YAML deserialization of anonymous structs,2014-09-24T13:06:08Z,2014-09-24T13:06:08Z,splattael,28908,https://avatars0.githubusercontent.com/u/28908?v=3
collectiveidea,delayed_job,609,Bugfix for encode_with_override psych extension,2014-08-07T21:17:31Z,,ehsanul,49203,https://avatars3.githubusercontent.com/u/49203?v=3
collectiveidea,delayed_job,608,Object#extend is a public method,2014-04-09T22:20:58Z,2014-04-09T22:20:58Z,amatsuda,11493,https://avatars3.githubusercontent.com/u/11493?v=3
collectiveidea,delayed_job,607,Add to call 'enqueue' hook when Delayed::Worker.delay_job is false,2014-09-19T21:28:44Z,,MihailDV,107274,https://avatars2.githubusercontent.com/u/107274?v=3
collectiveidea,delayed_job,606,"Added --pool option, so that multiple worker pools can be defined with different queues and numbers of workers.",2014-08-07T21:26:16Z,2014-08-07T21:26:16Z,ndbroadbent,139536,https://avatars1.githubusercontent.com/u/139536?v=3
collectiveidea,delayed_job,603,Clarify that IDs are unnecessary,2014-09-24T17:27:55Z,,gabebw,257678,https://avatars0.githubusercontent.com/u/257678?v=3
collectiveidea,delayed_job,602,Use IDs in README,2013-11-20T18:08:53Z,,gabebw,257678,https://avatars0.githubusercontent.com/u/257678?v=3
collectiveidea,delayed_job,600,Use ActiveRecord#persisted? instead of ActiveRecord#new_record?,2014-04-09T22:28:44Z,2014-04-09T22:28:44Z,tubaxenor,1394393,https://avatars3.githubusercontent.com/u/1394393?v=3
collectiveidea,delayed_job,598,Adds note about running delayed mailer,2013-11-15T14:47:58Z,2013-11-15T14:47:58Z,beerlington,77580,https://avatars3.githubusercontent.com/u/77580?v=3
collectiveidea,delayed_job,597,Change require to rails/generators/base,2014-09-24T14:45:57Z,2014-09-24T14:45:57Z,jrhorn424,388761,https://avatars1.githubusercontent.com/u/388761?v=3
collectiveidea,delayed_job,591,Fix the link for backends wiki page in README.md,2013-10-16T13:49:31Z,2013-10-16T13:49:31Z,prakashmurthy,295689,https://avatars0.githubusercontent.com/u/295689?v=3
collectiveidea,delayed_job,590,No longer recommend inheriting from Struct.new,2014-04-10T00:02:35Z,,benjaminoakes,5323,https://avatars0.githubusercontent.com/u/5323?v=3
collectiveidea,delayed_job,589,Deserialize BigDecimal correctly from YAML using Psych,2014-08-07T21:00:35Z,,jarmo,174160,https://avatars0.githubusercontent.com/u/174160?v=3
collectiveidea,delayed_job,583,"[#475] Add custom Psych Visitor's behavior only for Delayed, not globally",2014-09-24T14:04:30Z,,brennovich,379894,https://avatars2.githubusercontent.com/u/379894?v=3
collectiveidea,delayed_job,580,fix one character typo,2013-09-18T21:23:50Z,2013-09-18T21:23:50Z,mutley,517527,https://avatars2.githubusercontent.com/u/517527?v=3
collectiveidea,delayed_job,576,Added Delayed::Job.current_rate and rake task jobs:current_rate,2014-09-24T14:47:07Z,,romanlehnert,414195,https://avatars3.githubusercontent.com/u/414195?v=3
collectiveidea,delayed_job,574,Adding job-specific #max_run_time value,2014-09-24T14:56:16Z,2014-09-24T14:56:16Z,nickveys,135576,https://avatars0.githubusercontent.com/u/135576?v=3
collectiveidea,delayed_job,573,Adding job-specific #max_run_time value,2013-09-06T15:43:38Z,,nickveys,135576,https://avatars0.githubusercontent.com/u/135576?v=3
collectiveidea,delayed_job,570,Fix for capistrano recipe for change in directory of command,2013-09-05T13:51:23Z,,alisyed,237026,https://avatars2.githubusercontent.com/u/237026?v=3
collectiveidea,delayed_job,566,Add :on_no_matching_servers to capistrano tasks.,2014-09-24T14:59:33Z,,Juanmcuello,112913,https://avatars2.githubusercontent.com/u/112913?v=3
collectiveidea,delayed_job,565,Support forking of workers (rake jobs:work NUM_PROCESSES=3),2014-09-24T15:03:04Z,,wkonkel,26543,https://avatars1.githubusercontent.com/u/26543?v=3
collectiveidea,delayed_job,563,Update README.md,2013-08-21T13:58:14Z,2013-08-21T13:58:14Z,klochner,43560,https://avatars0.githubusercontent.com/u/43560?v=3
collectiveidea,delayed_job,559,Fix capistrano recipe for Rails4-compatibility,2013-08-07T06:25:56Z,,Radanisk,814173,https://avatars1.githubusercontent.com/u/814173?v=3
collectiveidea,delayed_job,555,Fix using Struct,2014-04-13T10:13:37Z,,releu,348907,https://avatars1.githubusercontent.com/u/348907?v=3
collectiveidea,delayed_job,547,Allow to set a default queue name for custom jobs,2014-09-24T17:02:36Z,2014-09-24T17:02:36Z,omerisimo,1992778,https://avatars3.githubusercontent.com/u/1992778?v=3
collectiveidea,delayed_job,546,Use the appropiate executable folder on the capistrano recipe,2014-09-24T14:06:23Z,,lleirborras,34919,https://avatars1.githubusercontent.com/u/34919?v=3
collectiveidea,delayed_job,541,Point to Rails 4 in travis settings,2013-07-10T19:24:53Z,,tiegz,5054,https://avatars1.githubusercontent.com/u/5054?v=3
collectiveidea,delayed_job,540,Update some rspec methods that warn of deprecations.,2013-07-10T17:01:19Z,2013-07-10T17:01:19Z,tiegz,5054,https://avatars1.githubusercontent.com/u/5054?v=3
collectiveidea,delayed_job,539,Pointing to Rails 4.0.0,2013-07-10T14:58:31Z,,tiegz,5054,https://avatars1.githubusercontent.com/u/5054?v=3
collectiveidea,delayed_job,537,Suggestion of fix for issue #536 - DJ dies if there is an exception during job reservation,2013-07-30T17:41:21Z,2013-07-30T17:41:21Z,mgomes1,3608340,https://avatars0.githubusercontent.com/u/3608340?v=3
collectiveidea,delayed_job,529,Add default queue name to README,2013-06-02T15:12:46Z,2013-06-02T15:12:46Z,brocktimus,2103728,https://avatars0.githubusercontent.com/u/2103728?v=3
collectiveidea,delayed_job,520,"If DelayedJob is running on Rails 4, use 'bin' directory for script generator",2013-05-21T15:25:40Z,,semenyukdmitry,964084,https://avatars3.githubusercontent.com/u/964084?v=3
collectiveidea,delayed_job,519,Update README.md,2013-05-21T15:34:22Z,2013-05-21T15:34:22Z,gpai-mdsol,1851933,https://avatars0.githubusercontent.com/u/1851933?v=3
collectiveidea,delayed_job,517,Add jobs:check rake task to test for liveness.,2013-05-12T06:54:51Z,2013-05-12T06:54:51Z,mmb,24275,https://avatars0.githubusercontent.com/u/24275?v=3
collectiveidea,delayed_job,508,Log more information about jobs being run,2013-04-08T11:16:03Z,2013-04-08T11:16:03Z,aripollak,451345,https://avatars0.githubusercontent.com/u/451345?v=3
collectiveidea,delayed_job,507,Documented _without_delay feature,2013-04-30T16:18:15Z,2013-04-30T16:18:15Z,pjungwir,660353,https://avatars3.githubusercontent.com/u/660353?v=3
collectiveidea,delayed_job,504,Added missing Ruby highlighting to README.md,2013-04-08T11:13:16Z,2013-04-08T11:13:16Z,parndt,10128,https://avatars0.githubusercontent.com/u/10128?v=3
collectiveidea,delayed_job,502,Adding information about restarting delayed jobs,2013-04-30T16:21:58Z,2013-04-30T16:21:58Z,YesThatAllen,2879972,https://avatars0.githubusercontent.com/u/2879972?v=3
collectiveidea,delayed_job,501,Replace script/delayed_job with bin/delayed_job for Rails 4 compatbility,2013-05-21T15:25:24Z,,tatey,19860,https://avatars3.githubusercontent.com/u/19860?v=3
collectiveidea,delayed_job,490,support for rails 4.0,2013-03-02T22:26:37Z,2013-03-02T22:26:37Z,hasimo,26832,https://avatars1.githubusercontent.com/u/26832?v=3
collectiveidea,delayed_job,489,Add permanent failure hook,2013-02-25T21:46:02Z,,hderms,833575,https://avatars1.githubusercontent.com/u/833575?v=3
collectiveidea,delayed_job,486,updated coverage badge image / url,2013-02-23T23:18:46Z,2013-02-23T23:18:46Z,nickmerwin,1129,https://avatars2.githubusercontent.com/u/1129?v=3
collectiveidea,delayed_job,485,Added code coverage badge.,2013-02-23T21:14:19Z,2013-02-23T21:14:19Z,nickmerwin,1129,https://avatars2.githubusercontent.com/u/1129?v=3
collectiveidea,delayed_job,483,Fixes a adjustedment made to the YAML part of Ruby,2013-05-31T19:04:16Z,2013-05-31T19:04:16Z,davidakachaos,63843,https://avatars1.githubusercontent.com/u/63843?v=3
collectiveidea,delayed_job,479,Use AR#attributes instead of the instance variable,2013-02-15T16:15:41Z,2013-02-15T16:15:41Z,ngan,16579,https://avatars3.githubusercontent.com/u/16579?v=3
collectiveidea,delayed_job,474,Work off result fix,2013-02-03T22:20:53Z,,aarongowatch,585037,https://avatars2.githubusercontent.com/u/585037?v=3
collectiveidea,delayed_job,472,Make raising signal exceptions a configurable option,2013-01-28T19:41:59Z,2013-01-28T19:41:59Z,albus522,7812,https://avatars1.githubusercontent.com/u/7812?v=3
collectiveidea,delayed_job,471,Implement the ability to run all available jobs and exit,2013-01-28T19:41:58Z,2013-01-28T19:41:58Z,albus522,7812,https://avatars1.githubusercontent.com/u/7812?v=3
collectiveidea,delayed_job,468,Fix issue #382,2014-09-24T17:16:35Z,2014-09-24T17:16:35Z,jshraibman-mdsol,1839991,https://avatars1.githubusercontent.com/u/1839991?v=3
collectiveidea,delayed_job,466,Support for not_queues,2014-09-24T17:30:42Z,,arjes,200498,https://avatars3.githubusercontent.com/u/200498?v=3
collectiveidea,delayed_job,464,loosen gem version contstraints to allow for rails 4 beta testing,2013-09-04T15:29:20Z,,pboling,19505,https://avatars2.githubusercontent.com/u/19505?v=3
collectiveidea,delayed_job,460,Rescue from SyntaxError when deserializing YAML,2014-09-24T17:23:32Z,2014-09-24T17:23:32Z,wok,445800,https://avatars1.githubusercontent.com/u/445800?v=3
collectiveidea,delayed_job,459,Add no-wait and force-kill-waittime options to Delayed::Comand,,,pacoguzman,10926,https://avatars2.githubusercontent.com/u/10926?v=3
collectiveidea,delayed_job,458,Add rake jobs:work_once. A one-off task that runs everything in the queue and exits.,2013-01-24T20:40:33Z,,wilg,54353,https://avatars2.githubusercontent.com/u/54353?v=3
collectiveidea,delayed_job,457,"Allow queue name of NULL to mean ""this worker can do jobs with no queue specified""",2014-12-22T16:21:55Z,,cluesque,41015,https://avatars2.githubusercontent.com/u/41015?v=3
collectiveidea,delayed_job,454,Changes to psych_ext to support data_mapper YAML deserialization,2012-11-23T19:02:20Z,2012-11-23T19:02:20Z,tpitale,163,https://avatars2.githubusercontent.com/u/163?v=3
collectiveidea,delayed_job,452,Composite keys implementation,2014-09-24T17:40:14Z,,HoneyryderChuck,215707,https://avatars0.githubusercontent.com/u/215707?v=3
collectiveidea,delayed_job,451,Composite keys Support,2012-11-15T15:26:27Z,,HoneyryderChuck,215707,https://avatars0.githubusercontent.com/u/215707?v=3
collectiveidea,delayed_job,450,[ attached pull request to issue #449 ],2012-11-15T14:57:27Z,,HoneyryderChuck,215707,https://avatars0.githubusercontent.com/u/215707?v=3
collectiveidea,delayed_job,448,Require rspec ~> 2.11,2012-11-15T16:01:09Z,2012-11-15T16:01:09Z,christophermanning,289331,https://avatars1.githubusercontent.com/u/289331?v=3
collectiveidea,delayed_job,447,Allow the ability to modify script command ie bundle exec script/delayed_job,2012-11-09T15:45:05Z,2012-11-09T15:45:05Z,ruby-fu-ninja,367357,https://avatars2.githubusercontent.com/u/367357?v=3
collectiveidea,delayed_job,446,Fix Delayed::PerformableMethod#display_name to handle class methods,2014-09-24T17:46:23Z,2014-09-24T17:46:23Z,chendo,2661,https://avatars0.githubusercontent.com/u/2661?v=3
collectiveidea,delayed_job,442,Quickstart section for README,2014-09-24T17:50:18Z,,phildarnowsky,9827,https://avatars1.githubusercontent.com/u/9827?v=3
collectiveidea,delayed_job,440,Removing AR2 compat. DJ3 only claims to work with Rails 3+,2012-11-05T22:32:51Z,2012-11-05T22:32:51Z,rwz,129043,https://avatars1.githubusercontent.com/u/129043?v=3
collectiveidea,delayed_job,438,Fixes the Travis CI Status link in the readme,2012-11-03T21:37:17Z,2012-11-03T21:37:17Z,ryanatwork,437339,https://avatars0.githubusercontent.com/u/437339?v=3
collectiveidea,delayed_job,432,fixes https://github.com/collectiveidea/delayed_job/issues/212 ,2014-09-24T17:52:10Z,2014-09-24T17:52:10Z,saten,298621,https://avatars2.githubusercontent.com/u/298621?v=3
collectiveidea,delayed_job,429,Unlock jobs after worker crash - with ruby 1.8.7 compatibility for DJ V3,2014-09-24T18:06:46Z,,jeffdeville,131664,https://avatars2.githubusercontent.com/u/131664?v=3
collectiveidea,delayed_job,418,Fix deserialization error crash,2014-09-24T18:05:49Z,,nazgob,44290,https://avatars2.githubusercontent.com/u/44290?v=3
collectiveidea,delayed_job,416,Version bump to turn on default_queue_name,2013-09-04T15:50:43Z,,kellysutton,47004,https://avatars0.githubusercontent.com/u/47004?v=3
collectiveidea,delayed_job,414,Remove unnecessary curly brace from last_error.,2012-11-05T15:55:44Z,2012-11-05T15:55:44Z,bootleq,156608,https://avatars1.githubusercontent.com/u/156608?v=3
collectiveidea,delayed_job,413,more useful log message for delayed mailer,2014-09-24T18:03:38Z,,codesnik,4512,https://avatars2.githubusercontent.com/u/4512?v=3
collectiveidea,delayed_job,412,Update documentation for --sleep-delay,2012-11-05T15:27:55Z,,needfeed,708949,https://avatars0.githubusercontent.com/u/708949?v=3
collectiveidea,delayed_job,410,Posible fix for #409,2012-08-21T07:49:43Z,,troex,436912,https://avatars2.githubusercontent.com/u/436912?v=3
collectiveidea,delayed_job,408,Add max_run_time info to Timeout::Error exception,2012-11-15T16:00:06Z,2012-11-15T16:00:06Z,christophermanning,289331,https://avatars1.githubusercontent.com/u/289331?v=3
collectiveidea,delayed_job,407,Fix premature db access,2014-09-24T18:03:05Z,,betamatt,23032,https://avatars2.githubusercontent.com/u/23032?v=3
collectiveidea,delayed_job,400,Fix misspelt option in capistrano example,2012-06-05T15:16:42Z,,wesgarrison,7661,https://avatars0.githubusercontent.com/u/7661?v=3
collectiveidea,delayed_job,394,Add group.  Add note about /bin/su,2012-11-05T18:45:14Z,2012-11-05T18:45:14Z,ronen,125620,https://avatars1.githubusercontent.com/u/125620?v=3
collectiveidea,delayed_job,393,Adding permit_unpersisted flag to enable Delayed::Job creation via before_save or similar callbacks,2012-05-30T04:20:16Z,,aarongowatch,585037,https://avatars2.githubusercontent.com/u/585037?v=3
collectiveidea,delayed_job,392,Add flag that enables Delayed::Job records to optionally be created with `before_save` callbacks,2012-04-26T21:27:25Z,,aarongowatch,585037,https://avatars2.githubusercontent.com/u/585037?v=3
collectiveidea,delayed_job,386,Errored jobs retry immediately in batches of two,2012-11-05T20:39:17Z,,pauldoerwald,18606,https://avatars1.githubusercontent.com/u/18606?v=3
collectiveidea,delayed_job,384,Parallelize stop and restart to be faster with many workers,2013-05-12T06:53:13Z,2013-05-12T06:53:13Z,alexisbernard,21440,https://avatars0.githubusercontent.com/u/21440?v=3
collectiveidea,delayed_job,383,Bug in job unlock method,2012-11-05T19:23:47Z,,yspro,137479,https://avatars0.githubusercontent.com/u/137479?v=3
collectiveidea,delayed_job,374,Development mode,2012-04-04T13:16:00Z,,aderyabin,88676,https://avatars2.githubusercontent.com/u/88676?v=3
collectiveidea,delayed_job,369,added check for bad alias,2012-11-05T20:45:24Z,,patrick99e99,28946,https://avatars3.githubusercontent.com/u/28946?v=3
collectiveidea,delayed_job,368,ActiveRecord must not be loaded when using Mongoid backend,2012-03-22T17:27:30Z,2012-03-22T17:27:30Z,unnu,5039,https://avatars1.githubusercontent.com/u/5039?v=3
collectiveidea,delayed_job,366,One line fix for a missing 'benchmark' require,2012-03-21T18:28:08Z,2012-03-21T18:28:08Z,atotic,127453,https://avatars1.githubusercontent.com/u/127453?v=3
collectiveidea,delayed_job,360,added gem 'daemons' as runtime dependency,2012-02-29T19:24:44Z,,duksis,222101,https://avatars2.githubusercontent.com/u/222101?v=3
collectiveidea,delayed_job,359,Make failed? method return a bool.,2012-02-24T12:56:30Z,,mcfiredrill,66243,https://avatars3.githubusercontent.com/u/66243?v=3
collectiveidea,delayed_job,357,Backport named queues to v2.0,2012-02-27T03:53:07Z,,johndouthat,40605,https://avatars3.githubusercontent.com/u/40605?v=3
collectiveidea,delayed_job,355,"""Can't mass-assign protected attributes:"" on custom attributes",2012-02-15T20:47:27Z,,duksis,222101,https://avatars2.githubusercontent.com/u/222101?v=3
collectiveidea,delayed_job,352,Default Queue,2012-06-05T15:09:15Z,,maletor,138785,https://avatars1.githubusercontent.com/u/138785?v=3
collectiveidea,delayed_job,347,Add ability to specify default queue name. ,2012-02-08T18:57:10Z,,smcpherson,12295,https://avatars2.githubusercontent.com/u/12295?v=3
collectiveidea,delayed_job,344,Removes nil guard that causes silent failures,2012-04-03T17:50:59Z,,dcuddeback,138065,https://avatars3.githubusercontent.com/u/138065?v=3
collectiveidea,delayed_job,343,Avoid DEPRECATION WARNING: Calling set_table_name is deprecated. Please use `self.table_name = 'the_name'` instead.,2012-01-31T16:18:30Z,,calvincorreli,7728,https://avatars3.githubusercontent.com/u/7728?v=3
collectiveidea,delayed_job,342,Makes the number of jobs read from the queue a configuration option,2012-01-27T20:33:40Z,2012-01-27T20:33:40Z,dcuddeback,138065,https://avatars3.githubusercontent.com/u/138065?v=3
collectiveidea,delayed_job,339,Updated installation instructions for Rails 3 and Bundler.,2012-01-27T20:45:55Z,2012-01-27T20:45:55Z,tilsammans,14680,https://avatars3.githubusercontent.com/u/14680?v=3
collectiveidea,delayed_job,334,Stop squashing active record errors when a record cannot be found,2012-01-19T18:48:19Z,2012-01-19T18:48:19Z,earnold,169206,https://avatars2.githubusercontent.com/u/169206?v=3
collectiveidea,delayed_job,324,Allow application to access yaml being deserialized,2012-04-02T15:10:26Z,,rchekaluk,239735,https://avatars3.githubusercontent.com/u/239735?v=3
collectiveidea,delayed_job,321,Fix Readme typo: delayed_job_mongoid is for Mongoid,2011-12-20T13:39:27Z,2011-12-20T13:39:27Z,semaperepelitsa,347921,https://avatars2.githubusercontent.com/u/347921?v=3
collectiveidea,delayed_job,317,Add custom_logger for script/delayed_job,2012-01-26T21:11:31Z,2012-01-26T21:11:31Z,terut,603380,https://avatars0.githubusercontent.com/u/603380?v=3
collectiveidea,delayed_job,315,Correct notify_hoptoad example in the readme,2011-12-01T13:33:10Z,2011-12-01T13:33:10Z,sorentwo,270831,https://avatars1.githubusercontent.com/u/270831?v=3
collectiveidea,delayed_job,311,Unique key,2012-01-19T21:12:03Z,,munya,222362,https://avatars2.githubusercontent.com/u/222362?v=3
collectiveidea,delayed_job,307,raise ArgumentError if attempting to enqueue a performable method on an object that hasn't been persisted yet,2012-01-30T15:19:02Z,2012-01-30T15:19:02Z,trek,9736,https://avatars1.githubusercontent.com/u/9736?v=3
collectiveidea,delayed_job,297,Linked mailing list in README,2011-10-17T16:08:02Z,2011-10-17T16:08:02Z,leifbladt,468575,https://avatars2.githubusercontent.com/u/468575?v=3
collectiveidea,delayed_job,296,ActiveRecord::yaml_new raises DeserializationError if object not found ,2014-09-24T17:59:57Z,,ziggy1,211205,https://avatars1.githubusercontent.com/u/211205?v=3
collectiveidea,delayed_job,294,Backport connection handling to Rails 2,2012-01-19T20:03:00Z,,brainopia,386,https://avatars3.githubusercontent.com/u/386?v=3
collectiveidea,delayed_job,292,User switching with `script/delayed_job`,2014-09-24T17:58:24Z,,ambethia,298,https://avatars3.githubusercontent.com/u/298?v=3
collectiveidea,delayed_job,291,Added failure_notify to the 2.1 branch in my fork ,2011-09-10T12:32:39Z,,denen99,128247,https://avatars2.githubusercontent.com/u/128247?v=3
collectiveidea,delayed_job,290,"Added new callback, :failure_notify to get a callback for every failure if you need it.",2011-09-10T12:31:42Z,,denen99,128247,https://avatars2.githubusercontent.com/u/128247?v=3
collectiveidea,delayed_job,288,Newline fix in job.last_error,2011-10-11T11:58:09Z,,jdelStrother,2377,https://avatars2.githubusercontent.com/u/2377?v=3
collectiveidea,delayed_job,287,Newline fix in job.last_error,2011-09-06T08:55:24Z,,jdelStrother,2377,https://avatars2.githubusercontent.com/u/2377?v=3
collectiveidea,delayed_job,285,Config option to have workers raise SignalException on SIGTERM and SIGINT,2011-11-11T19:11:25Z,,nevinera,366133,https://avatars0.githubusercontent.com/u/366133?v=3
collectiveidea,delayed_job,282,Fix for YAML.load + active_record,2011-09-28T21:00:10Z,,deathbob,20316,https://avatars3.githubusercontent.com/u/20316?v=3
collectiveidea,delayed_job,276,Worker process exits if the job failure callback raises an exception.,2014-09-24T17:56:53Z,,robg,89702,https://avatars0.githubusercontent.com/u/89702?v=3
collectiveidea,delayed_job,266,UID/GID CLI flags,2012-11-05T22:04:28Z,,yumitsu,108335,https://avatars0.githubusercontent.com/u/108335?v=3
collectiveidea,delayed_job,262,Daemon logging control,2014-09-24T17:55:26Z,2014-09-24T17:55:26Z,robg,89702,https://avatars0.githubusercontent.com/u/89702?v=3
collectiveidea,delayed_job,251,Remove ActiveRecord backend (extracted to separate gem),2011-06-01T15:11:12Z,,betamatt,23032,https://avatars2.githubusercontent.com/u/23032?v=3
collectiveidea,delayed_job,250,Daemon should not be stopped if NameError occurs,2011-05-28T17:46:14Z,,yetanothernguyen,147617,https://avatars0.githubusercontent.com/u/147617?v=3
collectiveidea,delayed_job,249,Forked worker,2011-05-26T15:46:58Z,,wakemaster39,694131,https://avatars0.githubusercontent.com/u/694131?v=3
collectiveidea,delayed_job,246,Added ability for enqueue hook to modify the job object before being saved.,2011-05-24T19:45:44Z,2011-05-24T19:45:44Z,wakemaster39,694131,https://avatars0.githubusercontent.com/u/694131?v=3
collectiveidea,delayed_job,243,YAML loading should work even if AR object is not in default scope,2011-05-05T14:11:26Z,2011-05-05T14:11:26Z,jdguyot,102483,https://avatars1.githubusercontent.com/u/102483?v=3
collectiveidea,delayed_job,241,Named queues,2011-04-25T16:17:29Z,,bernardeli,28157,https://avatars1.githubusercontent.com/u/28157?v=3
collectiveidea,delayed_job,240,table_name_prefix + suffix,2011-06-08T15:04:18Z,,rudionrails,37595,https://avatars2.githubusercontent.com/u/37595?v=3
collectiveidea,delayed_job,234,Pulling in auto-scaling changes from https://github.com/pedro,2011-04-10T15:06:29Z,,stympy,1070,https://avatars0.githubusercontent.com/u/1070?v=3
collectiveidea,delayed_job,231,Make sure it is possible to use YAML.load to load yaml representations of objects whether or not the objects already exist in the database.  ,2011-08-19T15:25:30Z,,deathbob,20316,https://avatars3.githubusercontent.com/u/20316?v=3
collectiveidea,delayed_job,230,delayed job working on multiple servers,2011-04-13T13:21:46Z,,bernardeli,28157,https://avatars1.githubusercontent.com/u/28157?v=3
collectiveidea,delayed_job,228,Requiring missing ActiveSupport core extension,2011-04-13T13:41:53Z,2011-04-13T13:41:53Z,watson,10602,https://avatars0.githubusercontent.com/u/10602?v=3
collectiveidea,delayed_job,227,Yaml for Date,2012-11-05T22:14:24Z,,vantran,415654,https://avatars0.githubusercontent.com/u/415654?v=3
collectiveidea,delayed_job,226,please pull typo fix,2011-03-25T13:34:09Z,2011-03-25T13:34:09Z,brandondrew,9854,https://avatars1.githubusercontent.com/u/9854?v=3
collectiveidea,delayed_job,225,Added a README note about the specific daemons gem dependency,2011-12-22T16:30:40Z,2011-12-22T16:30:40Z,latortuga,9379,https://avatars1.githubusercontent.com/u/9379?v=3
collectiveidea,delayed_job,209,Added :completed hook,2011-04-13T15:00:48Z,,joelbasson,371152,https://avatars3.githubusercontent.com/u/371152?v=3
collectiveidea,delayed_job,208,Hooks don't get called when Delayed::Worker.delay_jobs = false,2011-04-12T21:30:08Z,2011-04-12T21:30:08Z,stefanoverna,51573,https://avatars3.githubusercontent.com/u/51573?v=3
collectiveidea,delayed_job,204,Prepend Rails.root to worker process names,2011-02-12T01:00:02Z,,pwnall,11460,https://avatars2.githubusercontent.com/u/11460?v=3
collectiveidea,delayed_job,201,Psych (YAML) workaround,2011-02-11T17:05:22Z,,pda,15759,https://avatars2.githubusercontent.com/u/15759?v=3
collectiveidea,delayed_job,200,Psych fix: handle Class#to_yaml already being removed.,2011-02-03T03:24:24Z,,pda,15759,https://avatars2.githubusercontent.com/u/15759?v=3
collectiveidea,delayed_job,198,V2.0,2011-02-10T23:34:20Z,2011-02-10T15:34:20Z,stevehodgkiss,62331,https://avatars1.githubusercontent.com/u/62331?v=3
collectiveidea,delayed_job,197,V2.0,2011-02-02T05:55:18Z,,stevehodgkiss,62331,https://avatars1.githubusercontent.com/u/62331?v=3
collectiveidea,delayed_job,195,Remove method exception,2011-02-10T16:12:19Z,,tomekw,198371,https://avatars1.githubusercontent.com/u/198371?v=3
collectiveidea,delayed_job,190,Delayed::Worker.delay_jobs behavior for test environment,2011-01-14T05:25:41Z,2011-01-13T21:25:41Z,moneybird,101643,https://avatars0.githubusercontent.com/u/101643?v=3
collectiveidea,delayed_job,189,Added support for multiple concurrent daemons as long as they are in different environments.,2011-01-13T19:54:05Z,,fogle,39360,https://avatars3.githubusercontent.com/u/39360?v=3
collectiveidea,delayed_job,185,Include job data in failure message,2012-11-05T22:20:55Z,,tb0yd,51754,https://avatars1.githubusercontent.com/u/51754?v=3
collectiveidea,delayed_job,184,Delay::Worker.delay_jobs configuration parameter,2011-01-14T02:08:48Z,,moneybird,101643,https://avatars0.githubusercontent.com/u/101643?v=3
collectiveidea,delayed_job,177,Added Support for Mongoid Backend,2010-12-09T21:59:42Z,,panthomakos,186424,https://avatars1.githubusercontent.com/u/186424?v=3
collectiveidea,delayed_job,176,Load by primary key,2011-04-11T20:33:59Z,,nate,130,https://avatars1.githubusercontent.com/u/130?v=3
collectiveidea,delayed_job,174,Delayed::DeserializationError exception fixed for non-default AR primary_key,2011-04-11T20:03:57Z,2011-04-11T20:03:55Z,Yurokle,234301,https://avatars3.githubusercontent.com/u/234301?v=3
collectiveidea,delayed_job,170,name of config variable is wrong in example,2010-12-02T23:23:43Z,2010-12-02T15:23:43Z,sunkencity,40103,https://avatars1.githubusercontent.com/u/40103?v=3
collectiveidea,delayed_job,169,Reserve jobs from the active record backend with an update (v2.0 backport),2010-12-01T17:48:52Z,2010-12-01T17:48:52Z,betamatt,23032,https://avatars2.githubusercontent.com/u/23032?v=3
collectiveidea,delayed_job,168,Allow job payloads to implement #max_attempts,2010-12-02T01:23:44Z,,betamatt,23032,https://avatars2.githubusercontent.com/u/23032?v=3
collectiveidea,delayed_job,167,Reserve jobs from the active record backend with an update (v2.1),2010-12-02T01:07:34Z,2010-12-01T17:07:34Z,betamatt,23032,https://avatars2.githubusercontent.com/u/23032?v=3
collectiveidea,delayed_job,166,Issue with Railtie and loading ActionMailer too early,2010-12-01T17:26:01Z,,elomar,4838,https://avatars0.githubusercontent.com/u/4838?v=3
collectiveidea,delayed_job,164,v2.0 reschedule_at backport,2010-11-30T05:58:41Z,2010-11-29T21:58:41Z,betamatt,23032,https://avatars2.githubusercontent.com/u/23032?v=3
collectiveidea,delayed_job,163,Capistrano roles for V2.0,2010-11-29T22:02:51Z,,moneybird,101643,https://avatars0.githubusercontent.com/u/101643?v=3
collectiveidea,delayed_job,162,Capistrano roles to allow deploying to a separate worker server,2010-11-29T22:02:59Z,2010-11-29T22:02:59Z,moneybird,101643,https://avatars0.githubusercontent.com/u/101643?v=3
collectiveidea,delayed_job,161,2.0 Sleep Delay Backport,2010-11-29T21:58:40Z,2010-11-29T21:58:40Z,betamatt,23032,https://avatars2.githubusercontent.com/u/23032?v=3
collectiveidea,delayed_job,160,2.0 Sleep Delay Backport,2010-11-29T19:50:18Z,,betamatt,23032,https://avatars2.githubusercontent.com/u/23032?v=3
collectiveidea,delayed_job,157,README,2010-11-24T14:41:35Z,,mlightner,14773,https://avatars2.githubusercontent.com/u/14773?v=3
collectiveidea,delayed_job,156,Documentation patch for issue #155,2010-12-01T17:33:01Z,2010-12-01T17:33:01Z,sekrett,264848,https://avatars1.githubusercontent.com/u/264848?v=3
collectiveidea,delayed_job,153,V2.0,2010-11-18T15:09:15Z,2010-11-18T15:09:15Z,jpemberthy,4005,https://avatars0.githubusercontent.com/u/4005?v=3
collectiveidea,delayed_job,151,Allow backends to support find-and-lock in a single request,2010-11-18T23:12:08Z,,betamatt,23032,https://avatars2.githubusercontent.com/u/23032?v=3
collectiveidea,delayed_job,150,Allow backends to support find-and-lock in a single request,2010-11-12T23:32:24Z,,betamatt,23032,https://avatars2.githubusercontent.com/u/23032?v=3
collectiveidea,delayed_job,149,Added Rails 3 gem installation instructions,2010-11-12T16:26:06Z,,ghost,10137,https://avatars0.githubusercontent.com/u/10137?v=3
collectiveidea,delayed_job,139,Added a log_queries config option,2010-11-05T16:52:22Z,2010-11-05T16:52:22Z,iamnader,97626,https://avatars2.githubusercontent.com/u/97626?v=3
collectiveidea,delayed_job,132,"Changed the way error messages are composed, to prevent the delayed_job worker to crash if an error with a nil message is raised",2010-11-12T16:29:19Z,,jorgemanrubia,129938,https://avatars3.githubusercontent.com/u/129938?v=3
collectiveidea,delayed_job,131,Delayed Job Capistrano task,2010-11-13T00:33:37Z,,moneybird,101643,https://avatars0.githubusercontent.com/u/101643?v=3
collectiveidea,delayed_job,130,Patch: Unlock jobs after worker crash,2012-11-05T22:22:32Z,,ivanvanderbyl,24278,https://avatars1.githubusercontent.com/u/24278?v=3
collectiveidea,delayed_job,126,Adds completed jobs logging,2010-12-01T17:35:18Z,,tute,54260,https://avatars0.githubusercontent.com/u/54260?v=3
collectiveidea,delayed_job,123,Allow handlers to override the rescheduling time,2010-09-28T01:05:47Z,2010-09-27T18:05:47Z,betamatt,23032,https://avatars2.githubusercontent.com/u/23032?v=3
collectiveidea,delayed_job,122,Sleep_delay per worker,2010-09-28T01:07:31Z,2010-09-27T18:07:31Z,betamatt,23032,https://avatars2.githubusercontent.com/u/23032?v=3
collectiveidea,delayed_job,117,Separate log files,2010-11-12T17:25:16Z,,bleything,270,https://avatars2.githubusercontent.com/u/270?v=3
collectiveidea,delayed_job,112,made test pass using 'rake spec',2010-09-09T07:35:54Z,,nightshade427,56510,https://avatars3.githubusercontent.com/u/56510?v=3
collectiveidea,delayed_job,110,mongoid backend support,2010-09-02T18:15:46Z,2010-09-02T18:15:46Z,iamnader,97626,https://avatars2.githubusercontent.com/u/97626?v=3
collectiveidea,delayed_job,109,RAILS_DEFAULT_LOGGER deprecation,2010-09-02T07:31:59Z,,jmay,5931,https://avatars3.githubusercontent.com/u/5931?v=3
collectiveidea,delayed_job,108,Untitled,2010-09-02T00:37:52Z,,thibaudgg,1322,https://avatars2.githubusercontent.com/u/1322?v=3
