sparklemotion,nokogiri,1622,Added 'frozen_string_literal: true' comment to all ruby files,2017-03-23T11:44:09Z,,MOZGIII,265507,https://avatars0.githubusercontent.com/u/265507?v=3
sparklemotion,nokogiri,1621,Add release date to v1.7.1,2017-03-24T12:27:10Z,,mobilutz,491877,https://avatars0.githubusercontent.com/u/491877?v=3
sparklemotion,nokogiri,1613,Add ruby-head as allow_failures in .travis.yml.,2017-03-15T01:06:35Z,2017-03-15T01:06:35Z,junaruga,121989,https://avatars1.githubusercontent.com/u/121989?v=3
sparklemotion,nokogiri,1608,Add missing constant LIB_DIRS to nokogiri/extconf.rb,2017-02-17T15:49:48Z,,codenamev,109135,https://avatars3.githubusercontent.com/u/109135?v=3
sparklemotion,nokogiri,1607,get rid of JRuby --1.8 legacy code in ext,,,kares,45967,https://avatars3.githubusercontent.com/u/45967?v=3
sparklemotion,nokogiri,1606,gemspec for -java version of the gem should specify >= 1.9.3,2017-02-14T02:22:35Z,2017-02-14T02:22:35Z,kares,45967,https://avatars3.githubusercontent.com/u/45967?v=3
sparklemotion,nokogiri,1604,this isit,2017-02-13T08:42:43Z,2017-02-13T08:42:43Z,kares,45967,https://avatars3.githubusercontent.com/u/45967?v=3
sparklemotion,nokogiri,1598,add ruby 23 appveyor.yml,2017-02-08T09:31:03Z,2017-02-08T09:31:03Z,raa0121,237271,https://avatars0.githubusercontent.com/u/237271?v=3
sparklemotion,nokogiri,1597,jruby improvements + weaker xpath caching,2017-02-10T07:25:55Z,,kares,45967,https://avatars3.githubusercontent.com/u/45967?v=3
sparklemotion,nokogiri,1594,failing test to verify concourse pr behavior,2017-01-27T03:28:54Z,,flavorjones,8207,https://avatars2.githubusercontent.com/u/8207?v=3
sparklemotion,nokogiri,1593,this is to test the pull request resource,2017-01-26T21:59:43Z,,flavorjones,8207,https://avatars2.githubusercontent.com/u/8207?v=3
sparklemotion,nokogiri,1592,this is to test the pull request resource,2017-01-26T21:40:52Z,,flavorjones,8207,https://avatars2.githubusercontent.com/u/8207?v=3
sparklemotion,nokogiri,1591,Flavorjones concourse pull requests,2017-01-26T20:26:00Z,,flavorjones,8207,https://avatars2.githubusercontent.com/u/8207?v=3
sparklemotion,nokogiri,1590,[jruby] cleanup and performance improvements,2017-01-27T17:28:49Z,2017-01-27T17:28:49Z,kares,45967,https://avatars3.githubusercontent.com/u/45967?v=3
sparklemotion,nokogiri,1585,[jruby] reduce generated noise + review touched code,2017-01-13T17:53:19Z,,kares,45967,https://avatars3.githubusercontent.com/u/45967?v=3
sparklemotion,nokogiri,1580,Only require ports GCC on OpenBSD if not using system libraries (Fixes #1515),2017-01-10T05:36:19Z,2017-01-10T05:36:19Z,jeremyevans,3846,https://avatars0.githubusercontent.com/u/3846?v=3
sparklemotion,nokogiri,1576,Add tests for HTML SAX parsing of br tag from string and io,2017-01-13T17:35:12Z,,gregors,755230,https://avatars1.githubusercontent.com/u/755230?v=3
sparklemotion,nokogiri,1574,Look for bundled libs in lib64 else lib,2017-01-13T21:16:06Z,,mbixby17451,10316107,https://avatars3.githubusercontent.com/u/10316107?v=3
sparklemotion,nokogiri,1573,Remove test case for libxml2 old version.,2017-01-04T22:53:27Z,,junaruga,121989,https://avatars1.githubusercontent.com/u/121989?v=3
sparklemotion,nokogiri,1572,"Remove MAYBE_UNUSED() macro, which is no longer in use.",2017-01-13T16:59:58Z,2017-01-13T16:59:58Z,larskanis,176234,https://avatars3.githubusercontent.com/u/176234?v=3
sparklemotion,nokogiri,1571,Linux binary gems,,,larskanis,176234,https://avatars3.githubusercontent.com/u/176234?v=3
sparklemotion,nokogiri,1570,Only complain of not having gcc 4.9+ when not having it (hoping to fix #1569),2016-12-29T20:41:05Z,,vtamara,701221,https://avatars1.githubusercontent.com/u/701221?v=3
sparklemotion,nokogiri,1567,Removed characters stack from handler,,,andrew-aladev,941925,https://avatars0.githubusercontent.com/u/941925?v=3
sparklemotion,nokogiri,1563,jruby review - contention + cloning objects,2017-01-13T01:03:15Z,2017-01-13T01:03:15Z,kares,45967,https://avatars3.githubusercontent.com/u/45967?v=3
sparklemotion,nokogiri,1558,Determine the minimum ruby version for fat binary gems from the cross…,2016-12-05T20:01:34Z,,larskanis,176234,https://avatars3.githubusercontent.com/u/176234?v=3
sparklemotion,nokogiri,1553,Travis: Try changing machine to get rbx-3,2017-01-13T21:32:30Z,2017-01-13T21:32:30Z,olleolleolle,211,https://avatars3.githubusercontent.com/u/211?v=3
sparklemotion,nokogiri,1545,Avoid Fixnum deprecation warning on Ruby trunk,2016-10-10T18:51:22Z,2016-10-10T18:51:22Z,matthewd,1034,https://avatars2.githubusercontent.com/u/1034?v=3
sparklemotion,nokogiri,1543,Use egcc on OpenBSD to fix libxml compilation,2016-12-07T04:25:05Z,2016-12-07T04:25:05Z,frenkel,121169,https://avatars2.githubusercontent.com/u/121169?v=3
sparklemotion,nokogiri,1538,Removing unnecessary <code> tags,2016-10-03T05:15:43Z,2016-10-03T05:15:43Z,ashivasubramanian,311972,https://avatars1.githubusercontent.com/u/311972?v=3
sparklemotion,nokogiri,1536,Added a [probably suitable] missing word.,2016-09-24T13:42:50Z,2016-09-24T13:42:50Z,arbox,357237,https://avatars2.githubusercontent.com/u/357237?v=3
sparklemotion,nokogiri,1531,Add method #wrap to Nokogiri::XML::Element,,,ethirajsrinivasan,7569031,https://avatars0.githubusercontent.com/u/7569031?v=3
sparklemotion,nokogiri,1529,master,2016-09-08T00:27:25Z,,Fireheadii,14242942,https://avatars3.githubusercontent.com/u/14242942?v=3
sparklemotion,nokogiri,1526,Change code-climate badge to make it retina friendly,2016-08-15T13:58:52Z,2016-08-15T13:58:52Z,crispgm,1425636,https://avatars0.githubusercontent.com/u/1425636?v=3
sparklemotion,nokogiri,1519,ugh,2016-10-03T05:08:43Z,,tenderlove,3124,https://avatars2.githubusercontent.com/u/3124?v=3
sparklemotion,nokogiri,1517,Prefer libxml2's strdup and strchr equivalents,,,jeremy,199,https://avatars2.githubusercontent.com/u/199?v=3
sparklemotion,nokogiri,1512,Introduce a GitHub Issues template,2016-10-03T05:09:50Z,2016-10-03T05:09:50Z,seanpdoyle,2575027,https://avatars3.githubusercontent.com/u/2575027?v=3
sparklemotion,nokogiri,1511,intead -> instead typo fix in extconf.rb,2016-07-12T14:34:34Z,2016-07-12T14:34:34Z,simi,193936,https://avatars3.githubusercontent.com/u/193936?v=3
sparklemotion,nokogiri,1507,V1 6 7 x,2016-07-22T12:08:24Z,,Fireheadii,14242942,https://avatars3.githubusercontent.com/u/14242942?v=3
sparklemotion,nokogiri,1503,NodeSet#clone is now an alias for #dup.,2017-01-13T22:16:01Z,,stephankaag,6944,https://avatars0.githubusercontent.com/u/6944?v=3
sparklemotion,nokogiri,1500,Add failing test case to keep entities in sax parsers,,,rosenfeld,32246,https://avatars2.githubusercontent.com/u/32246?v=3
sparklemotion,nokogiri,1498,Make the pkg-config gem optional.,2016-10-03T03:42:06Z,,larskanis,176234,https://avatars3.githubusercontent.com/u/176234?v=3
sparklemotion,nokogiri,1497,add example to NodeSet#inner_text,2016-07-28T21:28:02Z,2016-07-28T21:28:02Z,gpherguson,122640,https://avatars1.githubusercontent.com/u/122640?v=3
sparklemotion,nokogiri,1478,Double quotes in HTML attributes should be escaped as &quot; not %22,2017-01-14T16:51:03Z,,donv,57275,https://avatars2.githubusercontent.com/u/57275?v=3
sparklemotion,nokogiri,1460,Set CC as the RbConfig's one,2016-04-21T06:19:14Z,2016-04-21T06:19:14Z,nurse,13423,https://avatars1.githubusercontent.com/u/13423?v=3
sparklemotion,nokogiri,1451,Made documentation better for ParseOptions,2016-04-28T19:29:25Z,2016-04-28T19:29:25Z,ashivasubramanian,311972,https://avatars1.githubusercontent.com/u/311972?v=3
sparklemotion,nokogiri,1447,Update jing.jar to latest from jing-trang project,2016-04-28T08:19:16Z,,henrik-ryom,834810,https://avatars1.githubusercontent.com/u/834810?v=3
sparklemotion,nokogiri,1444,Ensure namespace pruning is not over zealous,2016-05-30T19:02:49Z,,bradleybeddoes,86558,https://avatars3.githubusercontent.com/u/86558?v=3
sparklemotion,nokogiri,1439,Frozen String Literal Compatibility,2017-01-28T00:37:56Z,,twalpole,16556,https://avatars1.githubusercontent.com/u/16556?v=3
sparklemotion,nokogiri,1437,Fix #1436 - compatibity with gem-compiler.,2017-01-25T15:06:07Z,,larskanis,176234,https://avatars3.githubusercontent.com/u/176234?v=3
sparklemotion,nokogiri,1431,download tar files in parallel,2016-04-12T21:20:50Z,,tenderlove,3124,https://avatars2.githubusercontent.com/u/3124?v=3
sparklemotion,nokogiri,1417,more robust 'pkg-config' in extconf.rb,2016-01-26T21:48:51Z,,flavorjones,8207,https://avatars2.githubusercontent.com/u/8207?v=3
sparklemotion,nokogiri,1416,fix over-eager namespace pruning when reparenting nodes,2016-01-22T17:23:26Z,,afn,2779422,https://avatars2.githubusercontent.com/u/2779422?v=3
sparklemotion,nokogiri,1413,Work with ruby 2.3's --enable-frozen-string-literal - version 2,2017-01-27T23:30:32Z,,larskanis,176234,https://avatars3.githubusercontent.com/u/176234?v=3
sparklemotion,nokogiri,1412,Work with ruby 2.3's --enable-frozen-string-literal,2016-01-20T10:38:44Z,,jeremyevans,3846,https://avatars0.githubusercontent.com/u/3846?v=3
sparklemotion,nokogiri,1411,Dont assume rubygems is loaded before using gem command,2016-01-19T08:07:47Z,2016-01-19T08:07:47Z,JonRowe,162976,https://avatars2.githubusercontent.com/u/162976?v=3
sparklemotion,nokogiri,1409,Add Ruby 2.3.0 to Travis matrix,2016-01-12T17:14:06Z,2016-01-12T17:14:06Z,marutosi,200784,https://avatars2.githubusercontent.com/u/200784?v=3
sparklemotion,nokogiri,1405,Don't remove empty directories after build.,2016-01-06T21:06:27Z,2016-01-06T21:06:27Z,larskanis,176234,https://avatars3.githubusercontent.com/u/176234?v=3
sparklemotion,nokogiri,1403,avoid config.guess tab problem on Ubuntu [fix: #1402],2016-01-03T21:12:26Z,,e2,150197,https://avatars1.githubusercontent.com/u/150197?v=3
sparklemotion,nokogiri,1401,Updated copyright notices to 2016 [ci skip],2016-01-04T13:43:16Z,2016-01-04T13:43:16Z,Atul9,3390330,https://avatars2.githubusercontent.com/u/3390330?v=3
sparklemotion,nokogiri,1400,Fix typo in CHANGELOG.rdoc,2015-12-30T18:02:17Z,2015-12-30T18:02:17Z,mehdi-farsi,1397982,https://avatars3.githubusercontent.com/u/1397982?v=3
sparklemotion,nokogiri,1399,Fix encoding of xml node namespaces and improve encoding tests.,2016-01-11T05:16:07Z,2016-01-11T05:16:07Z,larskanis,176234,https://avatars3.githubusercontent.com/u/176234?v=3
sparklemotion,nokogiri,1398,Fix test failure when Encoding.default_external is not UTF-8.,2016-01-04T15:08:24Z,2016-01-04T15:08:24Z,larskanis,176234,https://avatars3.githubusercontent.com/u/176234?v=3
sparklemotion,nokogiri,1397,Simplify NodeSet#to_a with a minor speed-up.,2016-01-06T21:06:08Z,2016-01-06T21:06:08Z,larskanis,176234,https://avatars3.githubusercontent.com/u/176234?v=3
sparklemotion,nokogiri,1393,Fix error when running rspec-rails tests,2016-01-06T09:19:26Z,,deivid-rodriguez,2887858,https://avatars1.githubusercontent.com/u/2887858?v=3
sparklemotion,nokogiri,1392,Add gemspec with namespace gc,2015-12-07T23:12:50Z,,jacobbednarz,283234,https://avatars1.githubusercontent.com/u/283234?v=3
sparklemotion,nokogiri,1385,"Fix encoding tests for XML::Node, HTML::Node and XML::Document",2015-12-18T20:49:33Z,,larskanis,176234,https://avatars3.githubusercontent.com/u/176234?v=3
sparklemotion,nokogiri,1381,"Ensure strings are zero terminated, where C-str pointers are expected.",2016-01-07T05:43:19Z,2016-01-07T05:43:19Z,larskanis,176234,https://avatars3.githubusercontent.com/u/176234?v=3
sparklemotion,nokogiri,1380,Fixes test failures introduced in #1212,2015-11-26T02:20:38Z,2015-11-26T02:20:38Z,jvshahid,297621,https://avatars2.githubusercontent.com/u/297621?v=3
sparklemotion,nokogiri,1378,[MRI] Update to libxml-2.9.3.,2015-12-17T06:56:01Z,,larskanis,176234,https://avatars3.githubusercontent.com/u/176234?v=3
sparklemotion,nokogiri,1377,Fix typos in the CHANGELOGs.,2015-11-20T15:21:01Z,2015-11-20T15:21:01Z,vanderhoorn,32971,https://avatars2.githubusercontent.com/u/32971?v=3
sparklemotion,nokogiri,1376,Add patch for unclosed comment uninitialized access issue,2015-11-18T17:12:04Z,2015-11-18T17:12:04Z,rafaelfranca,47848,https://avatars0.githubusercontent.com/u/47848?v=3
sparklemotion,nokogiri,1375,Switch to mini_portile2 for building dependent libraries.,2015-11-22T20:39:17Z,2015-11-22T20:39:17Z,larskanis,176234,https://avatars3.githubusercontent.com/u/176234?v=3
sparklemotion,nokogiri,1373,[RFC] Fix #391,2016-02-17T15:23:26Z,,ylecuyer,1866809,https://avatars3.githubusercontent.com/u/1866809?v=3
sparklemotion,nokogiri,1369,listen to --with-iconv-dir=<path> on OS X,2015-11-23T03:20:10Z,,kiwiroy,313562,https://avatars1.githubusercontent.com/u/313562?v=3
sparklemotion,nokogiri,1365,Quick documentation update at java NokogiriHandler,2015-10-13T21:54:45Z,2015-10-13T21:54:45Z,jgpacker,1036340,https://avatars1.githubusercontent.com/u/1036340?v=3
sparklemotion,nokogiri,1362,Correctly handle xmlNs memory in xpath query results,2015-12-17T06:26:25Z,,flavorjones,8207,https://avatars2.githubusercontent.com/u/8207?v=3
sparklemotion,nokogiri,1360,Correctly handle xmlNs memory in xpath query results,2015-10-01T17:31:35Z,,flavorjones,8207,https://avatars2.githubusercontent.com/u/8207?v=3
sparklemotion,nokogiri,1355,fix error in validating files with jruby,2015-10-01T17:31:57Z,,twalpole,16556,https://avatars1.githubusercontent.com/u/16556?v=3
sparklemotion,nokogiri,1352,Update libxslt and libxml2 config.guess files,2015-11-17T00:54:20Z,,hernan-erasmo,1855510,https://avatars1.githubusercontent.com/u/1855510?v=3
sparklemotion,nokogiri,1344,Update to mini_portile-0.7.0.rc5,2015-09-14T13:02:23Z,,larskanis,176234,https://avatars3.githubusercontent.com/u/176234?v=3
sparklemotion,nokogiri,1339,remove allow_failure jruby-9.0.0.0 from .travis.yml,2015-08-24T04:08:51Z,2015-08-24T04:08:51Z,marutosi,200784,https://avatars2.githubusercontent.com/u/200784?v=3
sparklemotion,nokogiri,1338,add Appveyor image and link to README.md,2015-08-24T17:33:38Z,,marutosi,200784,https://avatars2.githubusercontent.com/u/200784?v=3
sparklemotion,nokogiri,1333,fix over-eager namespace pruning when reparenting nodes,2016-05-30T19:03:30Z,,ccutrer,191320,https://avatars1.githubusercontent.com/u/191320?v=3
sparklemotion,nokogiri,1327,Fix for #843,2015-12-09T11:50:02Z,,codekitchen,52172,https://avatars3.githubusercontent.com/u/52172?v=3
sparklemotion,nokogiri,1326,Patching config.guess allows nokogiri installation on machines based on ppc64le architecture.,2015-11-17T00:51:33Z,,hernan-erasmo,1855510,https://avatars1.githubusercontent.com/u/1855510?v=3
sparklemotion,nokogiri,1325,Install headers outside lib dir,,,swills,863202,https://avatars0.githubusercontent.com/u/863202?v=3
sparklemotion,nokogiri,1320,failing test (on jruby): css search problem involving whitespace and …,2017-02-13T08:42:46Z,,jkraemer,19400,https://avatars2.githubusercontent.com/u/19400?v=3
sparklemotion,nokogiri,1319,"add test case checking decoration of empty NodeSet, which fails on JRuby",2017-02-13T08:42:46Z,,jkraemer,19400,https://avatars2.githubusercontent.com/u/19400?v=3
sparklemotion,nokogiri,1318,fix appending text nodes before existing text nodes (jruby),2017-01-15T20:12:44Z,,jkraemer,19400,https://avatars2.githubusercontent.com/u/19400?v=3
sparklemotion,nokogiri,1316,Style tag should not html encode entities in JRuby,2016-05-30T19:25:07Z,,tbeauvais,121275,https://avatars3.githubusercontent.com/u/121275?v=3
sparklemotion,nokogiri,1314," you're nowhere using zlib.h, don't test for it.",2017-01-15T19:57:29Z,,KwadroNaut,99527,https://avatars1.githubusercontent.com/u/99527?v=3
sparklemotion,nokogiri,1310,Fix windows native build with RubyInstaller and DevKit,2015-08-24T17:34:29Z,,larskanis,176234,https://avatars3.githubusercontent.com/u/176234?v=3
sparklemotion,nokogiri,1308,add appveyor.yml,2015-07-07T15:34:48Z,,marutosi,200784,https://avatars2.githubusercontent.com/u/200784?v=3
sparklemotion,nokogiri,1307,.travis.yml: add jruby-head,2016-02-17T15:56:15Z,,marutosi,200784,https://avatars2.githubusercontent.com/u/200784?v=3
sparklemotion,nokogiri,1306,.travis.yml: use jruby-9.0.0.0.rc2 instead of jruby 9.0.0.0.pre1,2015-08-24T02:33:49Z,,marutosi,200784,https://avatars2.githubusercontent.com/u/200784?v=3
sparklemotion,nokogiri,1305,.travis.yml: not use versioned jruby,2016-02-17T15:58:39Z,,marutosi,200784,https://avatars2.githubusercontent.com/u/200784?v=3
sparklemotion,nokogiri,1304,Add line column to message,2017-01-15T17:14:13Z,,spk,98590,https://avatars0.githubusercontent.com/u/98590?v=3
sparklemotion,nokogiri,1303,unescape css identifiers to allow use in css queries,2015-12-17T07:01:43Z,,twalpole,16556,https://avatars1.githubusercontent.com/u/16556?v=3
sparklemotion,nokogiri,1302,Make use of rake-compiler-dock for building windows binary gems,2015-08-24T22:44:33Z,,larskanis,176234,https://avatars3.githubusercontent.com/u/176234?v=3
sparklemotion,nokogiri,1298,Fix cli tool example links,2015-11-27T10:52:48Z,2015-11-27T10:52:48Z,bruno-,1042682,https://avatars2.githubusercontent.com/u/1042682?v=3
sparklemotion,nokogiri,1297,XML::Node#ancestors optimization,2016-01-06T21:01:28Z,2016-01-06T21:01:28Z,bruno-,1042682,https://avatars2.githubusercontent.com/u/1042682?v=3
sparklemotion,nokogiri,1296,Using symbol to proc,2016-01-06T21:00:03Z,2016-01-06T21:00:03Z,bruno-,1042682,https://avatars2.githubusercontent.com/u/1042682?v=3
sparklemotion,nokogiri,1291,Add iframe attritube 'autoplay',2015-11-22T23:38:58Z,,joelparkerhenderson,27145,https://avatars0.githubusercontent.com/u/27145?v=3
sparklemotion,nokogiri,1275,Change to make sure that Nokogiri works with gem-compiler to generate binary gem,2015-06-06T20:50:51Z,,jk-shah,2954240,https://avatars1.githubusercontent.com/u/2954240?v=3
sparklemotion,nokogiri,1268,Download libxml2 and libxslt via HTTP,2015-03-23T12:55:54Z,2015-03-23T12:55:53Z,eagletmt,69755,https://avatars1.githubusercontent.com/u/69755?v=3
sparklemotion,nokogiri,1265,reset the namespace cache when replacing the document's innerHtml,2015-11-17T02:29:42Z,2015-11-17T02:29:42Z,mkristian,35058,https://avatars2.githubusercontent.com/u/35058?v=3
sparklemotion,nokogiri,1254,fix XML::Reader working with non-existent attributes,2016-05-28T18:35:40Z,,ccutrer,191320,https://avatars1.githubusercontent.com/u/191320?v=3
sparklemotion,nokogiri,1252,overwrite dup() method to fill clone with content,2015-11-30T18:40:11Z,2015-11-30T18:40:11Z,mkristian,35058,https://avatars2.githubusercontent.com/u/35058?v=3
sparklemotion,nokogiri,1251,encoding issues #1113,2016-01-02T19:22:46Z,,mkristian,35058,https://avatars2.githubusercontent.com/u/35058?v=3
sparklemotion,nokogiri,1249,Do not use strdup() in Node::get() anymore.,2015-11-27T12:13:14Z,,maltoe,96114,https://avatars0.githubusercontent.com/u/96114?v=3
sparklemotion,nokogiri,1246,"Remove duplicated ""if""",2015-09-15T11:21:25Z,2015-09-15T11:21:25Z,girasquid,60324,https://avatars1.githubusercontent.com/u/60324?v=3
sparklemotion,nokogiri,1245,allow a simpler syntax for using a builder on detached nodes,2016-02-17T17:57:53Z,,ccutrer,191320,https://avatars1.githubusercontent.com/u/191320?v=3
sparklemotion,nokogiri,1232,overwrite dup() method to fill clone with content,2015-02-21T10:31:42Z,,mkristian,35058,https://avatars2.githubusercontent.com/u/35058?v=3
sparklemotion,nokogiri,1229,overwrite dup() method to fill clone with content,2015-01-23T10:24:57Z,,mkristian,35058,https://avatars2.githubusercontent.com/u/35058?v=3
sparklemotion,nokogiri,1221,Introduce CLI configuration and make the consile engine switchable from IRB,2015-01-15T08:19:59Z,2015-01-15T08:19:59Z,knu,10236,https://avatars1.githubusercontent.com/u/10236?v=3
sparklemotion,nokogiri,1218,Use have_header() to check for the existence of iconv.h,2015-10-30T02:45:52Z,2015-10-30T02:45:52Z,neonichu,118992,https://avatars3.githubusercontent.com/u/118992?v=3
sparklemotion,nokogiri,1212,Add xalan jars to fix issues with #1114,2015-11-26T02:20:36Z,2015-11-26T02:20:36Z,atambo,102009,https://avatars2.githubusercontent.com/u/102009?v=3
sparklemotion,nokogiri,1209,typo,2015-01-14T22:14:33Z,2015-01-14T22:14:33Z,michaeloboyle,61171,https://avatars1.githubusercontent.com/u/61171?v=3
sparklemotion,nokogiri,1198,CLI mode: use Pry rather than IRB if it's available,2015-01-15T07:55:41Z,,robmiller,873348,https://avatars0.githubusercontent.com/u/873348?v=3
sparklemotion,nokogiri,1193,Escape full path when patching,2015-01-14T22:14:19Z,2015-01-14T22:14:19Z,danielfone,43041,https://avatars0.githubusercontent.com/u/43041?v=3
sparklemotion,nokogiri,1182,Upgrade libxml2 to 2.9.2,2014-10-30T14:13:37Z,2014-10-30T14:13:37Z,knu,10236,https://avatars1.githubusercontent.com/u/10236?v=3
sparklemotion,nokogiri,1178,Implicit block call instead explicit block call. Faster code.,2015-11-27T10:35:29Z,2015-11-27T10:35:29Z,glaucocustodio,1907408,https://avatars1.githubusercontent.com/u/1907408?v=3
sparklemotion,nokogiri,1168,forcing the namespace encoding seems to cause problems later for non-UTF...,2014-09-25T18:09:23Z,,bwanicur,253670,https://avatars3.githubusercontent.com/u/253670?v=3
sparklemotion,nokogiri,1167,Disable unknown warning option,2014-10-01T08:29:37Z,2014-10-01T08:29:37Z,nobu,16700,https://avatars3.githubusercontent.com/u/16700?v=3
sparklemotion,nokogiri,1165,Improve the iconv detection process,2014-09-29T09:28:38Z,2014-09-29T09:28:38Z,knu,10236,https://avatars1.githubusercontent.com/u/10236?v=3
sparklemotion,nokogiri,1160,Remove LOUD NOTICE on TTY and include patch information in `nokogiri --version`,2014-09-16T06:13:50Z,2014-09-16T06:13:50Z,knu,10236,https://avatars1.githubusercontent.com/u/10236?v=3
sparklemotion,nokogiri,1153,failing test case for issue 1086,2016-02-17T16:15:43Z,,esse,88689,https://avatars2.githubusercontent.com/u/88689?v=3
sparklemotion,nokogiri,1152,if node doesnt have parent unlink in jruby should return self.,2016-02-17T16:32:48Z,,esse,88689,https://avatars2.githubusercontent.com/u/88689?v=3
sparklemotion,nokogiri,1149,failing test case for html without <head> on jruby,2016-02-17T16:38:40Z,,esse,88689,https://avatars2.githubusercontent.com/u/88689?v=3
sparklemotion,nokogiri,1148,added sax parser for html in jruby - fixes issue #1147 (tests included),2015-01-21T01:40:13Z,,esse,88689,https://avatars2.githubusercontent.com/u/88689?v=3
sparklemotion,nokogiri,1144,Fix support for element_children in document fragments.,2014-08-06T06:01:01Z,2014-08-06T06:01:01Z,kylev,46888,https://avatars1.githubusercontent.com/u/46888?v=3
sparklemotion,nokogiri,1141,Fix warnings in test suite.,2015-01-15T12:09:23Z,2015-01-15T12:09:23Z,kylev,46888,https://avatars1.githubusercontent.com/u/46888?v=3
sparklemotion,nokogiri,1139,add /usr/local/include to search path,2014-09-16T06:35:11Z,,lamont-granquist,454857,https://avatars3.githubusercontent.com/u/454857?v=3
sparklemotion,nokogiri,1134,Fix #1109. Clear the XPath cache when an attribute is removed,2015-01-02T16:11:09Z,,jvshahid,297621,https://avatars2.githubusercontent.com/u/297621?v=3
sparklemotion,nokogiri,1131,- Guard darwin CFLAGS against GCC.,2014-07-21T23:51:19Z,2014-07-21T23:51:19Z,zenspider,9832,https://avatars0.githubusercontent.com/u/9832?v=3
sparklemotion,nokogiri,1128,Fix segfault on parsing invalid html,2015-11-17T14:51:50Z,,libc,7838,https://avatars3.githubusercontent.com/u/7838?v=3
sparklemotion,nokogiri,1125,link libxml2 with liblzma if it is found,2016-01-24T13:55:32Z,,nurse,13423,https://avatars1.githubusercontent.com/u/13423?v=3
sparklemotion,nokogiri,1120,Update README examples with to match new Google HTML.,2015-01-21T01:42:56Z,,danfinnie,92105,https://avatars3.githubusercontent.com/u/92105?v=3
sparklemotion,nokogiri,1117,Add Ruby 2.1.2 to Travis build matrix,2014-07-09T02:33:07Z,2014-07-09T02:33:07Z,greysteil,1144873,https://avatars3.githubusercontent.com/u/1144873?v=3
sparklemotion,nokogiri,1116,typo,2014-06-17T16:01:13Z,2014-06-17T16:01:13Z,dalton,12886,https://avatars1.githubusercontent.com/u/12886?v=3
sparklemotion,nokogiri,1115,Fix for stock ruby 2.0.0 on osx 10.9. Fixes #1101.,2014-06-13T20:48:02Z,2014-06-13T20:48:02Z,zenspider,9832,https://avatars0.githubusercontent.com/u/9832?v=3
sparklemotion,nokogiri,1087,Fix JRuby memory exhaustion vulnerability,2014-05-22T16:15:45Z,,ocher,3472,https://avatars2.githubusercontent.com/u/3472?v=3
sparklemotion,nokogiri,1074,Add mingw additions to CHANGELOG.,2014-04-09T09:07:32Z,2014-04-09T09:07:32Z,larskanis,176234,https://avatars3.githubusercontent.com/u/176234?v=3
sparklemotion,nokogiri,1072,Refactor cross rubies (Act 2),2014-04-03T16:41:51Z,2014-04-03T16:41:51Z,knu,10236,https://avatars1.githubusercontent.com/u/10236?v=3
sparklemotion,nokogiri,1071,Refactor cross rubies,2014-04-03T10:16:27Z,,knu,10236,https://avatars1.githubusercontent.com/u/10236?v=3
sparklemotion,nokogiri,1069,Failing spec for input w/trailing whitespace,2014-05-08T08:24:13Z,2014-05-08T08:24:13Z,aceofspades,81255,https://avatars1.githubusercontent.com/u/81255?v=3
sparklemotion,nokogiri,1065,Fix a issue to use a CLI with the xargs.,2015-01-15T12:21:08Z,,tobynet,20859,https://avatars2.githubusercontent.com/u/20859?v=3
sparklemotion,nokogiri,1062,Cleanup mingw build,2014-04-03T16:41:51Z,2014-04-03T16:41:51Z,larskanis,176234,https://avatars3.githubusercontent.com/u/176234?v=3
sparklemotion,nokogiri,1061,Workaround the MSYS character escaping bug on native mingw builds only.,2014-03-05T10:06:59Z,2014-03-05T10:06:59Z,larskanis,176234,https://avatars3.githubusercontent.com/u/176234?v=3
sparklemotion,nokogiri,1058,Fix for #843 - the xml reader bombs out when trying access attribute namespaces,2015-08-24T17:19:21Z,,2potatocakes,468086,https://avatars0.githubusercontent.com/u/468086?v=3
sparklemotion,nokogiri,1057,Fix NullPointerException resulting from incorrect namespace comparison,2014-03-01T21:05:15Z,2014-03-01T21:05:15Z,mbklein,196872,https://avatars1.githubusercontent.com/u/196872?v=3
sparklemotion,nokogiri,1056,Clear cached XPathContext after attribute change or node removal,2014-03-01T20:51:29Z,2014-03-01T20:51:29Z,mbklein,196872,https://avatars1.githubusercontent.com/u/196872?v=3
sparklemotion,nokogiri,1054,Fix attribute/namespace consistency between original and cloned documents in JRuby,2014-03-01T20:29:35Z,2014-03-01T20:29:35Z,mbklein,196872,https://avatars1.githubusercontent.com/u/196872?v=3
sparklemotion,nokogiri,1050,Bang finder methods - raise if element is nil.,2015-01-15T12:12:12Z,,nathanl,338814,https://avatars1.githubusercontent.com/u/338814?v=3
sparklemotion,nokogiri,1043,Use the :encoding arg on Document.parse even when contents are blank,2016-02-17T17:01:58Z,,batter,951821,https://avatars3.githubusercontent.com/u/951821?v=3
sparklemotion,nokogiri,1040,Allow Nokogiri::XML::Node#parse from unparented non-element nodes.,2014-02-11T00:22:40Z,2014-02-11T00:22:40Z,ender672,41417,https://avatars1.githubusercontent.com/u/41417?v=3
sparklemotion,nokogiri,1033,FIX: doc.root add omment or processinginstruction sibling,2017-01-15T19:37:57Z,,windwiny,45995,https://avatars2.githubusercontent.com/u/45995?v=3
sparklemotion,nokogiri,1032,fixed a typo XLST->XSLT,2014-01-17T14:56:03Z,2014-01-17T14:56:03Z,martinotten,60129,https://avatars1.githubusercontent.com/u/60129?v=3
sparklemotion,nokogiri,1031,Added dependency badge for README file;,2014-01-17T15:04:25Z,2014-01-17T15:04:25Z,timgluz,1223889,https://avatars3.githubusercontent.com/u/1223889?v=3
sparklemotion,nokogiri,1029,Fix to fail searching libxml2/libxslt on mswin.,2014-01-17T14:57:26Z,2014-01-17T14:57:26Z,iwadon,20000,https://avatars3.githubusercontent.com/u/20000?v=3
sparklemotion,nokogiri,1026,Fix 1.6.1 heading in changelog,2014-01-05T19:24:29Z,2014-01-05T19:24:29Z,lencioni,195534,https://avatars0.githubusercontent.com/u/195534?v=3
sparklemotion,nokogiri,1021,Remove excess + from CHANGELOG.rdoc,2014-01-17T14:57:03Z,2014-01-17T14:57:03Z,radar,2687,https://avatars0.githubusercontent.com/u/2687?v=3
sparklemotion,nokogiri,1020,fix customised save format options never override default option,2014-01-17T14:58:08Z,2014-01-17T14:58:08Z,pan,127154,https://avatars2.githubusercontent.com/u/127154?v=3
sparklemotion,nokogiri,1017,Add `replace_entities` to the XML PushParser,2017-01-15T17:40:23Z,,spraints,20158,https://avatars1.githubusercontent.com/u/20158?v=3
sparklemotion,nokogiri,1016,pass env's CFLAGS through to sub-builds,2013-12-09T22:15:43Z,2013-12-09T22:15:43Z,zenspider,9832,https://avatars0.githubusercontent.com/u/9832?v=3
sparklemotion,nokogiri,1011,Update Code Climate Badge,2013-11-27T02:31:02Z,2013-11-27T02:31:02Z,Joshua-Anderson,3526404,https://avatars3.githubusercontent.com/u/3526404?v=3
sparklemotion,nokogiri,1006,Fix segfault when doing marking and doc is not a document node,2013-12-09T19:42:15Z,2013-12-09T19:42:15Z,dbussink,7851,https://avatars3.githubusercontent.com/u/7851?v=3
sparklemotion,nokogiri,1004,Make xpath on JRuby faster,2013-11-26T17:37:47Z,,jvshahid,297621,https://avatars2.githubusercontent.com/u/297621?v=3
sparklemotion,nokogiri,1002,Clean all occurrences of _private on GC when libxml-ruby is loaded.,2013-11-14T02:51:12Z,,JakeAustwick,1095574,https://avatars0.githubusercontent.com/u/1095574?v=3
sparklemotion,nokogiri,1001,Add Nokogiri::XML::Document#collect_namespaces_[href_keys|prefix_keys],2016-02-17T04:47:16Z,,wolfgangw,184025,https://avatars3.githubusercontent.com/u/184025?v=3
sparklemotion,nokogiri,999,"Fix example in Nokogiri::HTML::SAX::Parser: missing ""mode"" in File.read",2013-11-07T02:12:41Z,2013-11-07T02:12:41Z,rosenfeld,32246,https://avatars2.githubusercontent.com/u/32246?v=3
sparklemotion,nokogiri,993,Work around broken vsnprintf implementation in mingw.,2013-11-01T10:44:45Z,2013-11-01T10:44:45Z,larskanis,176234,https://avatars3.githubusercontent.com/u/176234?v=3
sparklemotion,nokogiri,992,Fix interpretation of false as param to doc.canonicalize,2013-10-29T15:17:05Z,2013-10-29T15:17:05Z,larskanis,176234,https://avatars3.githubusercontent.com/u/176234?v=3
sparklemotion,nokogiri,991,Add check for Array type in doc.canonicalize to avoid segfaulting when called with wrong type.,2013-11-01T10:46:32Z,2013-11-01T10:46:32Z,larskanis,176234,https://avatars3.githubusercontent.com/u/176234?v=3
sparklemotion,nokogiri,989,Add support for cross compiling x64-mingw32 fat binary gem and add support for native builds on Windows.,2014-02-24T09:54:41Z,2014-02-24T09:54:41Z,larskanis,176234,https://avatars3.githubusercontent.com/u/176234?v=3
sparklemotion,nokogiri,988,Ensure that '-llzma' linker option comes after '-lxml2'.,2013-10-28T19:37:09Z,,larskanis,176234,https://avatars3.githubusercontent.com/u/176234?v=3
sparklemotion,nokogiri,987,"Do the clean after build more verbosely, so that it's logged which directories were removed.",2013-10-27T23:59:11Z,2013-10-27T23:59:11Z,larskanis,176234,https://avatars3.githubusercontent.com/u/176234?v=3
sparklemotion,nokogiri,979,Better comment for @libdir_basename in extconf.rb,2013-10-22T10:09:27Z,2013-10-22T10:09:27Z,srawlins,103167,https://avatars0.githubusercontent.com/u/103167?v=3
sparklemotion,nokogiri,976,Add support for cross compiling for the x64-mingw32 platform.,2013-10-27T20:24:15Z,,larskanis,176234,https://avatars3.githubusercontent.com/u/176234?v=3
sparklemotion,nokogiri,968,improve *-of-type and *-child pseudo selectors,2013-11-01T10:48:09Z,2013-11-01T10:48:09Z,twalpole,16556,https://avatars1.githubusercontent.com/u/16556?v=3
sparklemotion,nokogiri,963,Added failing tests for '<<' and '<<<some html'.,2014-01-23T15:14:06Z,,kaspth,350807,https://avatars3.githubusercontent.com/u/350807?v=3
sparklemotion,nokogiri,962,Nokogiri doesn't recognize xml namespace,2014-01-23T15:10:29Z,,kaspth,350807,https://avatars3.githubusercontent.com/u/350807?v=3
sparklemotion,nokogiri,959,Namespace cache rework,2014-04-14T23:57:51Z,,rdingwell,17702,https://avatars1.githubusercontent.com/u/17702?v=3
sparklemotion,nokogiri,923,nokogiri 1.6.0 fails to load embedded version of libxml2 if absolute path changes,2013-10-22T10:08:13Z,2013-10-22T10:08:13Z,knu,10236,https://avatars1.githubusercontent.com/u/10236?v=3
sparklemotion,nokogiri,947,Add ruby-2.0.0 and allow ruby-head to fail to Travis CI config,2013-08-08T12:38:48Z,2013-08-08T12:38:47Z,eitoball,34205,https://avatars3.githubusercontent.com/u/34205?v=3
sparklemotion,nokogiri,946,"Fix ""undefined method `licenses='""  when running rake tasks",2013-07-25T11:01:34Z,2013-07-25T11:01:34Z,eitoball,34205,https://avatars3.githubusercontent.com/u/34205?v=3
sparklemotion,nokogiri,933,CHANGELOG translate into Japanese,2013-07-04T02:58:55Z,2013-07-04T02:58:55Z,ykzts,12539,https://avatars3.githubusercontent.com/u/12539?v=3
sparklemotion,nokogiri,932,Fix a regexp to guess HTML,2013-08-08T14:38:57Z,2013-08-08T14:38:57Z,ykzts,12539,https://avatars3.githubusercontent.com/u/12539?v=3
sparklemotion,nokogiri,931,extconf.rb: Don't call pkg_config when using bundled libraries,2013-07-02T15:11:38Z,2013-07-02T15:11:38Z,sorah,29440,https://avatars1.githubusercontent.com/u/29440?v=3
sparklemotion,nokogiri,930,"Adds support for Solaris, OpenSolaris, or illumos.",2013-06-27T11:23:33Z,2013-06-27T11:23:33Z,ctborg,929050,https://avatars0.githubusercontent.com/u/929050?v=3
sparklemotion,nokogiri,915,[BUG] Nested builder parentage doesn't work,2016-02-17T17:34:02Z,,benlangfeld,210221,https://avatars0.githubusercontent.com/u/210221?v=3
sparklemotion,nokogiri,912,fixed JRuby schema validation when XSD has DOCTYPE to DTD,2013-06-03T18:50:33Z,2013-06-03T18:50:33Z,patcheng,328610,https://avatars3.githubusercontent.com/u/328610?v=3
sparklemotion,nokogiri,903,Use explicit variable name in extconf.rb,2013-05-13T13:50:00Z,2013-05-13T13:50:00Z,dbussink,7851,https://avatars3.githubusercontent.com/u/7851?v=3
sparklemotion,nokogiri,900,exchange string and regexp in assert_match tests,2013-05-14T20:39:27Z,2013-05-14T20:39:27Z,boutil,990732,https://avatars1.githubusercontent.com/u/990732?v=3
sparklemotion,nokogiri,895,Clean all occurrences of _private on GC when libxml-ruby is loaded.,2014-05-22T16:18:38Z,,ender672,41417,https://avatars1.githubusercontent.com/u/41417?v=3
sparklemotion,nokogiri,889,NodeSet#each should return self,2014-01-18T20:31:24Z,,Wardrop,201442,https://avatars2.githubusercontent.com/u/201442?v=3
sparklemotion,nokogiri,887,Add support for bare and multiple :not() functions in selectors,2013-07-02T15:13:36Z,2013-07-02T15:13:36Z,Mange,1599,https://avatars2.githubusercontent.com/u/1599?v=3
sparklemotion,nokogiri,886,Add support for an-b in nth selectors,2013-06-14T12:50:13Z,2013-06-14T12:50:13Z,Mange,1599,https://avatars2.githubusercontent.com/u/1599?v=3
sparklemotion,nokogiri,880,"Add Japanese Changelog for 1.5.7, 1.5.8 and 1.5.9",2013-04-04T12:36:28Z,2013-04-04T12:36:28Z,kyanny,10515,https://avatars0.githubusercontent.com/u/10515?v=3
sparklemotion,nokogiri,877,Use rb_ary_entry instead of RARRAY_PTR,2013-05-15T13:38:26Z,2013-05-15T13:38:26Z,dbussink,7851,https://avatars3.githubusercontent.com/u/7851?v=3
sparklemotion,nokogiri,872,Set a reference to the node in XML::SyntaxError,2013-06-24T14:55:03Z,,phorque,99209,https://avatars1.githubusercontent.com/u/99209?v=3
sparklemotion,nokogiri,870,Ensure that prefixed attributes are properly namespaced when reparented,2013-03-21T00:08:20Z,,mbklein,196872,https://avatars1.githubusercontent.com/u/196872?v=3
sparklemotion,nokogiri,868,Allow use of a prefixed namespace on a root node using Nokogiri::XML::Builder,2013-03-19T19:35:36Z,,mbklein,196872,https://avatars1.githubusercontent.com/u/196872?v=3
sparklemotion,nokogiri,867,Tests and fix for duplicated attributes,2013-03-19T19:06:03Z,,mbklein,196872,https://avatars1.githubusercontent.com/u/196872?v=3
sparklemotion,nokogiri,859,Fix CSS selector parser when only the :not pseudo class,2013-07-05T09:15:15Z,,ykzts,12539,https://avatars3.githubusercontent.com/u/12539?v=3
sparklemotion,nokogiri,858,Add feature that the ':only-child' pseudo class should work even though it's in ':not' pseudo class.,2013-06-14T12:53:28Z,2013-06-14T12:53:28Z,ykzts,12539,https://avatars3.githubusercontent.com/u/12539?v=3
sparklemotion,nokogiri,853,possible solution for issue 852,2013-04-03T21:10:16Z,,munkyboy,107797,https://avatars1.githubusercontent.com/u/107797?v=3
sparklemotion,nokogiri,848,Make changelog consistent,2013-03-11T07:16:35Z,,gravis,12752,https://avatars2.githubusercontent.com/u/12752?v=3
sparklemotion,nokogiri,846,JRuby & Builder namespace improvements: Take 2,2013-03-11T08:33:00Z,,mbklein,196872,https://avatars1.githubusercontent.com/u/196872?v=3
sparklemotion,nokogiri,836,Add encoding alias for libxml2,2013-10-22T11:28:19Z,2013-10-22T11:28:19Z,tricknotes,290782,https://avatars1.githubusercontent.com/u/290782?v=3
sparklemotion,nokogiri,828,UTF-8 downcase,2013-01-13T02:58:44Z,,vanemaster,367542,https://avatars1.githubusercontent.com/u/367542?v=3
sparklemotion,nokogiri,826,Fix for #818,2013-01-13T18:07:13Z,2013-01-13T18:07:13Z,benlangfeld,210221,https://avatars0.githubusercontent.com/u/210221?v=3
sparklemotion,nokogiri,821,[BUG] Namespace definitions polluted on JRuby,2013-03-19T00:51:59Z,,benlangfeld,210221,https://avatars0.githubusercontent.com/u/210221?v=3
sparklemotion,nokogiri,813,Run valgrind on Travis CI,2017-01-15T17:16:31Z,,benlangfeld,210221,https://avatars0.githubusercontent.com/u/210221?v=3
sparklemotion,nokogiri,812,JRuby & Builder namespace improvements,2013-02-12T22:27:42Z,,mbklein,196872,https://avatars1.githubusercontent.com/u/196872?v=3
sparklemotion,nokogiri,810,Test to demostrate https://github.com/sparklemotion/nokogiri/pull/791,2013-06-03T18:31:55Z,,patcheng,328610,https://avatars3.githubusercontent.com/u/328610?v=3
sparklemotion,nokogiri,805,Fix EmptyStackException thrown by nokogiri-java when an xlink:href attribute shows up with an empty XmlBaseStack,2013-03-19T01:04:42Z,2013-03-19T01:04:42Z,quoideneuf,1626547,https://avatars3.githubusercontent.com/u/1626547?v=3
sparklemotion,nokogiri,803,Fixing documentation for XML::Node#namespace and added test for it with attribute nodes,2013-11-21T14:24:09Z,,hoylen,1381377,https://avatars0.githubusercontent.com/u/1381377?v=3
sparklemotion,nokogiri,797,Fix for pull request #794,2012-11-23T03:21:18Z,,jvshahid,297621,https://avatars2.githubusercontent.com/u/297621?v=3
sparklemotion,nokogiri,795,Allow rbx to fail in 1.9 mode,2012-11-26T19:17:04Z,2012-11-26T19:17:04Z,jc00ke,18191,https://avatars3.githubusercontent.com/u/18191?v=3
sparklemotion,nokogiri,794,Add failing test case for Nokogiri::XML::Node#content inconsistency between Java and C,2012-11-20T21:40:17Z,,benlangfeld,210221,https://avatars0.githubusercontent.com/u/210221?v=3
sparklemotion,nokogiri,791,"jruby - when XSD has DOCTYPE to DTD, not able to load the file.",2013-06-03T18:31:13Z,,patcheng,328610,https://avatars3.githubusercontent.com/u/328610?v=3
sparklemotion,nokogiri,788,Allow rbx to fail in 1.9 mode,2012-11-20T04:40:01Z,,jc00ke,18191,https://avatars3.githubusercontent.com/u/18191?v=3
sparklemotion,nokogiri,772,Fix issue #771,2012-10-05T14:45:03Z,2012-10-05T14:45:03Z,tychobrailleur,114285,https://avatars3.githubusercontent.com/u/114285?v=3
sparklemotion,nokogiri,763,Fixes #762 - corrects dead link in docs to tenderlove's blog,2012-09-17T01:12:07Z,2012-09-17T01:12:07Z,carols10cents,193874,https://avatars1.githubusercontent.com/u/193874?v=3
sparklemotion,nokogiri,757,parse_io should respect @encoding when no encoding is passed to it,2016-02-17T17:17:11Z,,soulcutter,97257,https://avatars1.githubusercontent.com/u/97257?v=3
sparklemotion,nokogiri,756,Raise an ArgumentError when invalid encoding is specified,2012-09-02T03:09:51Z,2012-09-02T03:09:51Z,soulcutter,97257,https://avatars1.githubusercontent.com/u/97257?v=3
sparklemotion,nokogiri,745,Save the URI the user passes in bin/nokogiri.,2013-05-15T22:05:23Z,,rue,3393,https://avatars0.githubusercontent.com/u/3393?v=3
sparklemotion,nokogiri,737,wrong content in jruby when node includes new lines,2012-07-31T22:03:18Z,2012-07-31T22:03:18Z,esse,88689,https://avatars2.githubusercontent.com/u/88689?v=3
sparklemotion,nokogiri,735,"Handle the fact that in some cases, not entirely understood by me but reflected in the test case, the namespaces can come into XPathContext#register_namespaces with frozen UTF-16 keys",2015-01-11T19:05:58Z,,Empact,5470,https://avatars1.githubusercontent.com/u/5470?v=3
sparklemotion,nokogiri,733,"Issue with doctype of xhtml files, when parsing as xml in jruby",2012-07-23T22:33:32Z,2012-07-23T22:33:32Z,esse,88689,https://avatars2.githubusercontent.com/u/88689?v=3
sparklemotion,nokogiri,731,Detect xslt transform errors,2012-09-04T04:44:20Z,2012-09-04T04:44:20Z,Fitzsimmons,418066,https://avatars1.githubusercontent.com/u/418066?v=3
sparklemotion,nokogiri,730,Add Code Climate badge,2012-09-04T05:13:50Z,,brynary,19,https://avatars3.githubusercontent.com/u/19?v=3
sparklemotion,nokogiri,729,Misc features,2012-10-05T20:58:29Z,2012-10-05T20:58:29Z,benlangfeld,210221,https://avatars0.githubusercontent.com/u/210221?v=3
sparklemotion,nokogiri,728,[BUG] Failing test on JRuby,2012-07-21T23:07:39Z,2012-07-21T23:07:39Z,benlangfeld,210221,https://avatars0.githubusercontent.com/u/210221?v=3
sparklemotion,nokogiri,726,Prefixed attribute accessors,2012-10-22T03:17:15Z,,benlangfeld,210221,https://avatars0.githubusercontent.com/u/210221?v=3
sparklemotion,nokogiri,725,Processing instruction on SAX,2012-10-01T18:19:22Z,2012-10-01T18:19:22Z,KitaitiMakoto,386512,https://avatars2.githubusercontent.com/u/386512?v=3
sparklemotion,nokogiri,723,Failing test case for issue #712,2012-07-08T08:36:59Z,2012-07-08T08:36:59Z,benlangfeld,210221,https://avatars0.githubusercontent.com/u/210221?v=3
sparklemotion,nokogiri,710,Fix @tenderlove's site URL,2012-07-03T20:18:29Z,2012-07-03T20:18:29Z,rafaelfranca,47848,https://avatars0.githubusercontent.com/u/47848?v=3
sparklemotion,nokogiri,709,Update Readme to fix typo.,2012-06-21T18:32:30Z,2012-06-21T18:32:30Z,ldenman,1603,https://avatars2.githubusercontent.com/u/1603?v=3
sparklemotion,nokogiri,701,update Readmes and other files to recognize sparklemotion org,2012-06-21T14:15:24Z,,burningTyger,263378,https://avatars0.githubusercontent.com/u/263378?v=3
sparklemotion,nokogiri,698,Fixes issue #674.,2012-06-11T11:52:59Z,2012-06-11T11:52:59Z,jvshahid,297621,https://avatars2.githubusercontent.com/u/297621?v=3
sparklemotion,nokogiri,697,Fixes issue #691.,2012-06-11T11:47:50Z,2012-06-11T11:47:50Z,jvshahid,297621,https://avatars2.githubusercontent.com/u/297621?v=3
sparklemotion,nokogiri,690,Treat '.' as xpath in at() and search(),2012-06-07T20:15:09Z,,dlee,7035,https://avatars1.githubusercontent.com/u/7035?v=3
sparklemotion,nokogiri,687,Try using pkg-config for libraries when possible,2012-06-07T20:27:52Z,,nanaya,276295,https://avatars2.githubusercontent.com/u/276295?v=3
sparklemotion,nokogiri,686,Documentation update,2012-05-23T16:39:38Z,2012-05-23T16:39:38Z,donpdonp,13176,https://avatars1.githubusercontent.com/u/13176?v=3
sparklemotion,nokogiri,685,Fix JRuby thread safety bugs causes by shared Xpath object [#682],2012-05-29T02:35:17Z,,aselder,11577,https://avatars3.githubusercontent.com/u/11577?v=3
sparklemotion,nokogiri,681,Bugfix in Jruby that cause xpath with 'xmlns:' to return empty results,2012-06-14T07:17:08Z,,esse,88689,https://avatars2.githubusercontent.com/u/88689?v=3
sparklemotion,nokogiri,678,Test for fragment node before assuming a node doc pointer is a doc.,2012-06-07T20:01:49Z,2012-06-07T20:01:49Z,ender672,41417,https://avatars1.githubusercontent.com/u/41417?v=3
sparklemotion,nokogiri,676,Fixing typo,2012-05-15T15:37:07Z,2012-05-15T15:37:07Z,jc00ke,18191,https://avatars3.githubusercontent.com/u/18191?v=3
sparklemotion,nokogiri,675,adding better validation error reporting to the --rng option,2012-06-05T14:39:57Z,2012-06-05T14:39:57Z,radez,361619,https://avatars1.githubusercontent.com/u/361619?v=3
sparklemotion,nokogiri,660,add optional fallback encoding to HTML::Document.parse w/ autodetect,2014-01-18T20:33:03Z,,riffraff,37493,https://avatars2.githubusercontent.com/u/37493?v=3
sparklemotion,nokogiri,654,Fix build error: ext/java/nokogiri/internals/PushInputStream.java is no ...,2012-04-11T16:04:16Z,2012-04-11T16:04:16Z,wolfgangw,184025,https://avatars3.githubusercontent.com/u/184025?v=3
sparklemotion,nokogiri,651,Documentation fix,2012-04-05T18:30:00Z,2012-04-05T18:30:00Z,luisparravicini,45163,https://avatars0.githubusercontent.com/u/45163?v=3
sparklemotion,nokogiri,645,fix #617: check elements inclusion and add tests to check inner_xml with several elements,2012-03-30T01:44:28Z,2012-03-30T01:44:28Z,calavera,1050,https://avatars3.githubusercontent.com/u/1050?v=3
sparklemotion,nokogiri,644,fix #617: Nokogiri::XML::Reader#outer_xml is broken in JRuby,2012-03-29T21:12:52Z,2012-03-29T21:12:52Z,calavera,1050,https://avatars3.githubusercontent.com/u/1050?v=3
sparklemotion,nokogiri,635,Save original error handlers and restore them afterwards,2012-03-18T14:51:12Z,2012-03-18T14:51:12Z,tomhughes,147741,https://avatars3.githubusercontent.com/u/147741?v=3
sparklemotion,nokogiri,633,"doc.css(""a[class='bar']"") doesn't work if the XML document has default namespace",2012-03-12T17:12:07Z,2012-03-12T17:12:07Z,gimite,15363,https://avatars2.githubusercontent.com/u/15363?v=3
sparklemotion,nokogiri,629,Fix to build for x64-mswin64,2012-03-05T17:44:39Z,2012-03-05T17:44:39Z,iwadon,20000,https://avatars3.githubusercontent.com/u/20000?v=3
sparklemotion,nokogiri,623,"Support prefixless CSS selectors for +, ~, and > (Issue #621)",2012-04-26T23:33:38Z,,dlee,7035,https://avatars1.githubusercontent.com/u/7035?v=3
sparklemotion,nokogiri,619,Update .travis.yml to use up-to-date Rubies and aliases,2012-02-15T18:13:00Z,2012-02-15T18:13:00Z,michaelklishin,1090,https://avatars0.githubusercontent.com/u/1090?v=3
sparklemotion,nokogiri,618,adding travis-ci badge to the readme,2012-02-15T17:14:59Z,2012-02-15T17:14:59Z,plentz,4867,https://avatars2.githubusercontent.com/u/4867?v=3
sparklemotion,nokogiri,606,Fixes on string XPath functions,2012-02-01T00:57:09Z,2012-02-01T00:57:09Z,waj,22697,https://avatars0.githubusercontent.com/u/22697?v=3
sparklemotion,nokogiri,605,Fix segfault when invoking custom XPath function without arguments,2012-01-30T19:36:38Z,2012-01-30T19:36:38Z,waj,22697,https://avatars0.githubusercontent.com/u/22697?v=3
sparklemotion,nokogiri,604,Fix example to work with current format of Google results page.,2012-02-05T00:46:02Z,2012-02-05T00:46:02Z,amaia,8741,https://avatars3.githubusercontent.com/u/8741?v=3
sparklemotion,nokogiri,599,"#include ""ruby/util.h"" if available",2012-02-05T00:38:39Z,2012-02-05T00:38:39Z,jfirebaugh,98601,https://avatars1.githubusercontent.com/u/98601?v=3
sparklemotion,nokogiri,598,Add rbx-18mode to .travis.yml,2012-02-05T00:41:33Z,2012-02-05T00:41:33Z,jfirebaugh,98601,https://avatars1.githubusercontent.com/u/98601?v=3
sparklemotion,nokogiri,597,Downgrade to hoe-debugging 1.0.1,2012-02-05T00:48:07Z,2012-02-05T00:48:07Z,jfirebaugh,98601,https://avatars1.githubusercontent.com/u/98601?v=3
sparklemotion,nokogiri,591,Adding a relaxNG validator into the cli,2012-02-05T01:10:16Z,2012-02-05T01:10:16Z,radez,361619,https://avatars1.githubusercontent.com/u/361619?v=3
sparklemotion,nokogiri,563,C14n fix and new parameters,2011-11-17T19:11:19Z,2011-11-17T19:11:19Z,me,9734,https://avatars1.githubusercontent.com/u/9734?v=3
sparklemotion,nokogiri,554,fix for issue 550 (prevent siblings from being added to root),2011-11-08T18:13:50Z,2011-11-08T18:13:50Z,duncan-bayne,65949,https://avatars3.githubusercontent.com/u/65949?v=3
sparklemotion,nokogiri,552,fix for issue 550 (prevent siblings from being added to root),2011-10-18T21:08:10Z,,duncan-bayne,65949,https://avatars3.githubusercontent.com/u/65949?v=3
sparklemotion,nokogiri,544,Fix meta_encoding with empty or broken Content-Type header.,2011-10-07T02:07:14Z,2011-10-07T02:07:14Z,bernd,461,https://avatars1.githubusercontent.com/u/461?v=3
sparklemotion,nokogiri,539,Prevent segfault when removing namespaces on a document with XML entities,2011-11-08T18:14:21Z,2011-11-08T18:14:21Z,ender672,41417,https://avatars1.githubusercontent.com/u/41417?v=3
sparklemotion,nokogiri,534,Fix EmptyStackException thrown by elements with xlink:href attributes and no base_uri.,2013-03-19T01:08:01Z,,bilts,61120,https://avatars2.githubusercontent.com/u/61120?v=3
sparklemotion,nokogiri,527,Use non-strings for element attribute names to set values,2011-11-08T18:29:14Z,,caius,696,https://avatars1.githubusercontent.com/u/696?v=3
sparklemotion,nokogiri,524,OOM error by feeding a huge xml to Nokogiri::XML::Reader in JRuby,2013-11-12T01:06:17Z,,koichiro,9646,https://avatars1.githubusercontent.com/u/9646?v=3
sparklemotion,nokogiri,522,fix ArgumentError exception: not_found should have no arguments,2011-08-18T11:47:08Z,2011-08-18T11:47:08Z,rosenfeld,32246,https://avatars2.githubusercontent.com/u/32246?v=3
sparklemotion,nokogiri,519,Don't override gcc optimize flag in extconf.rb,2011-11-08T18:13:07Z,2011-11-08T18:13:07Z,ender672,41417,https://avatars1.githubusercontent.com/u/41417?v=3
sparklemotion,nokogiri,517,Plug memory leak when an xpath returns namespaces,2011-11-08T18:33:48Z,2011-11-08T18:33:48Z,ender672,41417,https://avatars1.githubusercontent.com/u/41417?v=3
sparklemotion,nokogiri,516,Prevent potential segfault when an attribute node is replaced,2011-08-10T20:10:06Z,2011-08-10T20:10:06Z,ender672,41417,https://avatars1.githubusercontent.com/u/41417?v=3
sparklemotion,nokogiri,515,Add Nokogiri to the Travis-CI,2011-08-30T17:52:20Z,2011-08-30T17:52:20Z,dbussink,7851,https://avatars3.githubusercontent.com/u/7851?v=3
sparklemotion,nokogiri,511,Disable the node cache when we are using an XML Reader,2011-11-23T20:40:06Z,2011-11-23T20:40:06Z,ender672,41417,https://avatars1.githubusercontent.com/u/41417?v=3
sparklemotion,nokogiri,509,Refactor NodeSet#to_a,2011-11-08T18:39:16Z,2011-11-08T18:39:16Z,ender672,41417,https://avatars1.githubusercontent.com/u/41417?v=3
sparklemotion,nokogiri,507,Proposed C coding style.,2011-11-08T18:39:59Z,2011-11-08T18:39:59Z,ender672,41417,https://avatars1.githubusercontent.com/u/41417?v=3
sparklemotion,nokogiri,506,"The member doc of nokogiriTuple is a VALUE, not a libxml doc pointer",2011-11-23T07:37:50Z,2011-11-23T07:37:50Z,ender672,41417,https://avatars1.githubusercontent.com/u/41417?v=3
sparklemotion,nokogiri,504,Fix two memory leaks with custom XSLT function arguments,2011-11-23T07:33:02Z,2011-11-23T07:33:02Z,ender672,41417,https://avatars1.githubusercontent.com/u/41417?v=3
sparklemotion,nokogiri,503,Fix segfault when GC deletes a custom XSLT function instance,2011-11-23T07:25:22Z,2011-11-23T07:25:22Z,ender672,41417,https://avatars1.githubusercontent.com/u/41417?v=3
sparklemotion,nokogiri,502,Added test for issue #494,2013-11-12T01:25:08Z,,sglee77,133936,https://avatars1.githubusercontent.com/u/133936?v=3
sparklemotion,nokogiri,501,Plug a memory leak in XML::Node#replace,2011-11-28T21:56:09Z,,ender672,41417,https://avatars1.githubusercontent.com/u/41417?v=3
sparklemotion,nokogiri,500,Plug memory leak in XML::Text.new,2011-11-08T21:34:29Z,2011-11-08T21:34:29Z,ender672,41417,https://avatars1.githubusercontent.com/u/41417?v=3
sparklemotion,nokogiri,498,Fix a memory leak when XSLT.parse fails,2011-11-08T21:22:20Z,2011-11-08T21:22:20Z,ender672,41417,https://avatars1.githubusercontent.com/u/41417?v=3
sparklemotion,nokogiri,497,Invalid file imports caused errors when loading nokogiri via JRuby RedBridge,2011-07-28T20:08:03Z,,sglee77,133936,https://avatars1.githubusercontent.com/u/133936?v=3
sparklemotion,nokogiri,491,Added code to nicely initialise the NokogiriXsltErrorListener,2011-08-13T03:45:33Z,,dparnell,43903,https://avatars1.githubusercontent.com/u/43903?v=3
sparklemotion,nokogiri,481,Don't return the first chunk twice when parsing an HTML file with unknown,2011-06-29T11:22:43Z,2011-06-29T11:22:43Z,ender672,41417,https://avatars1.githubusercontent.com/u/41417?v=3
sparklemotion,nokogiri,471,Fix read from temp file (actually just added a test which fails on Linux in Ruby 1.8.7 p302),2011-06-06T15:46:05Z,2011-06-06T15:46:05Z,stepheneb,7188,https://avatars3.githubusercontent.com/u/7188?v=3
sparklemotion,nokogiri,464,Default custom XPath function handler,2012-12-12T03:39:52Z,2012-12-12T03:39:52Z,mbklein,196872,https://avatars1.githubusercontent.com/u/196872?v=3
sparklemotion,nokogiri,460,Verifing that we have a document or file before validating,2011-05-18T21:26:28Z,2011-05-18T21:26:28Z,nathanl,338814,https://avatars1.githubusercontent.com/u/338814?v=3
sparklemotion,nokogiri,453,Add Nokogiri::XML::SAX::ParserContext#recovery,2013-11-13T01:01:50Z,2013-11-13T01:01:50Z,libc,7838,https://avatars3.githubusercontent.com/u/7838?v=3
sparklemotion,nokogiri,447,V1.5.0.beta.3,2011-05-24T19:28:47Z,2011-05-24T19:28:47Z,gpherguson,122640,https://avatars1.githubusercontent.com/u/122640?v=3
sparklemotion,nokogiri,446,Nokogiri#parse html expression too greedy,2011-06-04T21:21:45Z,,sciolist,163642,https://avatars3.githubusercontent.com/u/163642?v=3
sparklemotion,nokogiri,438,add xinclude processing functionality,2011-08-10T13:56:22Z,2011-08-10T13:56:22Z,tobijk,589139,https://avatars0.githubusercontent.com/u/589139?v=3
sparklemotion,nokogiri,431,Support for libxml XML_PARSE_HUGE,2011-03-04T16:35:01Z,,jenshimmelreich,121799,https://avatars1.githubusercontent.com/u/121799?v=3
sparklemotion,nokogiri,427,""".."" as a bit of valid XPath",2011-02-24T16:26:59Z,,hcatlin,111,https://avatars2.githubusercontent.com/u/111?v=3
sparklemotion,nokogiri,424,"Align << with how it works in array, libxml-ruby, etc",2011-03-16T13:24:30Z,,bmidgley,63477,https://avatars3.githubusercontent.com/u/63477?v=3
sparklemotion,nokogiri,421,Free vasprintf() results with Ruby Enterprise Edition's system_free() API if possible,2011-02-15T19:14:47Z,2011-02-15T19:14:47Z,FooBarWidget,819,https://avatars0.githubusercontent.com/u/819?v=3
sparklemotion,nokogiri,414,Prevent buffer overflow in xml_io.c when io return string is too long,2011-02-27T22:17:45Z,,ender672,41417,https://avatars1.githubusercontent.com/u/41417?v=3
sparklemotion,nokogiri,413,Fix Memory Leak in xml_io.c,2011-02-05T16:39:46Z,,ender672,41417,https://avatars1.githubusercontent.com/u/41417?v=3
sparklemotion,nokogiri,409,added a usage example to SaveOptions,2011-02-01T00:07:29Z,,rickhull,127443,https://avatars0.githubusercontent.com/u/127443?v=3
sparklemotion,nokogiri,408,Add respond_to? to Slop decorator,2011-04-26T13:22:51Z,,shtirlic,74080,https://avatars3.githubusercontent.com/u/74080?v=3
sparklemotion,nokogiri,392,Added code to surface the Java exception details when XSL transformation fails,2011-02-01T11:18:39Z,,dparnell,43903,https://avatars1.githubusercontent.com/u/43903?v=3
sparklemotion,nokogiri,386,"Ooo, one more typo",2011-01-26T06:07:46Z,,gpherguson,122640,https://avatars1.githubusercontent.com/u/122640?v=3
sparklemotion,nokogiri,385,Minor spelling correction in documentation,2011-01-26T06:08:02Z,,gpherguson,122640,https://avatars1.githubusercontent.com/u/122640?v=3
sparklemotion,nokogiri,377,MSVC fixes,2010-11-19T18:15:00Z,,romuloceccon,40032,https://avatars3.githubusercontent.com/u/40032?v=3
sparklemotion,nokogiri,376,NodeSet css bug fix,2010-12-07T05:07:25Z,,SeanTAllen,193596,https://avatars1.githubusercontent.com/u/193596?v=3
sparklemotion,nokogiri,368,"new documentation, fixed error",2010-11-02T12:15:59Z,,jrochkind,149304,https://avatars0.githubusercontent.com/u/149304?v=3
sparklemotion,nokogiri,365,improved comments for rdoc generation,2010-11-02T12:19:19Z,,jrochkind,149304,https://avatars0.githubusercontent.com/u/149304?v=3
sparklemotion,nokogiri,352,build fixes and --encoding option of bin/nokogiri,2010-10-15T13:26:33Z,,nobu,16700,https://avatars3.githubusercontent.com/u/16700?v=3
