puma,puma,1252,Added case when stopping launcher not works,,,adisos,592907,https://avatars1.githubusercontent.com/u/592907?v=3
puma,puma,1248,Replace stub method with working implementation,,,davidarnold,1002893,https://avatars2.githubusercontent.com/u/1002893?v=3
puma,puma,1239,[close #1238] Don't call non-existent method,2017-03-10T17:15:12Z,2017-03-10T17:15:12Z,schneems,59744,https://avatars1.githubusercontent.com/u/59744?v=3
puma,puma,1237,Travis: JRuby 9.1.8.0,2017-03-09T13:22:11Z,2017-03-09T13:22:11Z,olleolleolle,211,https://avatars3.githubusercontent.com/u/211?v=3
puma,puma,1236,Fix test error,2017-03-09T17:38:03Z,2017-03-09T17:38:03Z,mtsmfm,1796864,https://avatars3.githubusercontent.com/u/1796864?v=3
puma,puma,1235,Allow user supplied procline tags to be dynamic,2017-03-09T22:31:12Z,,tannerburson,31713,https://avatars1.githubusercontent.com/u/31713?v=3
puma,puma,1234,Implement user_supplied_options behavior.,2017-03-09T18:10:52Z,2017-03-09T18:10:52Z,schneems,59744,https://avatars1.githubusercontent.com/u/59744?v=3
puma,puma,1229,Failing tests for Port decision logic,2017-03-06T18:34:38Z,,schneems,59744,https://avatars1.githubusercontent.com/u/59744?v=3
puma,puma,1227,Abort closed clients to save capacity,2017-02-27T20:26:57Z,2017-02-27T20:26:57Z,sirupsen,97400,https://avatars0.githubusercontent.com/u/97400?v=3
puma,puma,1226,Only write if file doesn't exist,2017-03-09T20:30:11Z,2017-03-09T20:30:11Z,eileencodes,1080678,https://avatars3.githubusercontent.com/u/1080678?v=3
puma,puma,1225,Avoid waiting on idle connections when we have only 1 worker thread,,,davidor,907223,https://avatars1.githubusercontent.com/u/907223?v=3
puma,puma,1223,Log parse_error's only in debug mode,,,sasso,8398242,https://avatars3.githubusercontent.com/u/8398242?v=3
puma,puma,1219,Prevent accumulation of clients being polled forever.,,,aasmith,12484,https://avatars1.githubusercontent.com/u/12484?v=3
puma,puma,1215,"Revert ""fix access priorities of each level in LeveledOptions""",2017-02-17T22:57:10Z,,robertomiranda,505427,https://avatars0.githubusercontent.com/u/505427?v=3
puma,puma,1213,Remove Bundler dependency from tests.,2017-02-28T17:09:05Z,2017-02-28T17:09:05Z,junaruga,121989,https://avatars1.githubusercontent.com/u/121989?v=3
puma,puma,1206,Bug fix for a race condition on MRI(all versions).,,,NickolasVashchenko,2265459,https://avatars3.githubusercontent.com/u/2265459?v=3
puma,puma,1203,Specified parameters should overwrite loaded config files,2017-02-09T15:07:12Z,2017-02-09T15:07:12Z,twalpole,16556,https://avatars1.githubusercontent.com/u/16556?v=3
puma,puma,1198,Support for rvm,2017-01-30T17:43:22Z,2017-01-30T17:43:22Z,stiig,8639922,https://avatars0.githubusercontent.com/u/8639922?v=3
puma,puma,1192,Fix a typo,2017-02-09T14:32:51Z,2017-02-09T14:32:51Z,NafaaBout,1812732,https://avatars2.githubusercontent.com/u/1812732?v=3
puma,puma,1190,Travis: jruby-9.1.7.0,2017-01-19T15:32:21Z,2017-01-19T15:32:21Z,olleolleolle,211,https://avatars3.githubusercontent.com/u/211?v=3
puma,puma,1186,Add option to reject connections when shutting down.,,,aquach,815193,https://avatars3.githubusercontent.com/u/815193?v=3
puma,puma,1185,3.7.0,2017-01-04T20:32:37Z,2017-01-04T20:32:37Z,nateberkopec,845662,https://avatars3.githubusercontent.com/u/845662?v=3
puma,puma,1179,set RACK_URL_SCHEME to https when X-FORWARDED-PROTO is https,,,jnimety,70484,https://avatars2.githubusercontent.com/u/70484?v=3
puma,puma,1178,Make `get_dh1024` compatible with OpenSSL v1.1.0,2016-12-21T19:34:43Z,2016-12-21T19:34:43Z,Koronen,543455,https://avatars3.githubusercontent.com/u/543455?v=3
puma,puma,1175,Raise error when `stdout` or `stderr` is not writable,2016-12-21T19:35:53Z,2016-12-21T19:35:53Z,jemiam,281261,https://avatars3.githubusercontent.com/u/281261?v=3
puma,puma,1174,Launcher: Typo: argv should be args here,2016-12-14T13:47:15Z,2016-12-14T13:47:15Z,olleolleolle,211,https://avatars3.githubusercontent.com/u/211?v=3
puma,puma,1172, Add background process configuration,2016-12-12T16:53:28Z,2016-12-12T16:53:28Z,mdesantis,283320,https://avatars0.githubusercontent.com/u/283320?v=3
puma,puma,1169,Add eof? method to NullIO?,2016-12-12T16:58:37Z,2016-12-12T16:58:37Z,scbrubaker02,1929861,https://avatars1.githubusercontent.com/u/1929861?v=3
puma,puma,1165,Move TTOU processing,2016-12-21T19:48:40Z,2016-12-21T19:48:40Z,sriedel,199033,https://avatars0.githubusercontent.com/u/199033?v=3
puma,puma,1164,Remove unused var from Puma::Client.,2016-12-12T19:57:54Z,2016-12-12T19:57:54Z,frodsan,840464,https://avatars2.githubusercontent.com/u/840464?v=3
puma,puma,1163,Silence logger in Binder tests.,2016-11-25T18:32:41Z,2016-11-25T18:32:41Z,frodsan,840464,https://avatars2.githubusercontent.com/u/840464?v=3
puma,puma,1162,Add more tests to Puma::Events,2016-11-24T22:57:07Z,2016-11-24T22:57:07Z,frodsan,840464,https://avatars2.githubusercontent.com/u/840464?v=3
puma,puma,1161,Add some tests to Puma::Events,2016-11-24T00:20:47Z,2016-11-24T00:20:47Z,frodsan,840464,https://avatars2.githubusercontent.com/u/840464?v=3
puma,puma,1160,Use hooks for on_booted event.,2016-11-24T18:00:51Z,2016-11-24T18:00:51Z,frodsan,840464,https://avatars2.githubusercontent.com/u/840464?v=3
puma,puma,1159,Use Puma#jruby? helper.,2016-11-23T14:38:10Z,2016-11-23T14:38:10Z,frodsan,840464,https://avatars2.githubusercontent.com/u/840464?v=3
puma,puma,1158,Add tests for Puma::NullIO method comments.,2016-11-23T14:32:33Z,2016-11-23T14:32:33Z,frodsan,840464,https://avatars2.githubusercontent.com/u/840464?v=3
puma,puma,1157,Remove unused file from test suite.,2016-11-23T14:15:08Z,2016-11-23T14:15:08Z,frodsan,840464,https://avatars2.githubusercontent.com/u/840464?v=3
puma,puma,1156,Use Puma env detection helpers in tests.,2016-11-23T00:27:30Z,2016-11-23T00:27:30Z,frodsan,840464,https://avatars2.githubusercontent.com/u/840464?v=3
puma,puma,1153,Remove unused vars from mini_ssl.c.,2016-11-22T14:54:31Z,2016-11-22T14:54:31Z,frodsan,840464,https://avatars2.githubusercontent.com/u/840464?v=3
puma,puma,1152,Use Minitest instead of Test::Unit,2016-11-22T15:05:49Z,2016-11-22T15:05:49Z,frodsan,840464,https://avatars2.githubusercontent.com/u/840464?v=3
puma,puma,1146,"WIP: MiniSSL.java: Implement #init?, #shutdown",,,olleolleolle,211,https://avatars3.githubusercontent.com/u/211?v=3
puma,puma,1145,Travis: jruby-9.1.6.0 is latest stable,2016-11-20T19:00:29Z,2016-11-20T19:00:29Z,olleolleolle,211,https://avatars3.githubusercontent.com/u/211?v=3
puma,puma,1144,"Omit test that fails randomly on CI, TODO fix",2016-11-20T18:17:58Z,2016-11-20T18:17:58Z,nateberkopec,845662,https://avatars3.githubusercontent.com/u/845662?v=3
puma,puma,1143,Skip test_phased_restart_via_pumactl,2016-11-20T18:21:44Z,2016-11-20T18:21:44Z,nateberkopec,845662,https://avatars3.githubusercontent.com/u/845662?v=3
puma,puma,1142,Stop travis double-builds,2016-11-20T17:10:50Z,2016-11-20T17:10:50Z,nateberkopec,845662,https://avatars3.githubusercontent.com/u/845662?v=3
puma,puma,1141,Add 60 second timeout to all test cases,2016-11-20T17:20:58Z,2016-11-20T17:20:58Z,nateberkopec,845662,https://avatars3.githubusercontent.com/u/845662?v=3
puma,puma,1140,"Fix rbx build, trusty beta on Travis",2016-11-20T17:47:37Z,2016-11-20T17:47:37Z,nateberkopec,845662,https://avatars3.githubusercontent.com/u/845662?v=3
puma,puma,1139,Travis fix for jruby-head,2016-11-20T16:20:20Z,2016-11-20T16:20:20Z,nateberkopec,845662,https://avatars3.githubusercontent.com/u/845662?v=3
puma,puma,1138,Really fix `uninitialized constant Puma::StateFile`,2016-12-13T20:51:06Z,2016-12-13T20:51:06Z,steakknife,224304,https://avatars0.githubusercontent.com/u/224304?v=3
puma,puma,1135,Transfer encoding header should be downcased before comparison,2016-11-19T13:24:29Z,2016-11-19T13:24:29Z,jkraemer,19400,https://avatars2.githubusercontent.com/u/19400?v=3
puma,puma,1129,Allow rack handler to accept ssl host,2016-12-12T19:59:12Z,2016-12-12T19:59:12Z,chtitux,329467,https://avatars0.githubusercontent.com/u/329467?v=3
puma,puma,1124,Travis: Test on JRuby 9.1.5.0,2016-11-20T16:47:48Z,,olleolleolle,211,https://avatars3.githubusercontent.com/u/211?v=3
puma,puma,1121,plugins: listen_reaper add_plugin_restart_hook,2016-12-13T20:55:27Z,,steakknife,224304,https://avatars0.githubusercontent.com/u/224304?v=3
puma,puma,1120,Fixed the issue of @listeners getting nil io,2016-11-21T14:40:56Z,2016-11-21T14:40:56Z,prathamesh-sonpatki,621238,https://avatars1.githubusercontent.com/u/621238?v=3
puma,puma,1118,fix access priorities of each level in LeveledOptions,2016-11-20T19:10:35Z,2016-11-20T19:10:35Z,hiroara,1583848,https://avatars3.githubusercontent.com/u/1583848?v=3
puma,puma,1114,Prune bundler should inherit fds,2016-12-13T20:51:41Z,2016-12-13T20:51:41Z,sj26,14028,https://avatars2.githubusercontent.com/u/14028?v=3
puma,puma,1111,Config first data timeout,,,alexlance,2713116,https://avatars1.githubusercontent.com/u/2713116?v=3
puma,puma,1110,Replace use of Process.getpgid which does not behave as intended on all platforms,2016-12-12T19:56:15Z,2016-12-12T19:56:15Z,montdidier,1673628,https://avatars1.githubusercontent.com/u/1673628?v=3
puma,puma,1109,Update config.rb,2016-11-20T18:38:36Z,2016-11-20T18:38:36Z,schneems,59744,https://avatars1.githubusercontent.com/u/59744?v=3
puma,puma,1105,Allow extra runtime deps to be defined when using prune_bundler,,,daveallie,968573,https://avatars2.githubusercontent.com/u/968573?v=3
puma,puma,1102,Update config.rb,2016-09-23T19:42:37Z,2016-09-23T19:42:37Z,allcentury,5561166,https://avatars3.githubusercontent.com/u/5561166?v=3
puma,puma,1097,stub description files updated,2016-09-21T15:53:28Z,2016-09-21T15:53:28Z,silverdr,4529686,https://avatars0.githubusercontent.com/u/4529686?v=3
puma,puma,1096,Improve required testhelp.rb path.,2016-09-21T15:53:05Z,2016-09-21T15:53:05Z,junaruga,121989,https://avatars1.githubusercontent.com/u/121989?v=3
puma,puma,1095,Duplicated load path,2016-09-20T17:15:47Z,2016-09-20T17:15:47Z,junaruga,121989,https://avatars1.githubusercontent.com/u/121989?v=3
puma,puma,1091,Compare host and server name only once per call.,2016-09-17T21:05:59Z,2016-09-17T21:05:59Z,frodsan,840464,https://avatars2.githubusercontent.com/u/840464?v=3
puma,puma,1090,Add issue template.,2016-09-17T21:05:45Z,2016-09-17T21:05:45Z,frodsan,840464,https://avatars2.githubusercontent.com/u/840464?v=3
puma,puma,1088,Minor refactor on Thread pool,2016-11-20T18:36:47Z,2016-11-20T18:36:47Z,frodsan,840464,https://avatars2.githubusercontent.com/u/840464?v=3
puma,puma,1087,Fix typo in readme,2016-09-17T21:03:56Z,2016-09-17T21:03:56Z,nathanbwright,4740018,https://avatars3.githubusercontent.com/u/4740018?v=3
puma,puma,1086,Remove unused constants.,2016-09-17T21:03:43Z,2016-09-17T21:03:43Z,frodsan,840464,https://avatars2.githubusercontent.com/u/840464?v=3
puma,puma,1084,Use delete_if to remove dead workers.,2016-09-08T21:45:20Z,2016-09-08T21:45:20Z,frodsan,840464,https://avatars2.githubusercontent.com/u/840464?v=3
puma,puma,1083,Require StateFile if needed.,2016-09-08T21:45:08Z,2016-09-08T21:45:08Z,frodsan,840464,https://avatars2.githubusercontent.com/u/840464?v=3
puma,puma,1081,Check if logger responds to `write`,2016-09-08T21:44:34Z,2016-09-08T21:44:34Z,frodsan,840464,https://avatars2.githubusercontent.com/u/840464?v=3
puma,puma,1079,Remove unused constants from Puma::CommonLogger.,2016-09-08T21:36:42Z,2016-09-08T21:36:42Z,frodsan,840464,https://avatars2.githubusercontent.com/u/840464?v=3
puma,puma,1078,Travis fix 2.1,2016-09-08T21:36:01Z,2016-09-08T21:36:01Z,spk,98590,https://avatars0.githubusercontent.com/u/98590?v=3
puma,puma,1077,Rack handler uses ::Rack::CommonLogger.,2016-09-08T21:35:45Z,2016-09-08T21:35:45Z,frodsan,840464,https://avatars2.githubusercontent.com/u/840464?v=3
puma,puma,1073,Modify a require path for testhelp to pass the test.,2016-09-05T17:24:56Z,2016-09-05T17:24:56Z,junaruga,121989,https://avatars1.githubusercontent.com/u/121989?v=3
puma,puma,1071,Bump Ruby versions.,2016-09-05T17:24:32Z,2016-09-05T17:24:32Z,frodsan,840464,https://avatars2.githubusercontent.com/u/840464?v=3
puma,puma,1070,Drop support for 1.8.7 and 1.9.2.,2016-09-05T17:24:22Z,2016-09-05T17:24:22Z,frodsan,840464,https://avatars2.githubusercontent.com/u/840464?v=3
puma,puma,1069,Fix warning: MiniTest::Unit::TestCase is now Minitest::Test.,2016-09-05T17:23:54Z,2016-09-05T17:23:54Z,frodsan,840464,https://avatars2.githubusercontent.com/u/840464?v=3
puma,puma,1068,Support rack 2.,2016-09-05T17:23:39Z,2016-09-05T17:23:39Z,junaruga,121989,https://avatars1.githubusercontent.com/u/121989?v=3
puma,puma,1066,Fix warning: MiniTest::Unit::TestCase is now Minitest::Test.,2016-09-01T18:23:52Z,,frodsan,840464,https://avatars2.githubusercontent.com/u/840464?v=3
puma,puma,1065,Remove unused constants.,2016-09-01T16:37:04Z,2016-09-01T16:37:04Z,frodsan,840464,https://avatars2.githubusercontent.com/u/840464?v=3
puma,puma,1064,Remove 100-199 status codes from constant.,2016-09-01T18:13:58Z,2016-09-01T18:13:58Z,frodsan,840464,https://avatars2.githubusercontent.com/u/840464?v=3
puma,puma,1061,Fix Puma init.d start,2016-09-05T17:23:27Z,2016-09-05T17:23:27Z,michaelsauter,215455,https://avatars2.githubusercontent.com/u/215455?v=3
puma,puma,1059,Add support for `verify_name`.,,,mieko,364079,https://avatars2.githubusercontent.com/u/364079?v=3
puma,puma,1056,Use NIO to manage the reactor,,,evanphx,7,https://avatars3.githubusercontent.com/u/7?v=3
puma,puma,1055,Enable log_requests for integration tests,2016-08-20T20:09:56Z,2016-08-20T20:09:56Z,graaff,11150,https://avatars3.githubusercontent.com/u/11150?v=3
puma,puma,1054,Prototype native websocket support,,,evanphx,7,https://avatars3.githubusercontent.com/u/7?v=3
puma,puma,1052,Document usage of environment variables,2016-08-18T16:43:38Z,2016-08-18T16:43:38Z,michaelsauter,215455,https://avatars2.githubusercontent.com/u/215455?v=3
puma,puma,1051,Add phased-restart to usage of one puma,2016-08-18T16:43:08Z,2016-08-18T16:43:08Z,michaelsauter,215455,https://avatars2.githubusercontent.com/u/215455?v=3
puma,puma,1049,Rename History.md to CHANGELOG.md,2016-08-16T15:07:40Z,,WaKeMaTTa,3450257,https://avatars2.githubusercontent.com/u/3450257?v=3
puma,puma,1043,Add section to control/status app documentation,2016-08-12T02:28:22Z,2016-08-12T02:28:22Z,l0010o0001l,5507015,https://avatars2.githubusercontent.com/u/5507015?v=3
puma,puma,1032,Convert History.txt to Markdown,2016-07-26T01:48:01Z,2016-07-26T01:48:01Z,swrobel,157270,https://avatars1.githubusercontent.com/u/157270?v=3
puma,puma,1031,Rename History.txt to History.rdoc,2016-07-26T01:29:44Z,,swrobel,157270,https://avatars1.githubusercontent.com/u/157270?v=3
puma,puma,1025,adds network address,2016-07-21T21:07:31Z,,walidvb,810604,https://avatars1.githubusercontent.com/u/810604?v=3
puma,puma,1021,Don't let persistent_timeout be nil,2016-07-20T17:56:05Z,2016-07-20T17:56:05Z,benzrf,305914,https://avatars1.githubusercontent.com/u/305914?v=3
puma,puma,1017,Allow persistent_timeout to be configured via the dsl.,2016-07-19T04:22:18Z,2016-07-19T04:22:17Z,jorihardman,99236,https://avatars2.githubusercontent.com/u/99236?v=3
puma,puma,1015,Typo :) [ci skip],2016-07-19T04:21:15Z,2016-07-19T04:21:15Z,bf4,142914,https://avatars1.githubusercontent.com/u/142914?v=3
puma,puma,1014,Update reference to the instances management script,2016-07-11T16:58:30Z,2016-07-11T16:58:30Z,szymon-jez,35540,https://avatars1.githubusercontent.com/u/35540?v=3
puma,puma,1007,[ci skip]Update default number of threads,2016-06-24T17:02:54Z,2016-06-24T17:02:54Z,willnet,82371,https://avatars1.githubusercontent.com/u/82371?v=3
puma,puma,994,Bump required_ruby_version to 1.9.3,2016-07-25T16:43:59Z,2016-07-25T16:43:59Z,jeremyevans,3846,https://avatars0.githubusercontent.com/u/3846?v=3
puma,puma,993,Fix `TCPLogger` log error in tcp cluster mode.,2016-07-19T04:19:50Z,2016-07-19T04:19:50Z,scorix,842097,https://avatars1.githubusercontent.com/u/842097?v=3
puma,puma,981,fix typo in example config,2016-07-19T04:19:34Z,2016-07-19T04:19:34Z,zach-chai,6678182,https://avatars1.githubusercontent.com/u/6678182?v=3
puma,puma,977,NEW: add phased-restart support to init.d script,2016-05-10T01:52:24Z,2016-05-10T01:52:24Z,snow,72957,https://avatars1.githubusercontent.com/u/72957?v=3
puma,puma,974,Set worker thread name.,2016-05-10T01:51:56Z,2016-05-10T01:51:56Z,reidmorrison,146852,https://avatars1.githubusercontent.com/u/146852?v=3
puma,puma,970,Delete blank document [ci skip],2016-04-26T17:21:19Z,2016-04-26T17:21:19Z,willnet,82371,https://avatars1.githubusercontent.com/u/82371?v=3
puma,puma,969,Fix puma/puma#968 Cannot bind SSL port due to missing verify_mode option,2016-05-10T01:51:27Z,2016-05-10T01:51:27Z,frankwong15,1615749,https://avatars1.githubusercontent.com/u/1615749?v=3
puma,puma,967,Add http logging to parse error,2016-04-22T23:39:22Z,,shicholas,889427,https://avatars3.githubusercontent.com/u/889427?v=3
puma,puma,960,Add How to stop Puma on Heroku using plugins to the example directory,2016-04-15T22:45:41Z,2016-04-15T22:45:41Z,kmayer,19684,https://avatars2.githubusercontent.com/u/19684?v=3
puma,puma,956,Tiny fixes in hook documentation for #840,2016-04-12T16:17:41Z,2016-04-12T16:17:41Z,maxkwallace,3249377,https://avatars2.githubusercontent.com/u/3249377?v=3
puma,puma,955,Add request info to standard error rescue,2016-04-22T23:37:32Z,2016-04-22T23:37:32Z,jf,7270,https://avatars2.githubusercontent.com/u/7270?v=3
puma,puma,954,Update comment for Puma::Events#unknown_error (does not take an `env` anymore),2016-04-12T16:17:00Z,2016-04-12T16:17:00Z,jf,7270,https://avatars2.githubusercontent.com/u/7270?v=3
puma,puma,951,"Reverse the order of fetching data from config to make puma config source of truth and return value from it first, if present",2016-04-12T16:16:46Z,,vipulnsward,567626,https://avatars2.githubusercontent.com/u/567626?v=3
puma,puma,947,Fix typos at couple of places.,2016-04-07T18:46:00Z,2016-04-07T18:46:00Z,vipulnsward,567626,https://avatars2.githubusercontent.com/u/567626?v=3
puma,puma,946,rm unused pid,2016-04-07T18:10:44Z,2016-04-07T18:10:44Z,vipulnsward,567626,https://avatars2.githubusercontent.com/u/567626?v=3
puma,puma,945,systemd docs refined,2016-04-07T16:51:39Z,2016-04-07T16:51:39Z,dekellum,54785,https://avatars3.githubusercontent.com/u/54785?v=3
puma,puma,942,"Socket activation cleanup, fixes, and a doc",2016-04-01T23:06:50Z,2016-04-01T23:06:50Z,dekellum,54785,https://avatars3.githubusercontent.com/u/54785?v=3
puma,puma,940,Add signals documentation to README.md,2016-04-01T23:08:07Z,2016-04-01T23:08:07Z,kyledrake,28153,https://avatars1.githubusercontent.com/u/28153?v=3
puma,puma,936,Allow overriding options of Configuration object,2016-04-01T23:07:49Z,2016-04-01T23:07:49Z,prathamesh-sonpatki,621238,https://avatars1.githubusercontent.com/u/621238?v=3
puma,puma,931,Delete capistrano.rb,2016-03-18T04:34:25Z,2016-03-18T04:34:25Z,joneslee85,135605,https://avatars1.githubusercontent.com/u/135605?v=3
puma,puma,927,Allow cluster.rb to work with gems.rb too,2016-03-18T04:34:14Z,2016-03-18T04:34:14Z,jlecour,5142,https://avatars0.githubusercontent.com/u/5142?v=3
puma,puma,926,Set required ruby version to 2.1+ in gemspec,2016-03-07T17:29:29Z,,deepj,33736,https://avatars3.githubusercontent.com/u/33736?v=3
puma,puma,924,Fixes #922 - Correctly define file encoding as UTF-8,2016-03-07T17:29:43Z,2016-03-07T17:29:43Z,tbrisker,1540531,https://avatars1.githubusercontent.com/u/1540531?v=3
puma,puma,921,Test on rbx-3 as well,2016-03-06T05:53:17Z,2016-03-06T05:53:17Z,swrobel,157270,https://avatars1.githubusercontent.com/u/157270?v=3
puma,puma,912,Fix the JRuby version in `allow_failures` section of `.travis.yml`,2016-03-06T05:52:22Z,2016-03-06T05:52:22Z,tricknotes,290782,https://avatars1.githubusercontent.com/u/290782?v=3
puma,puma,909,Set a more explicit SERVER_SOFTWARE Rack variable,2016-03-06T05:51:54Z,2016-03-06T05:51:54Z,julik,16446,https://avatars0.githubusercontent.com/u/16446?v=3
puma,puma,908,Set a more explicit SERVER_SOFTWARE Rack variable,2016-02-27T17:30:19Z,,julik,16446,https://avatars0.githubusercontent.com/u/16446?v=3
puma,puma,905,Make `plugin :tmp_restart` behavior correct in Windows.,2016-02-26T18:04:47Z,2016-02-26T18:04:47Z,Eric-Guo,1131536,https://avatars0.githubusercontent.com/u/1131536?v=3
puma,puma,902,Fix undefined method and variable when execute pumactl,2016-02-26T18:04:03Z,2016-02-26T18:04:03Z,corrupt952,2923219,https://avatars3.githubusercontent.com/u/2923219?v=3
puma,puma,901,fix uninitialized constant Puma::ControlCLI::StateFile,2016-02-26T18:03:33Z,2016-02-26T18:03:33Z,mitto,837134,https://avatars2.githubusercontent.com/u/837134?v=3
puma,puma,899,Update README.md,2016-02-25T20:52:57Z,2016-02-25T20:52:57Z,kch,8216,https://avatars3.githubusercontent.com/u/8216?v=3
puma,puma,897,Backlog parameter for unix sockets,2016-02-25T20:52:43Z,2016-02-25T20:52:43Z,vanchi-zendesk,1341591,https://avatars2.githubusercontent.com/u/1341591?v=3
puma,puma,893,Move require 'yaml' to state_file.rb,2016-02-25T17:10:45Z,2016-02-25T17:10:45Z,spastorino,52642,https://avatars3.githubusercontent.com/u/52642?v=3
puma,puma,891,Improves the clustered stats to report worker stats,2016-02-25T20:52:19Z,2016-02-25T20:52:19Z,ctaintor,113958,https://avatars3.githubusercontent.com/u/113958?v=3
puma,puma,890,Add Directory Configuration Docs,2016-02-25T20:50:56Z,2016-02-25T20:50:56Z,todd,120350,https://avatars2.githubusercontent.com/u/120350?v=3
puma,puma,888,Use newest version of Minitest,2016-02-25T21:56:09Z,2016-02-25T21:56:09Z,mlarraz,2575714,https://avatars3.githubusercontent.com/u/2575714?v=3
puma,puma,887,Clean up badge formatting and use SVG,2016-02-11T19:21:37Z,2016-02-11T19:21:37Z,mlarraz,2575714,https://avatars3.githubusercontent.com/u/2575714?v=3
puma,puma,884,env['async.callback'] support,2016-02-25T20:46:09Z,2016-02-25T20:46:09Z,furkanmustafa,596741,https://avatars0.githubusercontent.com/u/596741?v=3
puma,puma,883,Signal not full on worker exit #876,2016-02-25T20:49:27Z,2016-02-25T20:49:27Z,dadah89,697824,https://avatars1.githubusercontent.com/u/697824?v=3
puma,puma,879,Add NullIO#size and test,2016-02-05T05:36:41Z,2016-02-05T05:36:41Z,mwpastore,8540936,https://avatars0.githubusercontent.com/u/8540936?v=3
puma,puma,877,Fix jruby server tests,2016-02-04T18:38:57Z,2016-02-04T18:38:57Z,schneems,59744,https://avatars1.githubusercontent.com/u/59744?v=3
puma,puma,875,Fix server tests,2016-02-04T16:48:20Z,2016-02-04T16:48:20Z,schneems,59744,https://avatars1.githubusercontent.com/u/59744?v=3
puma,puma,874,Update README.md with doc review fixes.,2016-02-25T20:50:19Z,2016-02-25T20:50:19Z,wallclockbuilder,2033945,https://avatars2.githubusercontent.com/u/2033945?v=3
puma,puma,873,Override REMOTE_ADDR header if set_remote_address has been used,2016-02-01T18:42:10Z,,mfrank01,4182294,https://avatars0.githubusercontent.com/u/4182294?v=3
puma,puma,872,Fix java parser generation,2016-02-02T23:47:07Z,2016-02-02T23:47:07Z,tawan,6555,https://avatars1.githubusercontent.com/u/6555?v=3
puma,puma,871,Remove Rubinius 1.x from .travis.yml and update JRuby to 9.0.5.0,2016-02-25T20:49:43Z,2016-02-25T20:49:43Z,deepj,33736,https://avatars3.githubusercontent.com/u/33736?v=3
puma,puma,868,Exit if max_threads == 0,2016-01-29T01:17:42Z,2016-01-29T01:17:42Z,errm,115280,https://avatars1.githubusercontent.com/u/115280?v=3
puma,puma,864,Ensure bundler installed rack is on the $LOAD_PATH before global rack fixes #859,2016-01-28T03:41:19Z,,boxofrad,580803,https://avatars3.githubusercontent.com/u/580803?v=3
puma,puma,863,Ensure bundler installed rack is on the $LOAD_PATH before globally installed rack,2016-01-18T14:02:11Z,,boxofrad,580803,https://avatars3.githubusercontent.com/u/580803?v=3
puma,puma,861,allow umask for unix:/// style control urls,2016-01-15T18:12:19Z,2016-01-15T18:12:19Z,osheroff,260084,https://avatars2.githubusercontent.com/u/260084?v=3
puma,puma,860,expose `old_worker_count` in stats url,2016-01-15T18:12:29Z,2016-01-15T18:12:29Z,osheroff,260084,https://avatars2.githubusercontent.com/u/260084?v=3
puma,puma,858,Fix some warnings,2016-01-28T03:41:31Z,2016-01-28T03:41:31Z,mlarraz,2575714,https://avatars3.githubusercontent.com/u/2575714?v=3
puma,puma,857,make phased restarts faster,2016-01-15T18:42:32Z,2016-01-15T18:42:32Z,osheroff,260084,https://avatars2.githubusercontent.com/u/260084?v=3
puma,puma,856,Initial Seperation of CLI and Server Launcher work,2016-02-06T05:01:51Z,2016-02-06T05:01:51Z,schneems,59744,https://avatars1.githubusercontent.com/u/59744?v=3
puma,puma,853,DSL need cli_options,2016-01-28T03:43:15Z,2016-01-28T03:43:15Z,Jeffrey6052,668018,https://avatars0.githubusercontent.com/u/668018?v=3
puma,puma,850,"Test against the latest Ruby 2.1, 2.2, 2.3, head and JRuby 9.0.4.0 on Travis",2016-01-15T18:42:46Z,2016-01-15T18:42:46Z,deepj,33736,https://avatars3.githubusercontent.com/u/33736?v=3
puma,puma,846,Don't persist before_fork hook in state file,2016-01-15T18:43:10Z,2016-01-15T18:43:10Z,sriedel,199033,https://avatars0.githubusercontent.com/u/199033?v=3
puma,puma,845,"Fix `Object#timeout is deprecated, use Timeout.timeout instead.` in tests",2016-01-28T03:43:27Z,2016-01-28T03:43:27Z,deepj,33736,https://avatars3.githubusercontent.com/u/33736?v=3
puma,puma,839,Allow to run puma in silent mode,2016-01-15T18:44:57Z,2016-01-15T18:44:57Z,ka8725,243846,https://avatars3.githubusercontent.com/u/243846?v=3
puma,puma,837,Support passing JRuby keystore info in ssl_bind DSL,2016-01-28T03:43:40Z,2016-01-28T03:43:40Z,YurySolovyov,2168518,https://avatars3.githubusercontent.com/u/2168518?v=3
puma,puma,833,support TLS client auth (verify_mode) in jruby,2016-01-28T03:44:01Z,2016-01-28T03:44:01Z,joemiller,377603,https://avatars1.githubusercontent.com/u/377603?v=3
puma,puma,822,Remove NEWRELIC_DISPATCHER env variable,2016-01-28T03:44:20Z,2016-01-28T03:44:20Z,kwugirl,3782112,https://avatars0.githubusercontent.com/u/3782112?v=3
puma,puma,819,Only set ctx.ca iff there is a params['ca'] to set with.,2015-11-06T23:32:11Z,2015-11-06T23:32:11Z,VictorLowther,770578,https://avatars2.githubusercontent.com/u/770578?v=3
puma,puma,818,puma/http_parser: support duplicate headers,2015-11-06T20:26:53Z,2015-11-06T20:26:53Z,unleashed,201794,https://avatars1.githubusercontent.com/u/201794?v=3
puma,puma,817,cluster: add worker_boot_timeout option,2015-11-06T17:57:15Z,2015-11-06T17:57:15Z,unleashed,201794,https://avatars1.githubusercontent.com/u/201794?v=3
puma,puma,814,[ci skip] More explicit docs for worker_timeout,2015-11-04T16:54:57Z,2015-11-04T16:54:57Z,schneems,59744,https://avatars1.githubusercontent.com/u/59744?v=3
puma,puma,810,Pumactl: set correct process name. Fixes #563,2015-11-06T17:53:46Z,2015-11-06T17:53:46Z,vlmonk,6134,https://avatars3.githubusercontent.com/u/6134?v=3
puma,puma,809,thread_pool: fix race condition when shutting down workers,2015-11-06T17:54:49Z,2015-11-06T17:54:49Z,unleashed,201794,https://avatars1.githubusercontent.com/u/201794?v=3
puma,puma,804,fix for typo mentioned in #803,2015-11-06T17:55:38Z,2015-11-06T17:55:38Z,burningTyger,263378,https://avatars0.githubusercontent.com/u/263378?v=3
puma,puma,802,Disable SSL Compression,2015-11-06T17:55:54Z,2015-11-06T17:55:54Z,scottjg,118412,https://avatars2.githubusercontent.com/u/118412?v=3
puma,puma,801,Use SSL_CTX_use_certificate_chain_file for full chain,2015-11-06T17:56:23Z,2015-11-06T17:56:23Z,scottjg,118412,https://avatars2.githubusercontent.com/u/118412?v=3
puma,puma,800,Fix typo (it's -> its),2015-11-06T17:56:37Z,2015-11-06T17:56:37Z,liamseanbrady,8338057,https://avatars1.githubusercontent.com/u/8338057?v=3
puma,puma,799,Fix spelling errors.,2015-11-06T17:57:00Z,2015-11-06T17:57:00Z,annawinkler,3526523,https://avatars0.githubusercontent.com/u/3526523?v=3
puma,puma,796,Fix error message in DSL that was slightly inaccurate,2015-10-13T16:06:38Z,2015-10-13T16:06:38Z,cschneid,6119,https://avatars1.githubusercontent.com/u/6119?v=3
puma,puma,795,"puma/cli: support specifying STD{OUT,ERR} redirections and append mode",2015-11-06T17:59:32Z,2015-11-06T17:59:32Z,unleashed,201794,https://avatars1.githubusercontent.com/u/201794?v=3
puma,puma,794,Allow setting CA certificates without setting a verify mode,2015-11-06T17:59:21Z,2015-11-06T17:59:21Z,peterkeen,13977,https://avatars2.githubusercontent.com/u/13977?v=3
puma,puma,793,Fix bug setting worker_directory when using a symlink directory,2015-11-06T17:59:05Z,2015-11-06T17:59:05Z,robdimarco,14490,https://avatars3.githubusercontent.com/u/14490?v=3
puma,puma,791,configuration: allow empty tags to mean no tag desired,2015-10-01T16:21:39Z,2015-10-01T16:21:39Z,unleashed,201794,https://avatars1.githubusercontent.com/u/201794?v=3
puma,puma,781,Fix typo in deployment description,2015-11-06T17:58:43Z,2015-11-06T17:58:43Z,sunsations,1168252,https://avatars3.githubusercontent.com/u/1168252?v=3
puma,puma,774,CHG: make jungle for init.d support rbenv,2015-11-06T17:58:33Z,2015-11-06T17:58:33Z,snow,72957,https://avatars1.githubusercontent.com/u/72957?v=3
puma,puma,773,Spelling corrections,2015-11-06T17:57:32Z,2015-11-06T17:57:32Z,rossta,11673,https://avatars2.githubusercontent.com/u/11673?v=3
puma,puma,768,Add before_fork explanation in Readme.md,2015-11-06T17:58:01Z,2015-11-06T17:58:01Z,nathansamson,93735,https://avatars1.githubusercontent.com/u/93735?v=3
puma,puma,761,Eliminate logging overhead from JRuby SSL,2015-08-14T23:22:08Z,2015-08-14T23:22:08Z,dmarcotte,711001,https://avatars0.githubusercontent.com/u/711001?v=3
puma,puma,759,Check for OPENSSL_NO_ECDH before using ECDH,2015-08-14T23:21:42Z,2015-08-14T23:21:41Z,BenV,128300,https://avatars0.githubusercontent.com/u/128300?v=3
puma,puma,754,Add before_fork hooks option.,2015-08-14T23:21:15Z,2015-08-14T23:21:15Z,nathansamson,93735,https://avatars1.githubusercontent.com/u/93735?v=3
puma,puma,751,Ruby 1.8.7 compatibility fixes,2015-07-31T19:04:38Z,2015-07-31T19:04:38Z,costi,33752,https://avatars2.githubusercontent.com/u/33752?v=3
puma,puma,749,Fix Capistrano 'uninitialized constant Puma' error.,2015-08-04T04:40:15Z,2015-08-04T04:40:14Z,huacnlee,5518,https://avatars1.githubusercontent.com/u/5518?v=3
puma,puma,748,Fix installation from bundler's github option,2015-08-04T11:00:01Z,,deivid-rodriguez,2887858,https://avatars1.githubusercontent.com/u/2887858?v=3
puma,puma,743,Skip empty parts when chunking,2015-07-18T00:14:51Z,2015-07-18T00:14:51Z,matthewd,1034,https://avatars2.githubusercontent.com/u/1034?v=3
puma,puma,742,Fix uninitialized constant error,2015-07-17T20:35:51Z,2015-07-17T20:35:51Z,deivid-rodriguez,2887858,https://avatars1.githubusercontent.com/u/2887858?v=3
puma,puma,736,typo fix: occured -> occurred,2015-07-15T16:58:22Z,2015-07-15T16:58:22Z,paulanunda,155981,https://avatars3.githubusercontent.com/u/155981?v=3
puma,puma,730,Convert to container infrastructure for travisci,2015-07-14T17:33:12Z,2015-07-14T17:33:12Z,iamjarvo,321306,https://avatars2.githubusercontent.com/u/321306?v=3
puma,puma,729,Update DEPLOYMENT.md,2015-07-14T17:33:28Z,2015-07-14T17:33:28Z,allaire,304461,https://avatars3.githubusercontent.com/u/304461?v=3
puma,puma,726,Handle ENOTCONN when setting REMOTE_ADDR,2015-07-14T17:33:57Z,2015-07-14T17:33:57Z,jshafton,1406184,https://avatars0.githubusercontent.com/u/1406184?v=3
puma,puma,725,Make puma -v and -h return success exit code,2015-07-14T17:33:03Z,2015-07-14T17:33:03Z,rwz,129043,https://avatars1.githubusercontent.com/u/129043?v=3
puma,puma,715,Add additional env when start rails app or restart app,2015-07-14T17:34:25Z,2015-07-14T17:34:25Z,RobotJiang,501182,https://avatars3.githubusercontent.com/u/501182?v=3
puma,puma,712,Make pumactl load config/puma.rb by default,2015-07-14T17:34:45Z,2015-07-14T17:34:45Z,chewi,35072,https://avatars0.githubusercontent.com/u/35072?v=3
puma,puma,711,Do not suppress Content-Length on partial hijack (fixes #710),2015-06-10T18:21:17Z,2015-06-10T18:21:17Z,julik,16446,https://avatars0.githubusercontent.com/u/16446?v=3
puma,puma,709,ssl: Add Client Side Certificate Auth,2015-06-10T18:14:41Z,2015-06-10T18:14:41Z,lian,6937,https://avatars0.githubusercontent.com/u/6937?v=3
puma,puma,704,Check for system-wide rbenv install in Upstart script,2015-06-10T18:14:53Z,2015-06-10T18:14:53Z,grega,91799,https://avatars3.githubusercontent.com/u/91799?v=3
puma,puma,703,Improve Travis settings,2015-06-10T18:15:06Z,2015-06-10T18:15:06Z,deepj,33736,https://avatars3.githubusercontent.com/u/33736?v=3
puma,puma,702,Add thread reaping to thread pool,2015-06-10T18:15:44Z,2015-06-10T18:15:44Z,nesQuick,584259,https://avatars1.githubusercontent.com/u/584259?v=3
puma,puma,701,Start running tests against JRuby 9k on Travis,2015-05-19T04:10:04Z,2015-05-19T04:10:04Z,deepj,33736,https://avatars3.githubusercontent.com/u/33736?v=3
puma,puma,700,Add support for batched phased restarts,2015-05-12T08:59:36Z,,ramonsnir,1024028,https://avatars2.githubusercontent.com/u/1024028?v=3
puma,puma,699,Require Rack::Builder,2015-05-19T04:13:39Z,2015-05-19T04:13:39Z,deees,282701,https://avatars2.githubusercontent.com/u/282701?v=3
puma,puma,698,Fix C/JRuby hang on bad SSL handshake (fixes JRuby travis),2015-05-04T22:28:37Z,2015-05-04T22:28:37Z,dmarcotte,711001,https://avatars0.githubusercontent.com/u/711001?v=3
puma,puma,697,Added tests for bind configuration on rackup file,2015-06-10T18:17:16Z,2015-06-10T18:17:16Z,spk,98590,https://avatars0.githubusercontent.com/u/98590?v=3
puma,puma,693,Fix example config text,2015-06-10T18:17:28Z,2015-06-10T18:17:28Z,rob-murray,1809160,https://avatars2.githubusercontent.com/u/1809160?v=3
puma,puma,686,update Readme with example of custom error handler,2015-06-10T18:17:41Z,2015-06-10T18:17:41Z,jjb,6097,https://avatars1.githubusercontent.com/u/6097?v=3
puma,puma,674,pass raw IO objects to IO.select in reactor,2015-08-14T23:58:35Z,,mmmries,80008,https://avatars0.githubusercontent.com/u/80008?v=3
puma,puma,673,Remove capistrano,2015-08-14T23:58:09Z,,chulkilee,69235,https://avatars3.githubusercontent.com/u/69235?v=3
puma,puma,672,Refactor CLI & Configuration,2015-03-15T06:46:38Z,2015-03-15T06:46:38Z,chulkilee,69235,https://avatars3.githubusercontent.com/u/69235?v=3
puma,puma,669,WIP CLI: Args over config,2015-08-14T23:58:09Z,,chulkilee,69235,https://avatars3.githubusercontent.com/u/69235?v=3
puma,puma,668,Update README.md,2015-08-14T23:23:40Z,2015-08-14T23:23:40Z,kcollignon,489403,https://avatars2.githubusercontent.com/u/489403?v=3
puma,puma,667,[ci skip] Fix an extra space in a sentence in gemspec description.,2015-03-12T16:28:02Z,2015-03-12T16:28:02Z,JuanitoFatas,1000669,https://avatars2.githubusercontent.com/u/1000669?v=3
puma,puma,664,"Add `on_worker_fork` hook, which allows to mimic Unicorn's behavior",2015-03-09T06:12:09Z,2015-03-09T06:12:09Z,fxposter,109216,https://avatars1.githubusercontent.com/u/109216?v=3
puma,puma,663,Add automatically generated change log file.,2015-03-09T06:10:40Z,,skywinder,3356474,https://avatars1.githubusercontent.com/u/3356474?v=3
puma,puma,662,Proper 'Connection' header handling compatible with HTTP/1.0 and HTTP/1.1,2015-03-06T15:22:52Z,2015-03-06T15:22:52Z,iaintshine,1944347,https://avatars3.githubusercontent.com/u/1944347?v=3
puma,puma,658,Update default of NEWRELIC_DISPACHER for New Relic,2015-02-23T17:30:24Z,2015-02-23T17:30:24Z,Tomohiro,54254,https://avatars2.githubusercontent.com/u/54254?v=3
puma,puma,657,Ignore multiple duplicate port declarations,2015-02-19T23:48:12Z,2015-02-19T23:48:12Z,schneems,59744,https://avatars1.githubusercontent.com/u/59744?v=3
puma,puma,646,remove smart quotes from sample config file,2015-02-05T21:21:34Z,2015-02-05T21:21:34Z,mkonecny,813453,https://avatars0.githubusercontent.com/u/813453?v=3
puma,puma,644,Avoid crash in strange restart conditions,2015-01-29T21:29:57Z,2015-01-29T21:29:57Z,bpaquet,337117,https://avatars2.githubusercontent.com/u/337117?v=3
puma,puma,640,Add a configuration option that prevents puma from queueing requests.,2015-01-20T17:31:54Z,2015-01-20T17:31:54Z,bailsman,932518,https://avatars1.githubusercontent.com/u/932518?v=3
puma,puma,639,Fix phased restart with worker shutdown timeout,2015-01-20T17:36:03Z,2015-01-20T17:36:03Z,ebeigarts,8155,https://avatars0.githubusercontent.com/u/8155?v=3
puma,puma,637,Update config.rb with on_worker_shutdown.,2015-01-20T17:37:37Z,2015-01-20T17:37:37Z,raskhadafi,27907,https://avatars1.githubusercontent.com/u/27907?v=3
puma,puma,634,Use the latest ruby 2.2 on travis,2015-01-20T17:37:47Z,2015-01-20T17:37:47Z,deepj,33736,https://avatars3.githubusercontent.com/u/33736?v=3
puma,puma,628,Update extconf.rb to compile correctly on OS X,2015-01-20T17:39:29Z,2015-01-20T17:39:29Z,rdpoor,1796161,https://avatars0.githubusercontent.com/u/1796161?v=3
puma,puma,623,Don't write lowlevel_error_handler to state,2015-01-20T17:39:39Z,2015-01-20T17:39:39Z,raldred,37096,https://avatars1.githubusercontent.com/u/37096?v=3
puma,puma,616,Mongrel::HttpServer hack no longer needed,2014-12-10T07:16:39Z,2014-12-10T07:16:39Z,jc00ke,18191,https://avatars3.githubusercontent.com/u/18191?v=3
puma,puma,611,Update lowlevel error message to be more meaningful.,2015-01-20T17:40:13Z,2015-01-20T17:40:13Z,jasonl,118146,https://avatars2.githubusercontent.com/u/118146?v=3
puma,puma,610,Add the ability to pass environment variables to the init script (for Ju...,2014-11-27T16:45:39Z,2014-11-27T16:45:39Z,kwilczynski,250723,https://avatars3.githubusercontent.com/u/250723?v=3
puma,puma,608,Allow binding to ipv6 addresses for ssl URIs,2014-11-24T02:28:22Z,2014-11-24T02:28:22Z,Gu1,3279994,https://avatars1.githubusercontent.com/u/3279994?v=3
puma,puma,605,wrapper to fix minissl read non SSL stream on java,2015-08-14T23:23:05Z,,wendelllam,8306930,https://avatars0.githubusercontent.com/u/8306930?v=3
puma,puma,602,fix typo in README.md,2014-11-24T02:29:03Z,2014-11-24T02:29:03Z,1334,884521,https://avatars2.githubusercontent.com/u/884521?v=3
puma,puma,601,Change umask examples to more permissive values,2014-11-24T02:29:19Z,2014-11-24T02:29:19Z,sorentwo,270831,https://avatars1.githubusercontent.com/u/270831?v=3
puma,puma,596,fixed some typos,2014-11-01T23:58:35Z,2014-11-01T23:58:35Z,burningTyger,263378,https://avatars0.githubusercontent.com/u/263378?v=3
puma,puma,594,Clean out a threads local data before doing work,2014-10-31T01:11:14Z,2014-10-31T01:11:14Z,hassox,104,https://avatars3.githubusercontent.com/u/104?v=3
puma,puma,593,Fix 2.9.2 release date in History.txt,2014-10-30T16:03:32Z,2014-10-30T16:03:32Z,andruby,10639,https://avatars3.githubusercontent.com/u/10639?v=3
puma,puma,590,JRuby SSL POODLE update,2014-10-16T16:04:01Z,2014-10-16T16:04:01Z,dmarcotte,711001,https://avatars0.githubusercontent.com/u/711001?v=3
puma,puma,587,Add feature to read config from STDIN,2015-08-14T23:22:55Z,,ppsshh,4021140,https://avatars0.githubusercontent.com/u/4021140?v=3
puma,puma,581,better error logging during startup,2014-10-16T16:05:45Z,2014-10-16T16:05:45Z,alexch,8524,https://avatars3.githubusercontent.com/u/8524?v=3
puma,puma,578,fixing sexist error messages,2014-10-16T16:05:55Z,2014-10-16T16:05:55Z,danielbuechele,685740,https://avatars3.githubusercontent.com/u/685740?v=3
puma,puma,570,Fix thread spawning edge case.,2014-08-20T15:11:46Z,2014-08-20T15:11:46Z,havenwood,378214,https://avatars3.githubusercontent.com/u/378214?v=3
puma,puma,568,Update README.md,2014-10-16T16:06:05Z,2014-10-16T16:06:05Z,mariuz,18359,https://avatars0.githubusercontent.com/u/18359?v=3
puma,puma,566,Added on_worker_shutdown mechanism,2014-11-24T03:39:27Z,2014-11-24T03:39:27Z,sheltond,47665,https://avatars3.githubusercontent.com/u/47665?v=3
puma,puma,561,Implement SIGHUP for logs reopening,2014-08-04T16:13:53Z,2014-08-04T16:13:53Z,krasnoukhov,944286,https://avatars0.githubusercontent.com/u/944286?v=3
puma,puma,560,First change the directory to use the correct Gemfile.,2014-11-24T03:38:27Z,2014-11-24T03:38:27Z,raskhadafi,27907,https://avatars1.githubusercontent.com/u/27907?v=3
puma,puma,553,"Instead of hardcoding dependencies, detect and use what is found",2014-10-16T16:07:03Z,2014-10-16T16:07:03Z,lowjoel,2505070,https://avatars1.githubusercontent.com/u/2505070?v=3
puma,puma,551,Fix typo in DEPLOYMENT.md,2014-07-02T17:59:29Z,2014-07-02T17:59:29Z,jcxplorer,42855,https://avatars0.githubusercontent.com/u/42855?v=3
puma,puma,549,Log the current time when Puma shuts down.,2014-10-16T16:07:42Z,2014-10-16T16:07:42Z,bsnape,1121863,https://avatars0.githubusercontent.com/u/1121863?v=3
puma,puma,544,BSD-3-Clause over BSD to avoid confusion,2014-06-03T00:59:35Z,2014-06-03T00:59:35Z,chulkilee,69235,https://avatars3.githubusercontent.com/u/69235?v=3
puma,puma,543,changed pumactl restart for phased-restart in the init script,2015-01-20T17:42:59Z,,dcrec1,13742,https://avatars1.githubusercontent.com/u/13742?v=3
puma,puma,540,Typo BUNDLER_GEMFILE -> BUNDLE_GEMFILE,2014-05-27T16:16:30Z,2014-05-27T16:16:30Z,allaire,304461,https://avatars3.githubusercontent.com/u/304461?v=3
puma,puma,538,Strongish cipher suite with FS support for some browsers,2014-11-24T03:47:36Z,2014-11-24T03:47:36Z,memiux,37290,https://avatars0.githubusercontent.com/u/37290?v=3
puma,puma,537,pumactl - do not modify original ARGV,2014-06-16T16:25:03Z,2014-06-16T16:25:03Z,vlmonk,6134,https://avatars3.githubusercontent.com/u/6134?v=3
puma,puma,530,SSL support for JRuby,2014-06-16T16:24:50Z,2014-06-16T16:24:50Z,dmarcotte,711001,https://avatars0.githubusercontent.com/u/711001?v=3
puma,puma,520,Deploy doc: clarification of the GIL,2014-06-16T16:23:55Z,2014-06-16T16:23:55Z,misfo,40791,https://avatars3.githubusercontent.com/u/40791?v=3
puma,puma,518,fallback from phased restart to start when not started,2014-04-12T20:08:03Z,2014-04-12T20:08:03Z,LongMan,22303,https://avatars3.githubusercontent.com/u/22303?v=3
puma,puma,517,Fix Puma daemon service README typo,2014-04-12T20:02:37Z,2014-04-12T20:02:37Z,misfo,40791,https://avatars3.githubusercontent.com/u/40791?v=3
puma,puma,514,Refactor env check to its own method.,2014-04-12T20:03:08Z,2014-04-12T20:03:08Z,nanaya,276295,https://avatars2.githubusercontent.com/u/276295?v=3
puma,puma,513,Set rack_env early enough.,2014-04-08T08:42:44Z,,nanaya,276295,https://avatars2.githubusercontent.com/u/276295?v=3
puma,puma,511,`preload_app!` instead of `preload_app`,2014-04-12T20:03:18Z,2014-04-12T20:03:18Z,macool,1407000,https://avatars3.githubusercontent.com/u/1407000?v=3
puma,puma,510,"Somewhere along the way, the variable which held the new Client object i...",2014-04-12T20:03:29Z,2014-04-12T20:03:29Z,momer,1387974,https://avatars1.githubusercontent.com/u/1387974?v=3
puma,puma,508,Fix Clang support by deleting -multiply-definedsuppress flag from DLDFLAGS,2014-03-26T16:04:46Z,,yegortimoshenko,1643293,https://avatars1.githubusercontent.com/u/1643293?v=3
puma,puma,507,Change #rubyforge_name to #group_name,2014-06-16T16:23:29Z,,yegortimoshenko,1643293,https://avatars1.githubusercontent.com/u/1643293?v=3
puma,puma,506,allow changing of worker_timeout in config file,2014-04-12T20:04:46Z,2014-04-12T20:04:46Z,dsander,20943,https://avatars2.githubusercontent.com/u/20943?v=3
puma,puma,505,Update README.md,2014-04-12T20:06:05Z,2014-04-12T20:06:05Z,sammcj,862951,https://avatars3.githubusercontent.com/u/862951?v=3
puma,puma,503,Update README.md,2014-04-12T20:06:23Z,2014-04-12T20:06:23Z,mariuz,18359,https://avatars0.githubusercontent.com/u/18359?v=3
puma,puma,495,make phased_restart a question (boolean),2014-03-07T15:54:19Z,,catsby,61721,https://avatars0.githubusercontent.com/u/61721?v=3
puma,puma,494,Swap `and` for `&&` in cli.rb,2014-03-07T18:36:05Z,,catsby,61721,https://avatars0.githubusercontent.com/u/61721?v=3
puma,puma,493,allow tag option in conf file,2014-03-07T18:36:27Z,2014-03-07T18:36:27Z,alepore,557414,https://avatars0.githubusercontent.com/u/557414?v=3
puma,puma,492,fix typo in config file,2014-03-06T22:18:48Z,2014-03-06T22:18:48Z,ckuttruff,253577,https://avatars2.githubusercontent.com/u/253577?v=3
puma,puma,491,Describe config file finding behavior in 2.8.0 and how to disable it,2014-03-06T01:10:45Z,2014-03-06T01:10:44Z,brianknight10,776994,https://avatars0.githubusercontent.com/u/776994?v=3
puma,puma,490,Freeze a few more string constants,2014-03-06T01:11:10Z,2014-03-06T01:11:10Z,tobinibot,879,https://avatars1.githubusercontent.com/u/879?v=3
puma,puma,487,Add preload_app and prune_bundler to example config,2014-03-06T22:12:16Z,2014-03-06T22:12:16Z,ckuttruff,253577,https://avatars2.githubusercontent.com/u/253577?v=3
puma,puma,486,Minor copy edits in DEPLOYMENT.md,2014-03-02T07:07:20Z,2014-03-02T07:07:20Z,joshwlewis,917672,https://avatars2.githubusercontent.com/u/917672?v=3
puma,puma,485,Test against Ruby 2.1.1 on Travis,2014-03-01T00:13:29Z,2014-03-01T00:13:29Z,joneslee85,135605,https://avatars1.githubusercontent.com/u/135605?v=3
puma,puma,483,"Added ""after worker boot"" hook",2014-02-26T17:55:56Z,2014-02-26T17:55:56Z,maxilev,1218346,https://avatars0.githubusercontent.com/u/1218346?v=3
puma,puma,482,Minor cleanup of signals.md [ci skip],2014-02-26T18:00:10Z,2014-02-26T18:00:10Z,prathamesh-sonpatki,621238,https://avatars1.githubusercontent.com/u/621238?v=3
puma,puma,481,Create signals.md,2014-02-25T19:15:16Z,2014-02-25T19:15:16Z,schneems,59744,https://avatars1.githubusercontent.com/u/59744?v=3
puma,puma,480,readme notes on running test suite,2014-02-26T18:02:20Z,2014-02-26T18:02:20Z,jjb,6097,https://avatars1.githubusercontent.com/u/6097?v=3
puma,puma,478,Add reload_worker_directory to pumactl,2015-01-20T17:44:53Z,2015-01-20T17:44:53Z,rubencaro,472823,https://avatars2.githubusercontent.com/u/472823?v=3
puma,puma,477,dump exception stack trace to STDOUT in production,2014-07-13T01:52:41Z,,jjb,6097,https://avatars1.githubusercontent.com/u/6097?v=3
puma,puma,473,Freeze ERROR_400_RESPONSE const,2014-07-13T01:26:55Z,,dariocravero,376268,https://avatars0.githubusercontent.com/u/376268?v=3
puma,puma,472,React when a worker does not load on a `phased_restart`,2014-02-21T17:07:16Z,2014-02-21T17:07:16Z,rubencaro,472823,https://avatars2.githubusercontent.com/u/472823?v=3
puma,puma,471,Fix require testhelp,2014-02-28T22:51:11Z,2014-02-28T22:51:11Z,arthurnn,833383,https://avatars2.githubusercontent.com/u/833383?v=3
puma,puma,470,Add config to customize the default error message,2014-02-28T21:16:11Z,2014-02-28T21:16:11Z,arthurnn,833383,https://avatars2.githubusercontent.com/u/833383?v=3
puma,puma,469,"During upgrade, change directory in main process instead of workers.",2014-04-13T09:47:37Z,,maljub01,350635,https://avatars0.githubusercontent.com/u/350635?v=3
puma,puma,467,Remove non-functioning workers,2014-02-28T17:57:51Z,,schneems,59744,https://avatars1.githubusercontent.com/u/59744?v=3
puma,puma,453,Fix speling in README.md,2014-02-28T21:16:31Z,2014-02-28T21:16:31Z,joevandyk,1179,https://avatars1.githubusercontent.com/u/1179?v=3
puma,puma,451,Add status 408 for when server times out waiting for body content.,2014-02-04T16:17:29Z,2014-02-04T16:17:29Z,pwiebe,1395747,https://avatars0.githubusercontent.com/u/1395747?v=3
puma,puma,446,Assure worker index is always within 0...@options[:workers],2014-01-27T17:00:39Z,2014-01-27T17:00:39Z,sudara,472,https://avatars0.githubusercontent.com/u/472?v=3
puma,puma,441,little cleanup,2014-02-19T18:02:59Z,,shaiguitar,3294,https://avatars0.githubusercontent.com/u/3294?v=3
puma,puma,437,Add rbenv shims to PATH in upstart conf file,2014-01-25T20:29:12Z,2014-01-25T20:29:12Z,ibrahima,47774,https://avatars2.githubusercontent.com/u/47774?v=3
puma,puma,433,add pretty process name,2014-02-28T21:17:01Z,2014-02-28T21:17:01Z,alepore,557414,https://avatars0.githubusercontent.com/u/557414?v=3
puma,puma,432,Add license to gemspec,2014-01-25T20:50:32Z,,anatol,7032,https://avatars1.githubusercontent.com/u/7032?v=3
puma,puma,431,Add Code Climate badge to README,2014-01-25T20:29:51Z,2014-01-25T20:29:51Z,mrb,2878,https://avatars1.githubusercontent.com/u/2878?v=3
puma,puma,429,Revert from 01cb454578.,2013-12-16T17:04:58Z,2013-12-16T17:04:58Z,namusyaka,309329,https://avatars3.githubusercontent.com/u/309329?v=3
puma,puma,428,add capistrano options puma_default_hooks with compatibility,2014-01-25T20:30:30Z,2014-01-25T20:30:30Z,alexeyfrank,1286315,https://avatars2.githubusercontent.com/u/1286315?v=3
puma,puma,421,"Remove old, outdated, TODO list",2013-12-04T05:10:49Z,2013-12-04T05:10:49Z,stevenharman,48658,https://avatars0.githubusercontent.com/u/48658?v=3
puma,puma,419,Change position of `cd` so that rvm gemset is loaded,2013-12-04T00:36:56Z,2013-12-04T00:36:56Z,daniel-g,299077,https://avatars1.githubusercontent.com/u/299077?v=3
puma,puma,417,Fix for issue #350,2013-11-30T06:01:02Z,2013-11-30T06:01:01Z,cjfuller,812847,https://avatars3.githubusercontent.com/u/812847?v=3
puma,puma,408,Increase the max URI path length to 2048 from 1024,2013-12-04T00:37:08Z,2013-12-04T00:37:08Z,priyankc,143370,https://avatars0.githubusercontent.com/u/143370?v=3
puma,puma,399,Adding TTIN and TTOU to increment/decrement workers,2013-10-31T17:12:47Z,2013-10-31T17:12:47Z,softr8,127449,https://avatars1.githubusercontent.com/u/127449?v=3
puma,puma,398,Reactor loop fixes,2013-11-05T05:16:24Z,2013-11-05T05:16:24Z,grddev,1210048,https://avatars1.githubusercontent.com/u/1210048?v=3
puma,puma,393,server.rb: use human readable names for socket options,2013-10-22T22:04:17Z,,kyrylo,1079123,https://avatars1.githubusercontent.com/u/1079123?v=3
puma,puma,390,Fix compatibility with 1.8.7,2013-10-22T18:37:42Z,2013-10-22T18:37:42Z,namusyaka,309329,https://avatars3.githubusercontent.com/u/309329?v=3
puma,puma,387,explain that --preload is necessary to take advantage of CoW,2013-10-21T05:36:41Z,2013-10-21T05:36:41Z,jjb,6097,https://avatars1.githubusercontent.com/u/6097?v=3
puma,puma,384,Clarify some platform specifics,2013-10-21T05:35:45Z,2013-10-21T05:35:45Z,catsby,61721,https://avatars0.githubusercontent.com/u/61721?v=3
puma,puma,379,"Fix String#byteslice for Ruby 1.9.1, 1.9.2",2013-10-21T16:10:35Z,2013-10-21T16:10:35Z,shigi,1498130,https://avatars2.githubusercontent.com/u/1498130?v=3
puma,puma,378,Add capistrano restart error handling and try to start.,2013-10-21T05:33:05Z,2013-10-21T05:33:05Z,gekola,751019,https://avatars0.githubusercontent.com/u/751019?v=3
puma,puma,376,"Merge stop, restart and phased_restart  tasks",2015-01-20T17:45:24Z,,div,168331,https://avatars2.githubusercontent.com/u/168331?v=3
puma,puma,373,Update cli.rb,2013-10-21T05:31:46Z,2013-10-21T05:31:46Z,mdarby,2805,https://avatars0.githubusercontent.com/u/2805?v=3
puma,puma,372,Upstart jungle use config/puma.rb instead,2013-10-21T05:31:21Z,2013-10-21T05:31:21Z,lukethenuke,3072358,https://avatars2.githubusercontent.com/u/3072358?v=3
puma,puma,369,"Handle BrokenPipe, StandardError and IOError in fat_wrote and break out",2013-09-11T17:50:15Z,2013-09-11T17:50:15Z,nmccready,583593,https://avatars0.githubusercontent.com/u/583593?v=3
puma,puma,363,Define RSTRING_NOT_MODIFIED for Rubinius performance,2013-09-09T16:57:19Z,2013-09-09T16:57:19Z,dbussink,7851,https://avatars3.githubusercontent.com/u/7851?v=3
puma,puma,362,Convince workers to stop by SIGKILL after timeout,2013-09-09T16:58:00Z,2013-09-09T16:58:00Z,krasnoukhov,944286,https://avatars0.githubusercontent.com/u/944286?v=3
puma,puma,357,Return success status on daemonizing to the invoking environment,2013-08-21T17:36:56Z,2013-08-21T17:36:56Z,yabawock,203423,https://avatars2.githubusercontent.com/u/203423?v=3
puma,puma,355,Make NullIO respond to nil?,2013-08-21T23:49:47Z,,tume,1030918,https://avatars2.githubusercontent.com/u/1030918?v=3
puma,puma,351,Fix issue with non-String header values.,2013-08-08T22:54:35Z,2013-08-08T22:54:35Z,RobinDaugherty,1005280,https://avatars0.githubusercontent.com/u/1005280?v=3
puma,puma,349,Correctly report phased-restart availability and log when phased-restart is not available.,2013-08-08T22:53:34Z,2013-08-08T22:53:34Z,mjc,1977,https://avatars3.githubusercontent.com/u/1977?v=3
puma,puma,348,Upstart autodetect ruby managers,2013-08-08T22:53:09Z,2013-08-08T22:53:09Z,mjc,1977,https://avatars3.githubusercontent.com/u/1977?v=3
puma,puma,347,Fix typo in phased-restart response,2013-08-08T22:52:56Z,2013-08-08T22:52:56Z,mjc,1977,https://avatars3.githubusercontent.com/u/1977?v=3
puma,puma,346,pumactl restart will start if not already running,2013-08-08T22:58:04Z,2013-08-08T22:58:04Z,tjmcewan,107308,https://avatars3.githubusercontent.com/u/107308?v=3
puma,puma,345,Use integers when comparing thread counts,2013-08-08T22:52:41Z,2013-08-08T22:52:41Z,jc00ke,18191,https://avatars3.githubusercontent.com/u/18191?v=3
puma,puma,340,phased-restart now an option for pumactl,2013-08-08T23:05:31Z,,karlfreeman,139095,https://avatars0.githubusercontent.com/u/139095?v=3
puma,puma,339,Use Puma::Const::PUMA_VERSION in gemspec,2013-08-08T22:52:06Z,2013-08-08T22:52:06Z,czarneckid,72727,https://avatars0.githubusercontent.com/u/72727?v=3
puma,puma,338,Add before_boot hook for Clustered mode,2014-01-25T22:55:48Z,,catsby,61721,https://avatars0.githubusercontent.com/u/61721?v=3
puma,puma,336,"Allow configuring pumactl with config.rb, closes #331",2013-08-08T23:10:33Z,2013-08-08T23:10:33Z,ujifgc,108798,https://avatars0.githubusercontent.com/u/108798?v=3
puma,puma,328,Capistrano. Add phased_restart and accept config file per stage. Phase phased_restart by default after deploy:restart,2013-09-09T18:16:34Z,,bugaiov,32787,https://avatars2.githubusercontent.com/u/32787?v=3
puma,puma,327,Convert thread pool sizes to integers,2013-07-18T23:54:24Z,2013-07-18T23:54:24Z,lmarburger,23582,https://avatars2.githubusercontent.com/u/23582?v=3
puma,puma,326,Fix --port help text,2013-07-17T08:34:21Z,,chrismytton,22996,https://avatars1.githubusercontent.com/u/22996?v=3
puma,puma,325,Add port to DSL,2013-07-16T20:48:06Z,2013-07-16T20:48:06Z,lmarburger,23582,https://avatars2.githubusercontent.com/u/23582?v=3
puma,puma,324,CLI help typo,2013-07-18T23:53:52Z,2013-07-18T23:53:52Z,lmarburger,23582,https://avatars2.githubusercontent.com/u/23582?v=3
puma,puma,323,Small README changes,2013-07-18T23:53:40Z,2013-07-18T23:53:40Z,lmarburger,23582,https://avatars2.githubusercontent.com/u/23582?v=3
puma,puma,316,Fix Typo In Readme,2013-07-11T18:36:35Z,2013-07-11T18:36:35Z,jcbantuelle,1465895,https://avatars3.githubusercontent.com/u/1465895?v=3
puma,puma,315,Adds support for using puma config file in capistrano deploys.,2013-07-09T19:27:59Z,2013-07-09T19:27:59Z,jakubpawlowicz,24273,https://avatars0.githubusercontent.com/u/24273?v=3
puma,puma,314,Capistrano. Add phased_restart.,2013-09-09T18:15:55Z,2013-09-09T18:15:55Z,Juanmcuello,112913,https://avatars2.githubusercontent.com/u/112913?v=3
puma,puma,311,Move on_worker_boot paragraph in clustered mode.,2013-07-09T06:05:16Z,2013-07-09T06:05:16Z,Juanmcuello,112913,https://avatars2.githubusercontent.com/u/112913?v=3
puma,puma,305,Don't crash when given a non-standard HTTP code,2013-07-06T04:26:37Z,2013-07-06T04:26:37Z,darkhelmet,36123,https://avatars0.githubusercontent.com/u/36123?v=3
puma,puma,302,"Standardize ""block"" usage",2013-07-03T22:53:06Z,2013-07-03T22:53:06Z,catsby,61721,https://avatars0.githubusercontent.com/u/61721?v=3
puma,puma,301,Document preload options,2013-07-03T22:52:45Z,2013-07-03T22:52:45Z,catsby,61721,https://avatars0.githubusercontent.com/u/61721?v=3
puma,puma,299,Don't allow CRuby 2.0.0 to fail on Travis,2013-07-02T15:50:53Z,2013-07-02T15:50:53Z,jc00ke,18191,https://avatars3.githubusercontent.com/u/18191?v=3
puma,puma,298,Introduce --preload,2013-07-02T15:50:43Z,2013-07-02T15:50:43Z,jc00ke,18191,https://avatars3.githubusercontent.com/u/18191?v=3
puma,puma,297,Add hoe-git,2013-07-02T15:50:28Z,2013-07-02T15:50:28Z,jc00ke,18191,https://avatars3.githubusercontent.com/u/18191?v=3
puma,puma,291,Update README.md,2013-07-01T23:21:11Z,2013-07-01T23:21:11Z,TrevorBramble,92880,https://avatars1.githubusercontent.com/u/92880?v=3
puma,puma,290,Readme typo,2013-07-01T23:21:00Z,2013-07-01T23:21:00Z,perplexes,13812,https://avatars3.githubusercontent.com/u/13812?v=3
puma,puma,282,Allow listening socket to be configured via Capistrano variable,2013-06-18T05:49:45Z,2013-06-18T05:49:45Z,bai,17348,https://avatars1.githubusercontent.com/u/17348?v=3
puma,puma,280,Loading the rackup file before binding to the port.,2013-07-02T00:55:35Z,,tevanoff,525124,https://avatars1.githubusercontent.com/u/525124?v=3
puma,puma,279,Output results from 'stat's command when using pumactl,2013-06-14T16:09:58Z,2013-06-14T16:09:58Z,ehlertij,174227,https://avatars3.githubusercontent.com/u/174227?v=3
puma,puma,272,Fixed some typos in upstart scripts,2013-06-05T19:41:46Z,2013-06-05T19:41:46Z,allspiritseve,161156,https://avatars1.githubusercontent.com/u/161156?v=3
puma,puma,271,app_configured? check should fall back to default rackup file,2013-06-03T20:09:35Z,2013-06-03T20:09:35Z,Arie,44515,https://avatars1.githubusercontent.com/u/44515?v=3
puma,puma,269,It is 2013 [ci skip],2013-05-31T16:43:27Z,2013-05-31T16:43:27Z,joneslee85,135605,https://avatars1.githubusercontent.com/u/135605?v=3
puma,puma,267,Fix an error in puma-manager.conf,2013-05-31T16:43:46Z,2013-05-31T16:43:46Z,baruchlubinsky,1379150,https://avatars2.githubusercontent.com/u/1379150?v=3
puma,puma,259,fix: stop leaking sockets on restart (affects ruby 1.9.3 or before),2013-05-31T16:44:37Z,2013-05-31T16:44:37Z,sugitak,4220133,https://avatars3.githubusercontent.com/u/4220133?v=3
puma,puma,254,Starting point for documenting Clustered mode,2013-06-13T23:19:46Z,2013-06-13T23:19:46Z,catsby,61721,https://avatars0.githubusercontent.com/u/61721?v=3
puma,puma,250,Make sure to use bytesize instead of size (MiniSSL write),2013-05-06T21:33:58Z,2013-05-06T21:33:58Z,cure,149135,https://avatars3.githubusercontent.com/u/149135?v=3
puma,puma,248,fix example config file typo of environment,2013-05-03T14:53:15Z,2013-05-03T14:53:15Z,niedhui,66329,https://avatars3.githubusercontent.com/u/66329?v=3
puma,puma,247,Shorten the gemspec description,2013-05-31T16:47:52Z,2013-05-31T16:47:52Z,catsby,61721,https://avatars0.githubusercontent.com/u/61721?v=3
puma,puma,245,History.txt -> CHANGELOG.md. Reformatted changelog.,2013-05-08T21:28:54Z,,kugaevsky,125203,https://avatars1.githubusercontent.com/u/125203?v=3
puma,puma,244,Fix running puma under jruby,2013-05-03T14:55:10Z,,randaalex,548306,https://avatars0.githubusercontent.com/u/548306?v=3
puma,puma,243,Edit rackup start command on readme.md to rackup -s Puma.,2013-04-28T19:13:55Z,2013-04-28T19:13:55Z,hendrauzia,546587,https://avatars1.githubusercontent.com/u/546587?v=3
puma,puma,240,Fix stdout/stderr logs to sync outputs,2013-04-29T22:56:08Z,2013-04-29T22:56:08Z,sugitak,4220133,https://avatars3.githubusercontent.com/u/4220133?v=3
puma,puma,237,Make cap recipe handle tmp/sockets; fixes #228,2013-04-29T22:57:51Z,2013-04-29T22:57:51Z,andrewdsmith,171122,https://avatars2.githubusercontent.com/u/171122?v=3
puma,puma,231,Socket activation,2013-05-31T16:52:12Z,2013-05-31T16:52:12Z,urbaniak,25346,https://avatars0.githubusercontent.com/u/25346?v=3
puma,puma,229,Cache all javascript files with max expiry too,2013-04-29T22:56:53Z,2013-04-29T22:56:53Z,josephers,773203,https://avatars2.githubusercontent.com/u/773203?v=3
puma,puma,227,Testing against ruby 2.0,2013-04-29T22:57:07Z,2013-04-29T22:57:07Z,joneslee85,135605,https://avatars1.githubusercontent.com/u/135605?v=3
puma,puma,226,allow binding to IPv6 addresses,2013-04-29T22:57:40Z,2013-04-29T22:57:40Z,ytti,200527,https://avatars1.githubusercontent.com/u/200527?v=3
puma,puma,225,"Minor doc fixes in the README.md, Capistrano section",2013-03-24T14:08:50Z,2013-03-24T14:08:50Z,petergoldstein,421488,https://avatars1.githubusercontent.com/u/421488?v=3
puma,puma,222,Fix for the capistrano recipe,2013-03-19T15:12:12Z,2013-03-19T15:12:12Z,soylent,1593860,https://avatars2.githubusercontent.com/u/1593860?v=3
puma,puma,221,"Bump to v2.0.0.b7, remove non existing files",2013-03-19T15:15:28Z,,afeistenauer,2463478,https://avatars0.githubusercontent.com/u/2463478?v=3
puma,puma,220,Prevent Bad file descriptor (Errno::EBADF) Errors on restart when running ruby 2.0 ,2013-03-18T22:45:45Z,2013-03-18T22:45:45Z,lsylvester,191128,https://avatars1.githubusercontent.com/u/191128?v=3
puma,puma,219,add capistrano note into README,2013-03-18T22:40:41Z,2013-03-18T22:40:41Z,joneslee85,135605,https://avatars1.githubusercontent.com/u/135605?v=3
puma,puma,218,Refactor capistrano,2013-03-18T22:39:24Z,2013-03-18T22:39:24Z,joneslee85,135605,https://avatars1.githubusercontent.com/u/135605?v=3
puma,puma,217,Refactor capistrano,2013-03-16T06:07:58Z,,joneslee85,135605,https://avatars1.githubusercontent.com/u/135605?v=3
puma,puma,216,Refactor capistrano,2013-03-16T06:03:21Z,,joneslee85,135605,https://avatars1.githubusercontent.com/u/135605?v=3
puma,puma,215,Refactor capistrano,2013-03-16T06:00:24Z,,joneslee85,135605,https://avatars1.githubusercontent.com/u/135605?v=3
puma,puma,214,Retry EAGAIN/EWOULDBLOCK during syswrite,2013-03-18T22:39:46Z,2013-03-18T22:39:46Z,nixme,4344,https://avatars3.githubusercontent.com/u/4344?v=3
puma,puma,212,Upstart support,2013-03-18T22:40:28Z,2013-03-18T22:40:28Z,dariocravero,376268,https://avatars0.githubusercontent.com/u/376268?v=3
puma,puma,211,Set Rack run_once to false,2013-03-18T22:39:56Z,2013-03-18T22:39:56Z,kazjote,14325,https://avatars2.githubusercontent.com/u/14325?v=3
puma,puma,205,Add documentation for puma config file.,2013-03-18T22:41:55Z,,mkempe,74870,https://avatars1.githubusercontent.com/u/74870?v=3
puma,puma,203,fix daemonize,2013-03-18T22:43:50Z,2013-03-18T22:43:50Z,EvilFaeton,459430,https://avatars3.githubusercontent.com/u/459430?v=3
puma,puma,200,Respect the header HTTP_X_FORWARDED_PROTO.,2013-03-18T22:45:29Z,2013-03-18T22:45:29Z,calavera,1050,https://avatars3.githubusercontent.com/u/1050?v=3
puma,puma,194,Default Rack handler helper,2013-03-18T22:44:59Z,2013-03-18T22:44:58Z,nevir,41373,https://avatars2.githubusercontent.com/u/41373?v=3
puma,puma,191,set worker directory from configuration file,2013-02-08T21:40:28Z,2013-02-08T21:40:28Z,EvilFaeton,459430,https://avatars3.githubusercontent.com/u/459430?v=3
puma,puma,188,prevent crash when all workers are gone,2013-02-07T21:40:57Z,2013-02-07T21:40:57Z,Wijnand,13265,https://avatars1.githubusercontent.com/u/13265?v=3
puma,puma,186,Spelling error in log,2013-02-06T17:57:18Z,2013-02-06T17:57:18Z,bensie,4595,https://avatars3.githubusercontent.com/u/4595?v=3
puma,puma,175,Add Capistrano deploy note,2013-03-18T22:44:44Z,,huacnlee,5518,https://avatars1.githubusercontent.com/u/5518?v=3
puma,puma,174,Correctly specify JRuby on Travis,2012-12-13T18:08:03Z,2012-12-13T18:08:03Z,jc00ke,18191,https://avatars3.githubusercontent.com/u/18191?v=3
puma,puma,172,Fix for: MiniSSL::Context and invalid SSL file paths,2012-12-13T05:37:58Z,2012-12-13T05:37:58Z,rubiii,71851,https://avatars2.githubusercontent.com/u/71851?v=3
puma,puma,169,Specify rbx modes for Travis,2012-12-13T05:38:58Z,,jc00ke,18191,https://avatars3.githubusercontent.com/u/18191?v=3
puma,puma,163,Update travis.yml to use the proper rbx build names,2012-12-13T05:38:45Z,2012-12-13T05:38:45Z,frodsan,840464,https://avatars2.githubusercontent.com/u/840464?v=3
puma,puma,162,"update Manifest.txt, Fixes #161 ",2012-11-22T20:55:25Z,,jinzhu,6843,https://avatars0.githubusercontent.com/u/6843?v=3
puma,puma,159,Get puma env from rack_env or rails_env in capistrano recipe,2012-10-20T02:28:55Z,2012-10-20T02:28:55Z,jinzhu,6843,https://avatars0.githubusercontent.com/u/6843?v=3
puma,puma,158,gem build doesn't depend on Gemfile.lock,2012-10-19T21:39:49Z,2012-10-19T21:39:49Z,ktheory,975,https://avatars0.githubusercontent.com/u/975?v=3
puma,puma,157,capistrano recipe,2012-10-19T23:07:34Z,2012-10-19T23:07:34Z,plentz,4867,https://avatars2.githubusercontent.com/u/4867?v=3
puma,puma,153,Allow for alternate locations in status app,2012-10-13T06:17:28Z,2012-10-13T06:17:28Z,kidpollo,8182,https://avatars2.githubusercontent.com/u/8182?v=3
puma,puma,151,fixed jruby_restart.rb for use with bundler,2012-10-01T00:35:56Z,,nickbarth,489965,https://avatars3.githubusercontent.com/u/489965?v=3
puma,puma,146,Added nginx config sample,2012-09-03T03:40:41Z,2012-09-03T03:40:41Z,dariocravero,376268,https://avatars0.githubusercontent.com/u/376268?v=3
puma,puma,145,improve pumactl ,2012-10-16T05:52:18Z,,jpascal,251343,https://avatars3.githubusercontent.com/u/251343?v=3
puma,puma,143,fixes and pumactl was refactored,2012-09-02T16:34:44Z,,jpascal,251343,https://avatars3.githubusercontent.com/u/251343?v=3
puma,puma,141,Move singleton method to MiniSSL.java,2012-08-24T03:14:16Z,2012-08-24T03:14:16Z,jingweno,169064,https://avatars2.githubusercontent.com/u/169064?v=3
puma,puma,133,Update README.md,2012-08-12T15:18:52Z,2012-08-12T15:18:52Z,dariocravero,376268,https://avatars0.githubusercontent.com/u/376268?v=3
puma,puma,132,updated IOBuffer impl to use native Java ByteArrayOutputStream; added test,2012-08-12T05:15:08Z,,ahamid,77031,https://avatars3.githubusercontent.com/u/77031?v=3
puma,puma,131,Init script,2012-08-12T06:04:10Z,2012-08-12T06:04:10Z,dariocravero,376268,https://avatars0.githubusercontent.com/u/376268?v=3
puma,puma,124,Delete pidfile when the server stops ,2012-07-19T23:14:00Z,,spastorino,52642,https://avatars3.githubusercontent.com/u/52642?v=3
puma,puma,123,Cast status to Integer before comparison,2012-07-19T23:04:12Z,,jcoene,283933,https://avatars3.githubusercontent.com/u/283933?v=3
puma,puma,122,Allow compilation with -Werror=format-security option,2012-07-19T23:00:18Z,2012-07-19T23:00:18Z,tjouan,61271,https://avatars0.githubusercontent.com/u/61271?v=3
puma,puma,121,Use String#bytesize instead of String#length,2012-07-19T22:41:08Z,2012-07-19T22:41:08Z,tomykaira,789929,https://avatars3.githubusercontent.com/u/789929?v=3
puma,puma,120,Fix wrong HTTP version for a HTTP/1.0 request,2012-07-19T22:58:19Z,2012-07-19T22:58:19Z,tomykaira,789929,https://avatars3.githubusercontent.com/u/789929?v=3
puma,puma,118,Added support for setting RACK_ENV through the CLI and the config file.,2012-07-19T22:40:12Z,2012-07-19T22:40:12Z,dariocravero,376268,https://avatars0.githubusercontent.com/u/376268?v=3
puma,puma,117,Add missing localvars. Accessing localvars is faster than accessing ivars,2012-07-19T22:39:36Z,2012-07-19T22:39:35Z,spastorino,52642,https://avatars3.githubusercontent.com/u/52642?v=3
puma,puma,116,Do not execute @app.call twice in the tests,2012-07-19T22:39:05Z,2012-07-19T22:39:05Z,spastorino,52642,https://avatars3.githubusercontent.com/u/52642?v=3
puma,puma,115,Delegate cli log and error to events,2012-07-19T22:38:26Z,2012-07-19T22:38:26Z,spastorino,52642,https://avatars3.githubusercontent.com/u/52642?v=3
puma,puma,114,Remove unused code,2012-07-19T22:37:52Z,2012-07-19T22:37:52Z,spastorino,52642,https://avatars3.githubusercontent.com/u/52642?v=3
puma,puma,112,Avoid executing @app.call twice in the tests + Remove unneeded code,2012-07-04T21:15:54Z,2012-07-04T21:15:54Z,spastorino,52642,https://avatars3.githubusercontent.com/u/52642?v=3
puma,puma,111,Unobtrusively modify Server#run to optionally execute in Thread#current.,2012-07-19T23:25:29Z,,kenkeiter,68711,https://avatars1.githubusercontent.com/u/68711?v=3
puma,puma,110,Allow Server#run to be optionally executed in the current thread (enabling custom threading).,2012-06-28T00:12:52Z,,kenkeiter,68711,https://avatars1.githubusercontent.com/u/68711?v=3
puma,puma,108,Win error,2012-06-22T22:14:01Z,2012-06-22T22:14:01Z,gpad,642430,https://avatars3.githubusercontent.com/u/642430?v=3
puma,puma,106,Add RSTRING_NOT_MODIFIED for Rubinius,2012-06-22T22:04:44Z,2012-06-22T22:04:44Z,dbussink,7851,https://avatars3.githubusercontent.com/u/7851?v=3
puma,puma,105,Updated start command for rails,2012-06-10T20:29:07Z,2012-06-10T20:29:07Z,mifix,8080,https://avatars2.githubusercontent.com/u/8080?v=3
puma,puma,104,SCRIPT_NAME should be passed from env to allow mounting apps,2012-06-03T17:12:18Z,2012-06-03T17:12:18Z,pzol,145103,https://avatars2.githubusercontent.com/u/145103?v=3
puma,puma,103,Detect and handle unix:// scheme in rack handler,2012-06-01T08:22:10Z,,ender672,41417,https://avatars1.githubusercontent.com/u/41417?v=3
puma,puma,102,Add command line -d switch (daemonize).,2012-05-31T17:26:45Z,,ghost,10137,https://avatars0.githubusercontent.com/u/10137?v=3
puma,puma,101,Typo fixed.,2012-05-31T16:06:05Z,2012-05-31T16:06:05Z,Antiarchitect,50209,https://avatars2.githubusercontent.com/u/50209?v=3
puma,puma,99,Fix typo.,2012-05-18T21:09:54Z,2012-05-18T21:09:54Z,mikegehard,128210,https://avatars1.githubusercontent.com/u/128210?v=3
puma,puma,98,Write body to stream when not using a TempFile,2012-05-15T22:20:14Z,,Flink,5648,https://avatars3.githubusercontent.com/u/5648?v=3
puma,puma,97,"Remove NullIO#close, method is not used.",2012-05-13T17:24:29Z,,rkh,30442,https://avatars1.githubusercontent.com/u/30442?v=3
puma,puma,96,use #bytesize instead of #length for Content-Length header,2012-05-15T22:40:10Z,2012-05-15T22:40:10Z,rkh,30442,https://avatars1.githubusercontent.com/u/30442?v=3
puma,puma,91,Add -I option to specify $LOAD_PATH directories,2012-05-01T02:15:00Z,2012-05-01T02:15:00Z,ender672,41417,https://avatars1.githubusercontent.com/u/41417?v=3
puma,puma,90,Make NullIO#read mimic IO#read,2012-04-30T18:59:27Z,2012-04-30T18:59:27Z,dstrelau,131,https://avatars1.githubusercontent.com/u/131?v=3
puma,puma,89,Fix gemspec,2012-04-30T17:54:45Z,2012-04-30T17:54:45Z,jc00ke,18191,https://avatars3.githubusercontent.com/u/18191?v=3
puma,puma,88,Ignore Gemfile.lock,2012-04-30T17:54:15Z,2012-04-30T17:54:15Z,jc00ke,18191,https://avatars3.githubusercontent.com/u/18191?v=3
puma,puma,85,Return valid Rack responses,2012-04-29T20:41:42Z,2012-04-29T20:41:41Z,jc00ke,18191,https://avatars3.githubusercontent.com/u/18191?v=3
puma,puma,77,deamonize puma for ruby >= 1.9,2012-04-28T17:14:13Z,,mustafaturan,637021,https://avatars0.githubusercontent.com/u/637021?v=3
puma,puma,72,Use status codes from rack.,2012-04-13T21:47:12Z,2012-04-13T21:47:12Z,ender672,41417,https://avatars1.githubusercontent.com/u/41417?v=3
puma,puma,69,show error.to_s along with backtrace for low-level error,2012-04-13T21:46:19Z,2012-04-13T21:46:19Z,bporterfield,108260,https://avatars3.githubusercontent.com/u/108260?v=3
puma,puma,66,Extract two methods,2012-04-21T20:58:29Z,,paneq,65587,https://avatars1.githubusercontent.com/u/65587?v=3
puma,puma,64,More helpful fallback error message,2012-04-11T16:33:13Z,2012-04-11T16:33:13Z,seamusabshere,15787,https://avatars1.githubusercontent.com/u/15787?v=3
puma,puma,62,Use nil instead of empty strings when initializing proto env hash,2012-04-11T01:30:31Z,,seamusabshere,15787,https://avatars1.githubusercontent.com/u/15787?v=3
puma,puma,58,Fixed number of arguments in Puma::Events#unknown_error,2012-04-10T22:08:30Z,,paneq,65587,https://avatars1.githubusercontent.com/u/65587?v=3
puma,puma,55,Add Travis build and Gemnasium dependency status images to the README,2012-04-02T21:19:23Z,2012-04-02T21:19:23Z,laserlemon,34264,https://avatars2.githubusercontent.com/u/34264?v=3
puma,puma,53,Detach server process from terminal,2012-04-11T18:08:53Z,,sxua,375762,https://avatars1.githubusercontent.com/u/375762?v=3
puma,puma,47,Add interruption support to Rack Handler,2012-03-29T21:36:16Z,2012-03-29T21:36:16Z,stereobooster,179534,https://avatars1.githubusercontent.com/u/179534?v=3
puma,puma,46,Fix typo,2012-03-21T15:54:39Z,2012-03-21T15:54:39Z,jc00ke,18191,https://avatars3.githubusercontent.com/u/18191?v=3
puma,puma,43,Rack::Request.scheme should return https if running SSLServer,2012-03-02T18:22:51Z,2012-03-02T18:22:51Z,bporterfield,108260,https://avatars3.githubusercontent.com/u/108260?v=3
puma,puma,40,incorrect comment - EOF seems to always be thrown,2012-03-21T04:06:14Z,,bporterfield,108260,https://avatars3.githubusercontent.com/u/108260?v=3
puma,puma,39,Trimming in thread pool can result in requests hanging,2012-02-07T17:50:41Z,,bporterfield,108260,https://avatars3.githubusercontent.com/u/108260?v=3
puma,puma,34,More reliable loading of JRuby ext,2012-01-17T17:19:22Z,2012-01-17T17:19:22Z,headius,10135,https://avatars0.githubusercontent.com/u/10135?v=3
puma,puma,33,Build cleanup and better Windows support,2012-01-09T00:43:32Z,2012-01-09T00:43:32Z,luislavena,4182,https://avatars1.githubusercontent.com/u/4182?v=3
puma,puma,31,One more minor README change,2012-01-09T00:41:58Z,2012-01-09T00:41:58Z,kyledrake,28153,https://avatars1.githubusercontent.com/u/28153?v=3
puma,puma,30,Revise README to provide more information,2012-01-06T19:21:38Z,2012-01-06T19:21:38Z,kyledrake,28153,https://avatars1.githubusercontent.com/u/28153?v=3
puma,puma,26,"ALLOC_N uses xmalloc, so that, use xfree for free",2012-01-06T17:04:32Z,2012-01-06T17:04:32Z,funny-falcon,249427,https://avatars2.githubusercontent.com/u/249427?v=3
puma,puma,21,Support responses without entity body,2011-12-21T17:29:37Z,,rkh,30442,https://avatars1.githubusercontent.com/u/30442?v=3
puma,puma,20,Additional fixes for Java parser and ragel task,2011-11-22T22:26:02Z,2011-11-22T22:26:02Z,headius,10135,https://avatars0.githubusercontent.com/u/10135?v=3
puma,puma,19,Updates for JRuby,2011-11-22T20:32:23Z,2011-11-22T20:32:23Z,headius,10135,https://avatars0.githubusercontent.com/u/10135?v=3
puma,puma,11,Add documentation for Rails/Sinatra/Rack usage,2011-10-25T21:31:53Z,2011-10-25T21:31:53Z,rkh,30442,https://avatars1.githubusercontent.com/u/30442?v=3
puma,puma,10,Renaming,2011-10-22T00:19:32Z,2011-10-22T00:19:32Z,crigor,191,https://avatars3.githubusercontent.com/u/191?v=3
puma,puma,9,"fix gemspec and manifest, so gem actually installs",2011-10-14T16:40:38Z,2011-10-14T16:40:38Z,rkh,30442,https://avatars1.githubusercontent.com/u/30442?v=3
puma,puma,8,add Rack handler for Puma,2011-10-05T02:52:53Z,2011-10-05T02:52:53Z,rkh,30442,https://avatars1.githubusercontent.com/u/30442?v=3
puma,puma,7,Better HTTP 1.0 support,2011-10-03T21:47:56Z,,rkh,30442,https://avatars1.githubusercontent.com/u/30442?v=3
puma,puma,6,README fixups,2011-10-05T02:53:47Z,2011-10-05T02:53:47Z,tarcieri,797,https://avatars1.githubusercontent.com/u/797?v=3
